Bnb,Mean_log_gfp,SD_log_gfp,Mean_gfp,SD_gfp,Noise,PromoterEssentiality,TU_containing_EssentialGenes
b0006,0.627,0.1907094,4.6316740000000003,1.9573739999999999,-0.019883189999999999,nonessential,NA
b0007,0.3301723,0.1694088,NA,NA,NA,nonessential,NA
b0008,1.581,0.1077877,39.418559999999999,9.5650750000000002,-0.01639378,nonessential,NA
b0009,0.55,0.1953323,3.8942070000000002,1.674976,-0.01486497,nonessential,NA
b0010,1.434,0.1654523,29.224830000000001,11.729789999999999,0.017801500000000001,nonessential,NA
b0011,0.3343263,0.1728545,NA,NA,NA,nonessential,NA
b0013,0.438,0.1980034,3.0731449999999998,1.442364,0.013549240000000001,nonessential,NA
b0014,1.153,0.1244932,14.8264,4.1655720000000001,-0.024795609999999999,nonessential,NA
b0016,1.864,0.1617372,79.081159999999997,34.312570000000001,0.018494549999999998,nonessential,NA
b0019,0.637,0.2072047,4.8483280000000004,2.1862059999999999,0.0060587949999999996,nonessential,NA
b0023,2.348164,0.17284359999999999,234.03299999999999,50.935470000000002,0.02146354,nonessential,NA
b0028,0.54,0.2105504,3.925805,1.9203170000000001,0.01530749,essential,ileS-lspA-fkpB-ispH;lsp-fkpB-ispH;ribF-ileS-lspA-fkpB-ispH
b0030,0.335377,0.1695705,NA,NA,NA,nonessential,NA
b0037,0.3251443,0.1696545,NA,NA,NA,nonessential,NA
b0040,0.882,0.17517,8.2371359999999996,3.0981930000000002,-0.0052819440000000002,nonessential,NA
b0043,0.3236835,0.1686708,NA,NA,NA,nonessential,NA
b0045,0.3173621,0.1634408,NA,NA,NA,nonessential,NA
b0046,0.728,0.205344,5.9362550000000001,2.6177600000000001,0.01079074,nonessential,NA
b0048,1.586,0.1125923,39.891559999999998,10.254519999999999,-0.013078569999999999,essential,folA
b0056,0.3518903,0.1776818,NA,NA,NA,nonessential,NA
b0059,0.775,0.1677105,6.3958490000000001,2.2712289999999999,-0.03150025,nonessential,NA
b0060,0.738,0.1936255,6.0097149999999999,2.4904090000000001,-0.0029950810000000001,nonessential,NA
b0061,0.3066603,0.1626305,NA,NA,NA,nonessential,NA
b0063,2.54,0.1071896,357.46170000000001,96.112539999999996,-0.0036129370000000001,nonessential,NA
b0064,1.431,0.1507291,28.64967,10.227209999999999,0.0079757549999999993,nonessential,NA
b0065,0.507,0.1971296,3.5356779999999999,1.5692619999999999,-0.0069933549999999997,nonessential,NA
b0069,0.848,0.1662077,7.5472869999999999,2.6985130000000002,-0.021050369999999999,nonessential,NA
b0070,1.04,0.1399462,11.528740000000001,3.6131280000000001,-0.021054929999999999,nonessential,NA
b0077,0.848,0.1818345,7.6878349999999998,2.9953850000000002,-0.0021824449999999999,nonessential,NA
b0091,0.3106711,0.1629536,NA,NA,NA,essential,ftsLIO-murEF-mraY-murD-ftsW-murGC-ddlB-ftsQAZ-lpxC;mraZW-ftsLIO-murEF-mraY-murD-ftsW-murGC-ddlB-ftsQAZ-lpxC;rsmH-ftsLIO-murEF-mraY-murD-ftsW-murGC-ddlB-ftsQAZ-lpxC
b0096,2.307,0.1356159,214.1183,77.765879999999996,0.0065135369999999998,essential,ftsLIO-murEF-mraY-murD-ftsW-murGC-ddlB-ftsQAZ-lpxC;lpxC;mraZW-ftsLIO-murEF-mraY-murD-ftsW-murGC-ddlB-ftsQAZ-lpxC;rsmH-ftsLIO-murEF-mraY-murD-ftsW-murGC-ddlB-ftsQAZ-lpxC
b0097,1.6,0.1458931,42.201599999999999,15.63199,0.007962574,essential,secMA-mutT
b0098,0.3297281,0.169821,NA,NA,NA,nonessential,NA
b0099,0.314124,0.1673336,NA,NA,NA,nonessential,NA
b0101,0.724,0.2001276,5.8341430000000001,2.5680170000000002,0.0034456999999999999,nonessential,NA
b0103,1.021,0.1627407,11.211040000000001,4.0487510000000002,-0.00075345480000000003,nonessential,NA
b0104,1.271802,0.1872153,20.239429999999999,8.0711080000000006,0.032037629999999997,nonessential,NA
b0108,0.3222629,0.1675647,NA,NA,NA,nonessential,NA
b0109,0.924,0.1724276,8.9707760000000007,3.407203,-0.002751894,nonessential,NA
b0110,0.837,0.195621,7.5600379999999996,3.1974529999999999,0.01290783,nonessential,NA
b0112,1.722,0.1115376,54.188079999999999,14.310600000000001,-0.01035429,nonessential,NA
b0113,0.365,0.178472,2.5298509999999998,1.073526,0.003136415,nonessential,NA
b0117,0.3419708,0.1720346,NA,NA,NA,nonessential,NA
b0117,0.3429186,0.1734147,NA,NA,NA,nonessential,NA
b0118,1.836,0.1436976,73.098460000000003,28.572040000000001,0.0087774810000000002,nonessential,NA
b0119,0.704,0.2046685,5.6617850000000001,2.5235599999999998,0.0082490240000000006,nonessential,NA
b0121,1.493,0.1439346,32.781500000000001,11.427210000000001,0.0045465879999999998,nonessential,NA
b0123,0.648,0.1981967,4.8961300000000003,2.0865040000000001,-0.0072474879999999998,nonessential,NA
b0126,1.125,0.1671215,14.42695,5.7970649999999999,0.011022519999999999,essential,can
b0127,0.481,0.1962596,3.3507530000000001,1.4889779999999999,-0.0041423830000000003,nonessential,NA
b0131,1.869,0.1453863,77.991309999999999,29.37763,0.0093819999999999997,nonessential,NA
b0134,0.446,0.1912789,3.0807389999999999,1.3587659999999999,-0.005232652,nonessential,NA
b0135,0.939,0.1800504,9.3799370000000035,3.8026749999999998,0.0077074409999999998,nonessential,NA
b0136,0.431,0.191614,2.9789500000000002,1.3181149999999999,0.0025701309999999998,nonessential,NA
b0140,0.392,0.1855275,2.6878470000000001,1.170091,0.0070033109999999999,nonessential,NA
b0141,0.3027673,0.1606502,NA,NA,NA,nonessential,NA
b0143,1.949,0.1423804,94.102689999999996,34.360149999999997,0.007932751,nonessential,NA
b0145,1.326,0.1182819,21.959669999999999,5.937767,-0.019337210000000001,nonessential,NA
b0147,1.196,0.1303994,16.341390000000001,4.951193,-0.016609990000000002,nonessential,NA
b0148,0.82,0.1659832,7.0738960000000004,2.5478010000000002,-0.025912729999999998,nonessential,NA
b0149,0.366,0.1794153,2.5404610000000001,1.076311,0.0051677509999999999,nonessential,NA
b0150,1.075,0.175523,12.7439,5.2969580000000001,0.016115440000000002,nonessential,NA
b0151,0.3217424,0.16855,NA,NA,NA,nonessential,NA
b0154,0.745,0.1866614,5.9882549999999997,2.423899,-0.011451299999999999,essential,hemL
b0155,1.394,0.200855,27.44323,13.210470000000001,0.043047080000000001,nonessential,NA
b0156,1.647,0.1365317,46.773240000000001,15.71468,0.0031800579999999999,essential,erpA
b0157,0.487,0.1969001,3.3965640000000001,1.53287,-0.0033856849999999998,nonessential,NA
b0160,0.86,0.18072,7.8805860000000001,3.1172939999999998,-0.0015972639999999999,nonessential,NA
b0161,0.983,0.1757903,10.389150000000001,4.0248860000000004,0.0083786659999999999,nonessential,NA
b0162,0.469,0.1982204,3.256011,1.47949,0.003078323,nonessential,NA
b0163,0.995,0.149481,10.44356,3.4590670000000001,-0.017555319999999999,nonessential,NA
b0165,0.3496454,0.1783948,NA,NA,NA,nonessential,NA
b0168,1.065,0.1639218,12.355270000000001,4.9382729999999997,0.0041635839999999997,essential,map-glnD-dapD
b0169,2.111,0.1288014,134.86150000000001,45.208100000000002,0.0021859789999999998,essential,rpsB-tsf
b0170,0.3397691,0.1686695,NA,NA,NA,nonessential,NA
b0171,0.943,0.1697552,9.4580500000000001,3.634897,-0.0024324239999999999,essential,pyrH
b0172,1.298,0.1500573,21.019380000000002,7.665184,0.0040031379999999998,essential,frr
b0173,0.3329799,0.1696731,NA,NA,NA,essential,dxr-uppS-cdsA
b0176,0.592,0.1976637,4.3478389999999996,1.878274,-0.01010437,nonessential,NA
b0177,0.3417703,0.171941,NA,NA,NA,essential,bamA;bamA-hlpA-lpxD-fabZ-lpxAB-rnhB-dnaE
b0178,1.652,0.1057531,46.053539999999998,11.118550000000001,-0.015505730000000001,essential,bamA-hlpA-lpxD-fabZ-lpxAB-rnhB-dnaE;hlpA-lpxD-fabZ-lpxA
b0180,0.998,0.1316267,10.34653,2.9979279999999999,-0.034216799999999999,essential,bamA-hlpA-lpxD-fabZ-lpxAB-rnhB-dnaE;fabZ;hlpA-lpxD-fabZ-lpxA
b0188,0.446,0.1887228,3.0864590000000001,1.3398319999999999,-0.009716957,essential,tilS
b0189,1.56,0.1428868,38.167479999999998,12.733610000000001,0.0053362660000000001,nonessential,NA
b0190,0.787,0.1755713,6.6059099999999997,2.4955120000000002,-0.01916636,nonessential,NA
b0194,1.131,0.1326968,14.17501,4.4255050000000002,-0.018702610000000001,essential,proS
b0196,1.37,0.1481067,24.824079999999999,8.5276779999999999,0.0044445910000000003,nonessential,NA
b0199,0.958,0.1553085,9.7189009999999989,3.438294,-0.01624169,nonessential,NA
b0201,2.456,0.1019794,292.74149999999997,70.900790000000001,-0.0065015380000000003,nonessential,NA
b0202,0.2943133,0.1588415,NA,NA,NA,nonessential,NA
b0204,0.746,0.1984546,6.1502689999999998,2.6196959999999998,0.0034415930000000002,nonessential,NA
b0205,0.3205205,0.1688144,NA,NA,NA,nonessential,NA
b0206,0.848,0.1744228,7.5987280000000004,2.914399,-0.011616410000000001,nonessential,NA
b0207,0.447,0.1890199,3.0659480000000001,1.3332029999999999,-0.010037819999999999,nonessential,NA
b0208,0.673,0.1969818,5.2296950000000004,2.1653150000000001,-0.0065004529999999998,nonessential,NA
b0209,1.696,0.1062451,51.174689999999998,12.626189999999999,-0.01440629,nonessential,NA
b0211,1.951,0.168714,96.819090000000003,41.684840000000001,0.021775530000000001,nonessential,NA
b0212,1.512,0.1824497,35.673839999999998,16.07479,0.030104470000000001,nonessential,NA
b0213,0.771,0.186342,6.4404539999999999,2.6100660000000002,-0.0088795669999999997,nonessential,NA
b0214,0.671,0.1861825,5.1131190000000002,2.0167920000000001,-0.02309344,nonessential,NA
b0215,1.221,0.1582151,17.859120000000001,6.7539360000000004,0.0078075560000000002,nonessential,NA
b0217,0.3545641,0.1739776,NA,NA,NA,nonessential,NA
b0218,0.388,0.1788258,2.6557729999999999,1.1091800000000001,-0.0086712730000000002,nonessential,NA
b0219,1.138,0.2105103,15.343859999999999,7.2654019999999999,0.05040211,nonessential,NA
b0221,0.851,0.1994229,7.8131329999999997,3.5081910000000001,0.01823485,nonessential,NA
b0223,0.3022142,0.1605116,NA,NA,NA,nonessential,NA
b0224,1.765,0.1106212,59.801070000000003,15.30579,-0.010186209999999999,nonessential,NA
b0226,1.751,0.1272501,59.235510000000005,18.425000000000001,-0.0012777579999999999,nonessential,NA
b0227,1.847,0.1192055,73.094059999999999,21.278510000000001,-0.0047320740000000002,nonessential,NA
b0228,0.597,0.1990227,4.3610579999999999,1.8807210000000001,-0.0083264740000000004,nonessential,NA
b0229,0.699,0.2278033,5.6208539999999978,2.8732760000000002,0.040655289999999997,nonessential,NA
b0231,0.543,0.2074203,3.9159320000000002,1.821035,0.0075929739999999997,nonessential,NA
b0232,0.602,0.2064654,4.4514849999999999,2.0353020000000002,0.0034243870000000001,nonessential,NA
b0235,0.3352931,0.1735984,NA,NA,NA,nonessential,NA
b0237,1.636,0.1274818,45.284390000000002,13.781040000000001,-0.003113981,nonessential,NA
b0238,1.124,0.1493184,14.112159999999999,5.0644609999999997,-0.0050489660000000002,nonessential,NA
b0240,1.963,0.1306176,96.123050000000006,29.921240000000001,0.0023556639999999999,nonessential,NA
b0242,1.102,0.137239,13.27853,4.1526699999999996,-0.017601450000000001,nonessential,NA
b0245,0.3132341,0.1676511,NA,NA,NA,nonessential,NA
b0247,0.312588,0.1668004,NA,NA,NA,nonessential,NA
b0252,0.3207199,0.172176,NA,NA,NA,nonessential,NA
b0253,0.454,0.1951265,3.1107369999999999,1.391375,0.0010451169999999999,nonessential,NA
b0254,0.3251355,0.1682032,NA,NA,NA,nonessential,NA
b0255,0.5,0.1956728,3.504238,1.55013,-0.0078641530000000005,nonessential,NA
b0257,0.3421038,0.1727036,NA,NA,NA,nonessential,NA
b0259,0.401,0.185234,2.7229969999999999,1.197376,-0.00046031510000000002,nonessential,NA
b0266,0.95,0.1524663,9.4442620000000002,3.1859850000000001,-0.02050478,nonessential,NA
b0268,0.601,0.2442864,4.6625930000000002,2.7272259999999999,0.066644430000000004,nonessential,NA
b0270,0.3167147,0.164812,NA,NA,NA,nonessential,NA
b0272,1.046,0.1259,11.5419,3.2341389999999999,-0.033770370000000001,nonessential,NA
b0273,0.781,0.1763328,6.5412739999999996,2.4846050000000002,-0.02017087,nonessential,NA
b0276,0.3423623,0.1744786,NA,NA,NA,nonessential,NA
b0277,0.809,0.1841451,6.9934339999999997,2.7537039999999999,-0.0056269060000000001,nonessential,NA
b0279,0.36,0.1789697,2.4961989999999998,1.0665789999999999,0.0095297219999999992,nonessential,NA
b0281,1.072,0.1731725,12.67591,5.1218360000000001,0.013115399999999999,nonessential,NA
b0286,0.438,0.1945171,3.0417920000000001,1.353396,0.0066999219999999996,nonessential,NA
b0287,1.356,0.1570303,24.36964,8.9311290000000003,0.010728049999999999,nonessential,NA
b0288,1.007,0.1548985,10.80785,3.758626,-0.01013204,nonessential,NA
b0292,0.3242023,0.1734019,NA,NA,NA,nonessential,NA
b0293,0.3142784,0.1673875,NA,NA,NA,nonessential,NA
b0296,0.465,0.1897438,3.1956639999999998,1.372727,-0.01299034,nonessential,NA
b0297,0.3177932,0.1644429,NA,NA,NA,nonessential,NA
b0298,0.554,0.1988954,3.9595899999999999,1.7497149999999999,-0.0078061759999999997,nonessential,NA
b0300,1.324,0.1651084,22.850090000000002,9.2288250000000005,0.016070870000000001,nonessential,NA
b0303,0.935,0.1936419,9.4122719999999997,4.1862219999999999,0.02220944,nonessential,NA
b0304,0.417,0.187245,2.8425189999999998,1.2262310000000001,-0.0032775069999999998,nonessential,NA
b0305,0.766,0.1950103,6.3955460000000004,2.6822819999999998,0.002113817,nonessential,NA
b0306,0.3374171,0.1704031,NA,NA,NA,nonessential,NA
b0307,0.3448731,0.1731785,NA,NA,NA,nonessential,NA
b0309,0.3218843,0.1678772,NA,NA,NA,nonessential,NA
b0310,0.3210971,0.167386,NA,NA,NA,nonessential,NA
b0313,0.697,0.1979575,5.4895579999999997,2.3135400000000002,-0.0024875409999999998,nonessential,NA
b0314,1.28,0.1528787,20.22925,7.15341,0.0057886429999999996,nonessential,NA
b0316,1.292,0.1529966,20.74363,7.5377720000000004,0.0061437289999999997,nonessential,NA
b0317,0.366,0.1773537,2.5242290000000001,1.0649059999999999,-0.00029672999999999999,nonessential,NA
b0318,0.57,0.2100368,4.1534779999999998,1.958502,0.01093828,nonessential,NA
b0323,0.319378,0.1675949,NA,NA,NA,nonessential,NA
b0325,0.429,0.1887857,2.9204119999999998,1.2809029999999999,-0.0036040899999999999,nonessential,NA
b0327,2.049,0.1626715,120.7829,52.115589999999997,0.018408069999999999,nonessential,NA
b0328,0.386,0.1822372,2.6664819999999998,1.1351500000000001,0.00022848080000000001,nonessential,NA
b0329,0.854,0.1924566,7.8173139999999997,3.2550880000000002,0.010406260000000001,nonessential,NA
b0330,0.811,0.2076519,7.2152719999999997,3.3602970000000001,0.024270300000000002,nonessential,NA
b0331,0.3114362,0.1667873,NA,NA,NA,nonessential,NA
b0332,0.555,0.2152951,4.0353019999999997,1.9407669999999999,0.020974070000000001,nonessential,NA
b0333,0.3327747,0.1715323,NA,NA,NA,nonessential,NA
b0336,1.865,0.24571490000000001,85.988960000000006,57.733440000000002,0.06353143,nonessential,NA
b0338,0.506,0.1955657,3.552292,1.565836,-0.0088167139999999998,nonessential,NA
b0339,0.3412868,0.1709768,NA,NA,NA,nonessential,NA
b0343,0.739,0.2114837,6.1806929999999998,2.8099470000000002,0.02014264,nonessential,NA
b0344,0.892,0.3049246,10.61144,7.450793,0.14189640000000001,nonessential,NA
b0345,1.60238,0.145934,42.079160000000002,12.971220000000001,0.0074442859999999996,nonessential,NA
b0346,1.067,0.1877993,12.66882,5.5085059999999997,0.02681739,nonessential,NA
b0355,0.3115385,0.1647632,NA,NA,NA,nonessential,NA
b0357,0.3277269,0.1692993,NA,NA,NA,nonessential,NA
b0359,0.712,0.2124842,5.7581619999999987,2.664946,0.018901560000000001,nonessential,NA
b0360,0.928,0.1859629,9.2089759999999998,3.7079140000000002,0.012861040000000001,nonessential,NA
b0363,0.805,0.2200727,7.2944500000000003,3.59815,0.038483799999999999,nonessential,NA
b0369,0.754,0.1940633,6.2122780000000004,2.6705869999999998,-0.00083477270000000003,essential,hemB
b0373,0.377,0.1805235,2.5971099999999998,1.108522,0.0031493390000000001,nonessential,NA
b0374,0.385,0.1818738,2.6519029999999999,1.126171,0.00082181840000000001,nonessential,NA
b0376,0.697,0.2016712,5.5326380000000004,2.3972169999999999,0.0032513400000000001,nonessential,NA
b0377,0.428,0.188131,2.916871,1.2455830000000001,-0.0055403429999999997,nonessential,NA
b0378,0.817,0.2036069,7.2479319999999996,3.172161,0.020065929999999999,nonessential,NA
b0379,0.636,0.205995,4.7972450000000002,2.1914709999999999,0.0044393899999999997,nonessential,NA
b0380,0.604,0.2013455,4.4536860000000003,1.9635940000000001,-0.0048338139999999996,nonessential,NA
b0381,0.964,0.1550571,9.7730360000000012,3.322835,-0.015432909999999999,nonessential,NA
b0382,0.958,0.1887009,9.9611820000000009,4.2797130000000001,0.019248910000000001,nonessential,NA
b0383,0.37,0.1762751,2.549509,1.053471,-0.005701523,nonessential,NA
b0384,0.583,0.1990138,4.25183,1.8902909999999999,-0.0084837999999999997,nonessential,NA
b0385,0.3428616,0.1727232,NA,NA,NA,nonessential,NA
b0388,1.672,0.1413975,49.607509999999998,17.276309999999999,0.0059491889999999997,nonessential,NA
b0389,0.719,0.2154655,5.8417490000000001,2.7121249999999999,0.023719199999999999,nonessential,NA
b0391,1.298,0.1376223,20.872890000000002,6.6185510000000001,-0.0052418539999999998,nonessential,NA
b0392,0.411,0.1913555,2.8393959999999998,1.2813540000000001,0.0092199919999999998,nonessential,NA
b0396,2.2,0.1167352,164.4922,44.995980000000003,-0.0027002490000000001,nonessential,NA
b0399,0.415,0.1887795,2.8357359999999998,1.2473590000000001,0.002442699,nonessential,NA
b0400,0.3040321,0.1613658,NA,NA,NA,nonessential,NA
b0401,1.439,0.1392357,28.67633,9.3126970000000036,-0.00019623390000000001,nonessential,NA
b0403,0.984,0.1995003,10.642530000000001,4.7595900000000002,0.032871360000000002,nonessential,NA
b0404,0.585,0.2026459,4.2840049999999996,1.9300520000000001,-0.0016414069999999999,nonessential,NA
b0406,0.63,0.1936699,4.6944350000000004,1.959692,-0.01488388,nonessential,NA
b0407,0.922,0.1518054,8.8776350000000033,2.9707460000000001,-0.024709789999999999,nonessential,NA
b0412,1.063,0.1494258,12.20679,4.1779799999999998,-0.010109780000000001,nonessential,NA
b0413,0.957,0.1645206,9.7697350000000007,3.7071179999999999,-0.0059288429999999996,essential,nrdR-ribDE-nusB-thiL-pgpA
b0415,1.052,0.1366589,11.783340000000001,3.6588850000000002,-0.022584759999999999,essential,nrdR-ribDE-nusB-thiL-pgpA;ribE-nusB-thiL-pgpA
b0417,0.3282757,0.177849,NA,NA,NA,essential,nrdR-ribDE-nusB-thiL-pgpA;ribE-nusB-thiL-pgpA
b0419,0.988,0.2091022,11.02251,5.4580520000000003,0.042287529999999997,nonessential,NA
b0422,0.3338903,0.1728976,NA,NA,NA,essential,xseB-ispA-dxs-yajO
b0423,0.627,0.1928701,4.6474169999999999,1.9485889999999999,-0.016693400000000001,nonessential,NA
b0425,0.3230106,0.1650462,NA,NA,NA,nonessential,NA
b0427,0.735,0.1878285,5.93309,2.319896,-0.01155804,nonessential,NA
b0432,1.613,0.1425695,43.398240000000001,15.10791,0.0063076419999999996,nonessential,NA
b0434,1.783933,0.1900225,65.077309999999997,20.509650000000001,0.033607280000000003,nonessential,NA
b0435,1.217,0.1714859,17.670190000000002,7.0665529999999999,0.018338159999999999,nonessential,NA
b0436,1.618,0.1125527,42.857019999999999,11.12415,-0.01215246,nonessential,NA
b0437,1.492,0.1301829,32.456510000000002,9.7088900000000002,-0.0048595319999999997,nonessential,NA
b0438,1.312,0.1752779,22.44613,9.6881710000000005,0.02346461,nonessential,NA
b0439,1.395,0.1173355,25.842110000000002,6.9549830000000004,-0.017171530000000001,nonessential,NA
b0440,2.063,0.09383044,118.1557,25.975770000000001,-0.015069010000000001,nonessential,NA
b0441,1.398,0.1561208,26.79748,10.53524,0.010843999999999999,nonessential,NA
b0442,0.403,0.1880493,2.7950370000000002,1.2348539999999999,0.0059560109999999998,nonessential,NA
b0445,0.408,0.1888345,2.8315329999999999,1.2546580000000001,0.0058435819999999999,nonessential,NA
b0447,0.602,0.2129341,4.4747969999999997,2.167027,0.015052289999999999,nonessential,NA
b0450,0.3425864,0.1911911,NA,NA,NA,nonessential,NA
b0452,1.056,0.1735563,12.311109999999999,5.1856790000000004,0.012890540000000001,nonessential,NA
b0453,0.692,0.1985818,5.4724019999999998,2.3162210000000001,-0.0015948500000000001,nonessential,NA
b0456,0.446,0.1940203,3.089931,1.3882369999999999,0.0014938060000000001,nonessential,NA
b0457,1.017,0.1843809,11.35885,4.8082719999999997,0.019494339999999999,nonessential,NA
b0458,1.478,0.1508992,31.909210000000002,11.44445,0.0089383540000000008,nonessential,NA
b0467,0.714,0.1995894,5.6795400000000003,2.4389850000000002,0.0022769510000000001,nonessential,NA
b0468,0.971,0.1458303,9.8312870000000014,3.1470180000000001,-0.023779809999999998,nonessential,NA
b0469,1.443,0.1210867,28.649319999999999,8.0176750000000006,-0.01256409,nonessential,NA
b0470,1.229,0.1314581,17.787289999999999,5.6851599999999998,-0.01386886,essential,dnaX
b0471,0.37,0.1796,2.5531929999999998,1.082867,0.005109288,nonessential,NA
b0473,1.204,0.1296488,16.607849999999999,4.9806549999999996,-0.016116490000000001,nonessential,NA
b0474,0.488,0.1985381,3.4345750000000002,1.5387759999999999,0.00050357199999999998,essential,adk
b0475,0.799,0.1893039,6.9023250000000003,2.9178069999999998,-0.00089708979999999995,essential,hemH
b0476,0.427,0.1887858,2.9279679999999999,1.285534,-0.0027989680000000002,nonessential,NA
b0477,1.261,0.1329574,19.054749999999999,6.0064909999999996,-0.010675570000000001,nonessential,NA
b0478,1.215,0.1463404,17.365259999999999,5.8625540000000003,-0.0022974029999999999,nonessential,NA
b0479,0.56,0.1962594,4.008273,1.730054,-0.01342613,nonessential,NA
b0480,0.941,0.159524,9.2859970000000001,3.1891210000000001,-0.013313409999999999,nonessential,NA
b0481,0.593,0.1934727,4.3121590000000003,1.843469,-0.01851829,nonessential,NA
b0482,0.3302256,0.1709513,NA,NA,NA,nonessential,NA
b0483,0.723,0.1774508,5.7169179999999997,2.1462870000000001,-0.02848463,nonessential,NA
b0486,0.505,0.2001305,3.5258530000000001,1.6057060000000001,-0.00074414809999999996,nonessential,NA
b0487,1.027,0.1450268,11.321569999999999,3.6771029999999998,-0.017691189999999999,nonessential,NA
b0489,1.663,0.1173376,47.992510000000003,13.333399999999999,-0.0085995169999999992,nonessential,NA
b0490,0.535,0.1972728,3.777752,1.616276,-0.01023409,nonessential,NA
b0494,0.918,0.1726418,8.9607700000000001,3.4904890000000002,-0.0024654400000000002,nonessential,NA
b0495,0.457,0.1888618,3.1401330000000001,1.3302339999999999,-0.01302589,nonessential,NA
b0497,0.3237549,0.1728015,NA,NA,NA,nonessential,NA
b0498,0.418,0.1905287,2.875534,1.266923,0.0058490620000000004,nonessential,NA
b0501,0.728,0.2029377,5.9523970000000004,2.677562,0.0080434870000000002,nonessential,NA
b0502,0.696,0.191686,5.4277639999999998,2.2119369999999998,-0.011219700000000001,nonessential,NA
b0503,0.428,0.1912092,2.9373640000000001,1.298184,0.0014690020000000001,nonessential,NA
b0504,1.432,0.1382943,28.311669999999999,9.3797350000000002,-0.001081484,nonessential,NA
b0505,0.465,0.1921502,3.1872630000000002,1.399,-0.0086892689999999995,nonessential,NA
b0506,1.163,0.1381547,15.3222,5.0015200000000002,-0.011966849999999999,nonessential,NA
b0507,0.3004578,0.1605296,NA,NA,NA,nonessential,NA
b0514,0.369,0.1788614,2.5367890000000002,1.072568,0.0030861370000000001,nonessential,NA
b0517,0.3071068,0.1629198,NA,NA,NA,nonessential,NA
b0518,0.3073745,0.1638368,NA,NA,NA,nonessential,NA
b0519,0.3552936,0.1782043,NA,NA,NA,nonessential,NA
b0520,0.3206559,0.1690587,NA,NA,NA,nonessential,NA
b0525,1.255,0.1261071,18.705839999999998,5.5742130000000003,-0.016531420000000002,essential,ppiB-lpxH
b0526,1.099,0.1480399,13.324260000000001,4.8249219999999999,-0.0078626229999999991,essential,cysS
b0529,0.434,0.1947254,2.9968789999999998,1.3751199999999999,0.0082895599999999996,essential,folD-ybcJ
b0530,0.3176046,0.166572,NA,NA,NA,nonessential,NA
b0531,0.3311718,0.1689779,NA,NA,NA,nonessential,NA
b0536,0.42,0.1865529,2.8779720000000002,1.2550159999999999,-0.0045908160000000002,nonessential,NA
b0540,0.417,0.1893408,2.873068,1.277995,0.001518656,nonessential,NA
b0542,0.339396,0.1720206,NA,NA,NA,nonessential,NA
b0543,0.933,0.149319,9.054074,3.0130819999999998,-0.026228100000000001,nonessential,NA
b0544,0.3059156,0.1628422,NA,NA,NA,nonessential,NA
b0545,0.403,0.1870149,2.7697880000000001,1.1942759999999999,0.0034746209999999998,nonessential,NA
b0553,1.902,0.1264558,82.553200000000004,24.641369999999998,-0.00056591089999999996,nonessential,NA
b0557,1.332,0.1555512,22.816220000000001,8.7326850000000018,0.0094597429999999996,nonessential,NA
b0558,0.452,0.1959708,3.1071520000000001,1.3892819999999999,0.0039054929999999999,nonessential,NA
b0559,1.497,0.1379443,32.945320000000002,10.328950000000001,0.0006292162,nonessential,NA
b0560,0.3314998,0.1746839,NA,NA,NA,nonessential,NA
b0562,0.3459937,0.1793978,NA,NA,NA,nonessential,NA
b0563,0.743,0.1888537,6.0358489999999998,2.4308540000000001,-0.0090542520000000005,nonessential,NA
b0564,1.059,0.1885213,12.592840000000001,5.6238159999999997,0.027279069999999999,nonessential,NA
b0565,1.513,0.1184338,33.693460000000002,9.2905440000000006,-0.01219018,nonessential,NA
b0566,0.674,0.2013405,5.2231269999999999,2.2813910000000002,-0.00046499520000000002,nonessential,NA
b0569,0.393,0.1830302,2.6790530000000001,1.1381289999999999,-0.0012064440000000001,nonessential,NA
b0571,1.341,0.1325411,23.03003,6.890828,-0.0074879070000000002,nonessential,NA
b0572,0.826,0.1971115,7.4181600000000003,3.1477349999999999,0.01267714,nonessential,NA
b0576,0.864,0.1482807,7.6813390000000004,2.40449,-0.039213070000000003,nonessential,NA
b0577,0.921,0.1759003,9.0125570000000028,3.570719,0.0011916850000000001,nonessential,NA
b0578,0.843,0.1688054,7.4769079999999999,2.7554219999999998,-0.01834351,nonessential,NA
b0579,0.475,0.1976464,3.2880509999999998,1.472564,0.00148401,nonessential,NA
b0581,0.754,0.2235041,6.3935199999999996,3.1023320000000001,0.03895303,nonessential,NA
b0582,1.004,0.1536441,10.71583,3.6292719999999998,-0.01147018,nonessential,NA
b0583,0.3161103,0.1639334,NA,NA,NA,nonessential,NA
b0584,0.357,0.1841224,2.488734,1.1161700000000001,0.025819040000000001,nonessential,NA
b0585,0.849,0.187531,7.7062999999999997,3.1468319999999999,0.0050318940000000003,nonessential,NA
b0586,0.39,0.1844995,2.6753079999999998,1.1674249999999999,0.0030459380000000002,nonessential,NA
b0590,0.45,0.1909215,3.1012240000000002,1.350851,-0.0065314800000000001,nonessential,NA
b0591,0.942,0.1644157,9.3992260000000005,3.4374419999999999,-0.0089286279999999992,nonessential,NA
b0593,0.78,0.1902178,6.5882849999999999,2.6300080000000001,-0.0023898119999999998,nonessential,NA
b0599,0.522,0.2003011,3.714664,1.67889,-0.0032224630000000001,nonessential,NA
b0600,1.379,0.1251601,24.862490000000001,7.2023029999999997,-0.01201252,nonessential,NA
b0602,0.456,0.1946379,3.154601,1.407824,0.00041321009999999999,nonessential,NA
b0604,0.738,0.1849286,5.9676629999999999,2.3481749999999999,-0.015190199999999999,nonessential,NA
b0605,0.993,0.1514385,10.423999999999999,3.5383550000000001,-0.015791960000000001,nonessential,NA
b0606,0.3160981,0.1657904,NA,NA,NA,nonessential,NA
b0607,0.926,0.1571013,9.0025250000000003,3.0326840000000002,-0.018686379999999999,nonessential,NA
b0608,0.36,0.1773917,2.4946229999999998,1.0479210000000001,0.0039741660000000003,nonessential,NA
b0610,1.312,0.1369509,21.460159999999998,6.8628689999999999,-0.005498808,nonessential,NA
b0611,0.3239976,0.1698023,NA,NA,NA,nonessential,NA
b0612,0.375,0.1848837,2.6073659999999999,1.1396740000000001,0.015113629999999999,nonessential,NA
b0618,0.2945471,0.1593516,NA,NA,NA,nonessential,NA
b0619,0.2942659,0.1577649,NA,NA,NA,nonessential,NA
b0622,0.382,0.182418,2.6416379999999999,1.1440669999999999,0.002640201,nonessential,NA
b0624,1.059,0.1684263,12.372820000000001,4.9343890000000004,0.007449046,nonessential,NA
b0627,1.442,0.1217696,28.70374,8.0816350000000003,-0.01190576,nonessential,NA
b0628,1.318,0.1722066,22.325089999999999,9.253464000000001,0.021269389999999999,nonessential,NA
b0629,0.404,0.1857919,2.783722,1.234804,0.0004816054,nonessential,NA
b0630,0.935,0.1746853,9.3694200000000034,3.790238,0.0018885810000000001,nonessential,NA
b0632,1.075,0.1574636,12.63782,4.7511460000000003,-0.0015589779999999999,nonessential,NA
b0637,1.643,0.1335572,46.110120000000002,15.292730000000001,0.0012892190000000001,essential,rsfS-rlmH-mrdAB-rlpA
b0642,1.543,0.134009,36.486629999999998,11.49966,-0.00084619399999999998,essential,leuS-lptE-holA-nadD-cobC
b0643,0.778,0.1800898,6.5040009999999997,2.4843069999999998,-0.01553264,nonessential,NA
b0644,0.34709,0.1732425,NA,NA,NA,nonessential,NA
b0645,0.3329639,0.1690819,NA,NA,NA,nonessential,NA
b0647,0.458,0.1954022,3.1556289999999998,1.380555,-0.00020285489999999999,nonessential,NA
b0648,0.459,0.1941454,3.1982020000000002,1.426634,-0.0026836690000000001,nonessential,NA
b0650,0.3188683,0.1652659,NA,NA,NA,nonessential,NA
b0651,0.731,0.1875504,5.8565800000000001,2.314238,-0.01213242,nonessential,NA
b0654,0.465,0.194888,3.202064,1.391187,-0.0022376560000000002,nonessential,NA
b0656,1.052,0.1835307,12.26066,5.4531029999999996,0.022092049999999998,nonessential,NA
b0660,1.203,0.1468625,16.830870000000001,5.8836839999999997,-0.0020458770000000002,essential,ybeZYX-lnt
b0662,0.69,0.179886,5.3084119999999997,2.0935320000000002,-0.0293443,nonessential,NA
b0663,0.39,0.18142,2.679424,1.160838,-0.0046463700000000004,nonessential,NA
b0668,0.2907933,0.1578405,NA,NA,NA,nonessential,NA
b0669,0.3068962,0.1637313,NA,NA,NA,nonessential,NA
b0670,0.2987262,0.1619474,NA,NA,NA,nonessential,NA
b0671,0.3062873,0.1622559,NA,NA,NA,nonessential,NA
b0677,0.361,0.1815803,2.4938129999999998,1.0751679999999999,0.017094160000000001,nonessential,NA
b0678,0.485,0.198754,3.360582,1.5291980000000001,0.001165807,nonessential,NA
b0679,0.5,0.1961213,3.4904359999999999,1.5316099999999999,-0.0078641530000000005,nonessential,NA
b0683,1.293,0.1358153,20.71481,6.6353150000000003,-0.0069752390000000003,nonessential,NA
b0684,1.37,0.1652502,25.279589999999999,9.7834280000000007,0.01685335,essential,fldA-uof-fur
b0685,1.047,0.1615827,11.85751,4.6361169999999996,0.00073630220000000005,nonessential,NA
b0686,0.46,0.1931769,3.1835309999999999,1.405376,-0.0051511370000000001,nonessential,NA
b0687,1.52,0.1232266,34.402520000000003,9.6644260000000006,-0.0086684819999999999,nonessential,NA
b0690,0.37,0.1793181,2.557788,1.097505,0.0024065860000000001,nonessential,NA
b0693,0.3204195,0.1682388,NA,NA,NA,nonessential,NA
b0705,0.3270581,0.1713846,NA,NA,NA,nonessential,NA
b0706,0.3478602,0.1752031,NA,NA,NA,nonessential,NA
b0707,0.821,0.206364,7.3575059999999999,3.2812389999999998,0.022985539999999999,nonessential,NA
b0709,0.478,0.2001863,3.363775,1.55097,0.0049185219999999998,nonessential,NA
b0715,0.8,0.1844808,6.845453,2.7107239999999999,-0.0070016100000000001,nonessential,NA
b0718,0.358,0.178254,2.4628459999999999,1.057434,0.0082511240000000003,nonessential,NA
b0719,0.3149507,0.1633295,NA,NA,NA,nonessential,NA
b0720,1.618,0.1267022,43.264789999999998,12.66142,-0.0034998049999999999,nonessential,NA
b0721,1.728,0.1318167,56.206220000000002,18.619230000000002,0.0013305700000000001,nonessential,NA
b0725,0.3460001,0.1770397,NA,NA,NA,nonessential,NA
b0730,1.024,0.1917532,11.64664,5.1944739999999996,0.027863280000000001,nonessential,NA
b0735,0.366,0.1815782,2.5476030000000001,1.0939160000000001,0.01336447,nonessential,NA
b0736,1.405,0.1411771,26.532640000000001,8.8061480000000003,0.0003032299,nonessential,NA
b0739,0.36,0.1821218,2.5159750000000001,1.101078,0.01786306,nonessential,NA
b0740,1.552,0.1317446,36.988199999999999,11.346730000000001,-0.0019138720000000001,nonessential,NA
b0744,0.3310122,0.1683807,NA,NA,NA,nonessential,NA
b0752,0.681,0.205468,5.3571179999999998,2.4234209999999998,0.0060702179999999996,nonessential,NA
b0753,0.471,0.1958447,3.2436799999999999,1.458534,-0.0017137369999999999,nonessential,NA
b0759,1.729,0.1650201,57.758490000000002,23.77149,0.02042824,nonessential,NA
b0760,1.608,0.1097845,41.932600000000001,10.316409999999999,-0.01429792,nonessential,NA
b0763,0.3456763,0.1745269,NA,NA,NA,nonessential,NA
b0766,0.369,0.1759593,2.544076,1.054853,-0.0050439450000000002,nonessential,NA
b0767,0.922,0.1816379,9.0295210000000008,3.6004049999999999,0.0078281679999999999,nonessential,NA
b0768,0.654,0.211384,4.9851219999999996,2.24213,0.013122669999999999,nonessential,NA
b0770,0.371,0.1795815,2.561153,1.078778,0.0044295150000000002,nonessential,NA
b0771,0.3313771,0.1694604,NA,NA,NA,nonessential,NA
b0772,1.386,0.13941,25.456060000000001,8.2256630000000008,-0.0016576399999999999,nonessential,NA
b0773,0.777,0.1977748,6.5597640000000004,2.8448470000000001,0.007472167,nonessential,NA
b0775,1.293,0.1822083,21.365169999999999,9.4635300000000004,0.028600939999999998,nonessential,NA
b0780,0.677,0.1942971,5.1629290000000001,2.1645590000000001,-0.010525039999999999,nonessential,NA
b0781,1.617,0.1431198,43.851080000000003,15.008430000000001,0.0063728359999999998,nonessential,NA
b0786,1.086,0.1605799,13.07216,4.8825390000000004,0.0030152349999999998,nonessential,NA
b0787,0.3483276,0.1741929,NA,NA,NA,nonessential,NA
b0791,1.159,0.1406766,15.29576,5.0330170000000001,-0.0096491219999999996,nonessential,NA
b0796,1.596,0.1385422,41.394629999999999,13.394170000000001,0.00351112,nonessential,NA
b0797,0.797,0.1751137,6.7903500000000001,2.5212639999999999,-0.018754159999999999,nonessential,NA
b0798,0.389,0.1842672,2.672183,1.1444209999999999,0.0036275169999999998,nonessential,NA
b0799,0.943,0.1696174,9.4461659999999998,3.5756220000000001,-0.0024324239999999999,nonessential,NA
b0802,0.651,0.1941491,4.8851000000000004,2.0451920000000001,-0.013149330000000001,nonessential,NA
b0803,1.014,0.1992771,11.492470000000001,5.2794189999999999,0.034042959999999997,nonessential,NA
b0805,0.412,0.1870737,2.816379,1.2256119999999999,-0.00098631489999999994,nonessential,NA
b0806,0.3254312,0.1683271,NA,NA,NA,nonessential,NA
b0807,1.21,0.1834065,17.78023,8.5762250000000009,0.02804384,nonessential,NA
b0808,0.3062352,0.1636456,NA,NA,NA,nonessential,NA
b0811,0.83,0.1615561,7.1892399999999999,2.5158930000000002,-0.02897098,nonessential,NA
b0812,1.677,0.1994097,52.837670000000003,24.845269999999999,0.040597010000000003,nonessential,NA
b0813,0.3554376,0.1810072,NA,NA,NA,nonessential,NA
b0814,1.458,0.1658867,30.87706,12.35432,0.018822430000000001,nonessential,NA
b0817,0.99,0.1691905,10.57442,4.2998609999999999,0.0020162880000000002,nonessential,NA
b0819,1.366,0.1362328,24.42991,7.8523540000000001,-0.0044400730000000001,nonessential,NA
b0821,0.468,0.2217643,3.3491209999999998,1.8615550000000001,0.054638730000000003,nonessential,NA
b0822,1.45,0.1613235,30.331410000000002,11.57361,0.015266989999999999,nonessential,NA
b0825,0.392,0.1920884,2.7139509999999998,1.232578,0.022309430000000002,nonessential,NA
b0827,0.659,0.1988242,5.0349909999999998,2.1409440000000002,-0.0048051719999999999,nonessential,NA
b0828,1.82,0.1219937,68.981840000000005,20.132359999999998,-0.003354143,nonessential,NA
b0833,1.033,0.1604324,11.599130000000001,4.3211190000000004,-0.0024945869999999999,nonessential,NA
b0835,0.809,0.1877102,7.026211,2.8729140000000002,-0.00068253029999999998,nonessential,NA
b0837,0.641,0.2113783,4.8987780000000001,2.3389090000000001,0.012497380000000001,nonessential,NA
b0840,0.534,0.1994389,3.8068309999999999,1.6857740000000001,-0.0064053030000000002,nonessential,NA
b0841,0.429,0.1978304,2.9863219999999999,1.373095,0.01737493,nonessential,NA
b0842,0.587,0.1937539,4.2491289999999999,1.7930109999999999,-0.016986049999999999,nonessential,NA
b0843,0.615,0.2069735,4.5680750000000003,2.0465469999999999,0.0052743870000000002,nonessential,NA
b0845,0.719,0.1953999,5.7956209999999997,2.3880699999999999,-0.0040972099999999996,nonessential,NA
b0846,0.495,0.1958614,3.4578000000000002,1.5348329999999999,-0.0069915400000000001,nonessential,NA
b0847,1.236,0.1550099,18.40156,6.8186689999999999,0.005918548,nonessential,NA
b0848,1.151,0.1572669,15.07147,5.5994900000000003,0.003712768,nonessential,NA
b0849,0.564,0.2238823,4.2282039999999999,2.7550490000000001,0.03611938,nonessential,NA
b0850,0.932,0.1986911,9.4806650000000001,4.6558130000000002,0.027264630000000002,nonessential,NA
b0853,1.527,0.1552448,35.884729999999998,13.37782,0.012501959999999999,nonessential,NA
b0854,1.175,0.1385566,15.75709,5.102176,-0.010334039999999999,nonessential,NA
b0858,0.481,0.1922963,3.3339669999999999,1.447079,-0.01245839,nonessential,NA
b0864,1.645,0.1385753,46.602340000000005,15.106859999999999,0.004363568,nonessential,NA
b0865,1.059,0.1720458,12.398630000000001,4.8334190000000001,0.01122619,nonessential,NA
b0866,1.243,0.1563843,18.625769999999999,6.7712199999999996,0.0069729079999999999,nonessential,NA
b0868,1.27,0.153221,19.808700000000002,7.326479,0.0054775930000000002,nonessential,NA
b0871,0.655,0.2229486,5.0875659999999998,2.432547,0.031497850000000001,nonessential,NA
b0873,0.615,0.2073287,4.5456149999999997,2.0979260000000002,0.0052743870000000002,nonessential,NA
b0874,1.041,0.1533839,11.597099999999999,4.1363830000000004,-0.0084543410000000006,nonessential,NA
b0877,1.257,0.1677262,19.545179999999998,7.8949499999999997,0.0169838,nonessential,NA
b0878,0.405,0.1859649,2.7645,1.199476,-2.4423790000000001e-05,nonessential,NA
b0880,1.933,0.1229909,89.214660000000009,26.59789,-0.0019257790000000001,nonessential,NA
b0881,0.549,0.1953541,3.87188,1.6512020000000001,-0.01481976,nonessential,NA
b0883,2.011,0.1606685,110.08110000000001,46.896810000000002,0.01751055,nonessential,NA
b0884,2.224,0.1267776,174.44290000000001,53.23319,0.0020144780000000001,essential,infA;infA-serW
b0887,0.985,0.1607687,10.26276,3.7418049999999998,-0.0066452769999999998,nonessential,NA
b0890,1.459,0.1161252,29.773779999999999,7.9274639999999996,-0.01543427,nonessential,NA
b0891,0.545,0.1979407,3.8934299999999999,1.693417,-0.0091144160000000002,essential,lolA-rarA
b0894,1.804,0.1365375,66.844520000000003,21.99822,0.0048013910000000003,nonessential,NA
b0897,1.253,0.1778689,19.457699999999999,8.5076260000000001,0.02486586,nonessential,NA
b0898,0.884,0.1664063,8.241617999999999,2.9295059999999999,-0.01517223,nonessential,NA
b0900,1.207,0.1426135,16.96528,5.6597819999999999,-0.0051654470000000001,nonessential,NA
b0901,0.644,0.1948626,4.8579699999999999,2.0412849999999998,-0.01221739,nonessential,NA
b0902,0.503,0.2121643,3.5577009999999998,1.6856519999999999,0.023456069999999999,nonessential,NA
b0904,1.306,0.2062866,22.531590000000001,11.53515,0.047117220000000001,nonessential,NA
b0905,0.928,0.1365714,8.8690160000000002,2.629156,-0.039940690000000001,nonessential,NA
b0906,0.73,0.1987881,5.89323,2.4718819999999999,0.0027930189999999999,nonessential,NA
b0907,1.489,0.1256881,32.346310000000003,9.2569780000000002,-0.0076332209999999999,nonessential,NA
b0909,0.382,0.1780965,2.630309,1.1022810000000001,-0.0078310029999999996,nonessential,NA
b0911,1.494,0.1301962,32.738300000000002,10.606859999999999,-0.0048015180000000003,essential,cmk-rpsA;rpsA-ihfB
b0913,0.359,0.1738757,2.487168,1.031409,-0.0036443740000000001,essential,ycaI-msbA-lpxK-ycaQ
b0920,0.576,0.1935734,4.1197210000000002,1.726569,-0.017131879999999999,nonessential,NA
b0921,1.16,0.1276854,15.14743,4.4963550000000003,-0.020790090000000001,essential,smtA-mukFEB
b0925,1.033,0.1755546,11.70124,4.8074750000000002,0.01299428,nonessential,NA
b0926,2.107,0.1362198,135.38380000000001,45.038980000000002,0.0054836360000000001,nonessential,NA
b0928,1.129,0.1645012,14.494339999999999,5.8323280000000004,0.0094768290000000008,nonessential,NA
b0930,2.038,0.09844626,111.9258,25.66131,-0.01345997,essential,asnS
b0931,0.941,0.1689785,9.3548210000000012,3.4300389999999998,-0.0037491199999999999,nonessential,NA
b0932,1.055,0.1447646,11.922140000000001,3.8967830000000001,-0.0146731,nonessential,NA
b0937,0.3386801,0.1737734,NA,NA,NA,nonessential,NA
b0939,0.3184609,0.1630549,NA,NA,NA,nonessential,NA
b0946,1.194,0.1597132,16.789390000000001,6.4843159999999997,0.0083894659999999999,nonessential,NA
b0950,0.63,0.2035493,4.7754269999999996,2.154871,0.00098913309999999993,nonessential,NA
b0953,2.166,0.1162247,151.64269999999999,40.513120000000001,-0.0034691430000000001,nonessential,NA
b0955,1.179,0.1370745,15.96992,5.2552349999999999,-0.011782549999999999,nonessential,NA
b0957,2.675,0.1362126,498.75599999999997,177.9383,0.0085722599999999999,nonessential,NA
b0958,0.586,0.2200421,4.3208359999999999,2.2027830000000002,0.027361839999999998,nonessential,NA
b0959,0.718,0.1901765,5.7280749999999996,2.3423210000000001,-0.01118741,nonessential,NA
b0961,0.851,0.1553886,7.5406319999999996,2.4791270000000001,-0.033469029999999997,nonessential,NA
b0962,0.86,0.1638791,7.7873760000000001,2.7868689999999998,-0.021364709999999999,nonessential,NA
b0963,1.073,0.1642089,12.60605,4.6915969999999998,0.0047978430000000004,nonessential,NA
b0965,0.927,0.1630785,9.0421960000000006,3.219957,-0.01206495,nonessential,NA
b0970,1.527,0.1329887,35.177120000000002,10.803660000000001,-0.001905374,nonessential,NA
b0972,0.415,0.1937563,2.8544640000000001,1.3311170000000001,0.014490889999999999,nonessential,NA
b0978,0.427,0.2093391,2.9798529999999999,1.504921,0.044039439999999999,nonessential,NA
b0980,0.445,0.1904206,3.057706,1.336503,-0.0071447730000000001,nonessential,NA
b0986,1.98,0.1436744,101.3584,37.118510000000001,0.0090037150000000007,nonessential,NA
b0990,0.85,0.1980994,7.8823550000000004,3.41249,0.016935220000000001,nonessential,NA
b0992,0.429,0.1962901,2.9870030000000001,1.3507849999999999,0.012712930000000001,nonessential,NA
b0993,0.752,0.2058791,6.3046170000000004,2.8488760000000002,0.01485041,nonessential,NA
b0994,0.423,0.1985636,2.9148719999999999,1.3319300000000001,0.02250945,nonessential,NA
b0995,1.829,0.1252472,70.804810000000003,22.753820000000001,-0.00162889,nonessential,NA
b1000,1.318,0.1837248,22.923909999999999,10.294890000000001,0.030374100000000001,nonessential,NA
b1001,0.434,0.1898907,2.9884629999999999,1.299919,-0.003231177,nonessential,NA
b1004,1.454,0.2040723,28.770879999999998,14.28402,0.044903730000000003,nonessential,NA
b1012,0.3366224,0.1701119,NA,NA,NA,nonessential,NA
b1013,0.746,0.2008702,6.1691739999999999,2.653006,0.0074630399999999998,nonessential,NA
b1016,1.274,0.1370553,19.805420000000002,6.1628679999999996,-0.0069551229999999997,nonessential,NA
b1018,0.3230571,0.1673081,NA,NA,NA,nonessential,NA
b1020,1.942,0.1656346,94.140460000000004,39.08446,0.020278259999999999,nonessential,NA
b1027,0.421,0.1915164,2.8850389999999999,1.290945,0.0068579000000000001,nonessential,NA
b1028,0.544,0.2067434,3.8839139999999999,1.779487,0.0074950599999999996,nonessential,NA
b1032,1.474,0.1598757,31.874169999999999,13.59587,0.014964099999999999,nonessential,NA
b1033,0.76,0.1758363,6.1935079999999996,2.3216860000000001,-0.023699250000000002,nonessential,NA
b1036,0.837,0.1862005,7.5175380000000001,3.0576400000000001,0.00096039719999999995,nonessential,NA
b1043,0.592,0.1936107,4.2874309999999998,1.832495,-0.016861129999999998,nonessential,NA
b1045,0.736,0.1873994,5.954415,2.3631310000000001,-0.01277263,nonessential,NA
b1050,0.749,0.1803867,6.0796710000000003,2.3215650000000001,-0.02020597,nonessential,NA
b1053,0.535,0.211851,3.8471220000000002,1.8840170000000001,0.017803289999999999,nonessential,NA
b1057,0.772,0.2078826,6.5522280000000004,2.9063810000000001,0.019769109999999999,nonessential,NA
b1059,0.987,0.2006353,10.626110000000001,4.5781159999999996,0.034115230000000003,nonessential,NA
b1060,1.506,0.1581877,34.31418,13.0684,0.01413534,nonessential,NA
b1062,1.12,0.1940889,14.567489999999999,7.2003599999999999,0.03484015,nonessential,NA
b1063,0.838,0.161774,7.3841669999999997,2.5376799999999999,-0.027534960000000001,nonessential,NA
b1064,0.956,0.1703245,9.7185659999999991,3.7267169999999998,-0.00082473729999999997,nonessential,NA
b1065,0.395,0.1808508,2.714639,1.1551629999999999,-0.0073651660000000002,nonessential,NA
b1066,1.13,0.1631555,14.34709,5.5654050000000002,0.007764132,nonessential,NA
b1069,0.693,0.1712337,5.2976070000000002,1.9252739999999999,-0.041891499999999998,essential,murJ
b1071,0.862,0.1794606,7.8934680000000004,3.1463869999999998,-0.0036275119999999998,nonessential,NA
b1072,0.485,0.2099211,3.4136600000000001,1.7022360000000001,0.023846220000000001,nonessential,NA
b1073,0.3272526,0.1770716,NA,NA,NA,nonessential,NA
b1079,0.45,0.191012,3.1015790000000001,1.3849769999999999,-0.0065314800000000001,nonessential,NA
b1082,0.3112284,0.1661283,NA,NA,NA,nonessential,NA
b1084,0.883,0.1737219,8.1919170000000001,3.1162000000000001,-0.0062689089999999996,nonessential,NA
b1086,1.139,0.1511231,14.647309999999999,5.475752,-0.002256798,nonessential,NA
b1087,0.531,0.1941516,3.7439529999999999,1.623443,-0.01553645,nonessential,NA
b1088,2.072,0.117501,122.7893,34.912500000000001,-0.0033590209999999998,nonessential,NA
b1090,0.3057398,0.1613605,NA,NA,NA,essential,plsX-fabHDG;rpmF-plsX-fabHDG
b1094,1.936,0.1020397,88.805109999999999,21.71116,-0.01275222,essential,acpP;acpP-fabF;fabDG-acpP;fabG-acpP
b1095,0.3504197,0.1738838,NA,NA,NA,nonessential,NA
b1096,0.746,0.1810382,6.0744879999999997,2.344554,-0.01934661,essential,pabC-mltG-tmk-holB-ycfH
b1101,1.51,0.1653209,34.596609999999998,14.278890000000001,0.018835290000000001,nonessential,NA
b1109,0.824,0.1928097,7.2656859999999996,2.9144920000000001,0.0075616299999999997,nonessential,NA
b1110,0.366,0.1887973,2.5564049999999998,1.2038789999999999,0.032490159999999997,nonessential,NA
b1111,0.799,0.1670443,6.7412770000000002,2.4013339999999999,-0.02843151,nonessential,NA
b1112,1.287,0.210481,21.645289999999999,10.638120000000001,0.050287119999999998,nonessential,NA
b1113,0.855,0.1650418,7.692793,2.7210960000000002,-0.021040840000000002,nonessential,NA
b1114,1.446,0.1336278,29.29026,9.219398,-0.0034685860000000001,nonessential,NA
b1115,0.3274437,0.1666767,NA,NA,NA,nonessential,NA
b1116,0.744,0.1767382,5.9797799999999999,2.2088510000000001,-0.025039599999999999,essential,lolCDE
b1126,0.959,0.1454828,9.6087340000000001,3.0864889999999998,-0.026533230000000001,nonessential,NA
b1127,0.639,0.1945213,4.7636190000000003,1.983873,-0.01262337,nonessential,NA
b1128,1.431,0.1519996,28.793659999999999,10.23873,0.0086745669999999993,nonessential,NA
b1130,1.181,0.1503585,16.078849999999999,5.7075170000000002,-0.00064993150000000003,nonessential,NA
b1133,1.802867,0.1668324,68.084270000000004,27.584689999999998,0.020524319999999999,nonessential,NA
b1135,1.452,0.148581,29.800380000000001,10.66445,0.0070341270000000003,nonessential,NA
b1136,1.613,0.1375749,43.154330000000002,13.87283,0.0032078279999999998,nonessential,NA
b1138,0.707,0.2007427,5.6460549999999996,2.4522149999999998,0.0028958199999999999,nonessential,NA
b1139,0.3560831,0.1782205,NA,NA,NA,nonessential,NA
b1142,0.3257634,0.1662709,NA,NA,NA,nonessential,NA
b1143,1.079,0.1415949,12.67618,4.010141,-0.015131439999999999,nonessential,NA
b1157,0.3290876,0.1707697,NA,NA,NA,nonessential,NA
b1158,0.3215882,0.1686953,NA,NA,NA,nonessential,NA
b1159,1.135,0.1538095,14.364050000000001,5.0725870000000004,0.00012369989999999999,nonessential,NA
b1161,0.836,0.1623737,7.3490120000000001,2.5133760000000001,-0.027892210000000001,nonessential,NA
b1162,1.558,0.1669983,38.858469999999997,15.765269999999999,0.020700360000000001,nonessential,NA
b1163,1.021,0.154941,11.064730000000001,3.8277230000000002,-0.0085889099999999999,nonessential,NA
b1167,0.395,0.180837,2.7123309999999998,1.1300479999999999,-0.0073651660000000002,nonessential,NA
b1170,0.3332143,0.1705023,NA,NA,NA,nonessential,NA
b1172,0.385,0.1814375,2.6538110000000001,1.1391370000000001,-0.001775584,nonessential,NA
b1173,0.64,0.2108355,4.9179820000000003,2.2407530000000002,0.01245606,nonessential,NA
b1176,1.813,0.1301085,68.289270000000002,21.19332,0.00099007859999999991,nonessential,NA
b1177,1.14,0.1663674,14.847659999999999,6.0142759999999997,0.01096594,nonessential,NA
b1178,0.702,0.19331980000000001,5.552765,2.2984930000000001,-0.0090456229999999992,nonessential,NA
b1179,1.071,0.1344635,12.304320000000001,3.7504919999999999,-0.02336966,nonessential,NA
b1180,0.457,0.1977459,3.1905450000000002,1.4712080000000001,0.0066677630000000002,nonessential,NA
b1181,1.482,0.1298466,31.71828,9.5414380000000012,-0.0051519820000000003,nonessential,NA
b1182,0.42,0.1876827,2.8627570000000002,1.230896,-0.0022098640000000002,nonessential,NA
b1183,0.362,0.1761259,2.4852820000000002,1.040486,-0.0002415784,nonessential,NA
b1191,0.32156,0.1714677,NA,NA,NA,nonessential,NA
b1191,0.861,0.2061118,2.2615210000000001,0.93451620000000002,0.027583860000000002,nonessential,NA
b1194,0.431,0.1878555,2.9350049999999999,1.277377,-0.006710611,nonessential,NA
b1195,0.691,0.2087908,5.4581660000000003,2.4359160000000002,0.01277006,nonessential,NA
b1196,0.396,0.1845615,2.7240600000000001,1.185667,0.0022098,nonessential,NA
b1197,0.377,0.1851744,2.5903640000000001,1.159079,0.01375942,nonessential,NA
b1198,1.373,0.1527721,25.11542,9.0207550000000012,0.0081605979999999998,nonessential,NA
b1201,0.718,0.2161075,5.8106929999999997,2.7119599999999999,0.025024290000000001,nonessential,NA
b1203,1.676,0.1184327,48.996650000000002,13.9223,-0.0077240019999999998,nonessential,NA
b1204,1.097,0.1434616,13.16982,4.3988209999999999,-0.012584410000000001,essential,pth-ychF
b1205,0.977,0.198922,10.5318,5.4521610000000003,0.031296520000000001,nonessential,NA
b1206,0.557,0.2086446,4.0148479999999998,1.8955960000000001,0.010007179999999999,nonessential,NA
b1209,0.845,0.1702426,7.4844439999999999,2.8580139999999998,-0.016826819999999999,essential,lolB-ispE-prs
b1210,1.073,0.1649829,12.661099999999999,5.0278299999999998,0.0057298089999999998,essential,hemA;hemA-prfA-prmC
b1217,0.584,0.2134176,4.3116000000000003,2.0621689999999999,0.015490429999999999,nonessential,NA
b1218,0.864,0.1596824,7.7654329999999998,2.6839400000000002,-0.025324180000000002,nonessential,NA
b1220,0.3216681,0.1696651,NA,NA,NA,nonessential,NA
b1222,0.725,0.1924311,5.8288469999999997,2.3551069999999998,-0.0074700260000000003,nonessential,NA
b1228,0.311315,0.1616154,NA,NA,NA,nonessential,NA
b1230,0.661,0.199389,5.0795519999999996,2.2028120000000002,-0.0046314640000000001,nonessential,NA
b1233,0.635,0.1948942,4.7502259999999996,2.0471979999999999,-0.012931979999999999,nonessential,NA
b1234,1.125,0.1907487,14.750209999999999,6.8261500000000002,0.032355849999999999,nonessential,NA
b1235,1.186,0.1382704,16.136559999999999,5.252491,-0.01050706,nonessential,NA
b1236,1.021,0.1470001,11.063459999999999,3.5826060000000002,-0.016424370000000001,nonessential,NA
b1240,0.439,0.1894792,3.0161750000000001,1.3122739999999999,-0.0073535019999999996,nonessential,NA
b1241,0.431,0.1936125,2.974351,1.3370569999999999,0.0072105019999999997,nonessential,NA
b1243,1.286,0.1745522,21.178229999999999,9.4831450000000004,0.023075869999999998,nonessential,NA
b1244,0.389,0.1827303,2.7020300000000002,1.1687099999999999,0.0010568229999999999,nonessential,NA
b1249,1.256,0.1374539,18.90044,6.0695050000000004,-0.0077221959999999997,nonessential,NA
b1250,0.841,0.2213789,7.7807310000000003,3.8957519999999999,0.043153219999999999,nonessential,NA
b1252,1.970372,0.2180906,102.0605,34.845019999999998,0.045597829999999999,nonessential,NA
b1253,1.087,0.147232,12.889340000000001,4.390225,-0.0097889029999999998,nonessential,NA
b1255,0.4,0.1853407,2.7528999999999999,1.196976,6.2131600000000007e-05,nonessential,NA
b1256,0.456,0.1887135,3.1501739999999998,1.363067,-0.01274468,nonessential,NA
b1259,0.873,0.2253509,8.478257000000001,4.2751950000000001,0.050665549999999997,nonessential,NA
b1265,1.86,0.1846315,79.403999999999996,38.484189999999998,0.030873330000000001,nonessential,NA
b1269,0.915,0.1616572,8.7690239999999999,3.2196509999999998,-0.01489087,nonessential,NA
b1271,0.3516204,0.1883488,NA,NA,NA,nonessential,NA
b1272,0.634,0.2192783,4.8307169999999999,2.5599829999999999,0.024848080000000002,nonessential,NA
b1275,1.11,0.141563,13.60791,4.3676269999999997,-0.012393339999999999,nonessential,NA
b1276,0.3280165,0.1680402,NA,NA,NA,nonessential,NA
b1277,0.865,0.1685925,7.836627,2.9671249999999998,-0.01474759,essential,ribA
b1278,1.091,0.1378256,12.90883,4.1316220000000001,-0.017693270000000001,nonessential,NA
b1279,0.759,0.1778268,6.2416119999999999,2.3259560000000001,-0.021232310000000001,nonessential,NA
b1283,0.748,0.2105659,6.241987,2.8415110000000001,0.021077410000000001,nonessential,NA
b1284,1.562,0.1187618,37.785760000000003,10.07774,-0.0099886149999999993,nonessential,NA
b1285,1.025,0.176948,11.475390000000001,4.5588620000000004,0.013299460000000001,nonessential,NA
b1287,0.437,0.1898905,3.0037590000000001,1.2980449999999999,-0.0043511970000000002,nonessential,NA
b1294,0.57,0.1936484,4.1121689999999997,1.750202,-0.017131899999999999,nonessential,NA
b1295,0.98,0.1574102,10.22372,3.709654,-0.011318979999999999,nonessential,NA
b1297,1.225,0.2142459,19.054369999999999,10.060309999999999,0.053669830000000002,nonessential,NA
b1298,1.46,0.2159626,32.796800000000005,17.29496,0.053095700000000003,nonessential,NA
b1300,0.358,0.1852044,2.5049929999999998,1.1225240000000001,0.027804200000000001,nonessential,NA
b1303,1.549,0.1342244,37.072110000000002,11.38334,-0.00069833199999999997,nonessential,NA
b1305,0.455,0.1987357,3.1615129999999998,1.453605,0.0095183769999999997,nonessential,NA
b1308,0.815,0.1852242,7.109445,2.7999369999999999,-0.0034892579999999999,nonessential,NA
b1309,0.662,0.2537328,5.3921530000000004,3.3163100000000001,0.078538090000000005,nonessential,NA
b1319,0.36,0.1769537,2.5075059999999998,1.070044,0.0039741660000000003,nonessential,NA
b1320,0.46,0.2019153,3.188091,1.4842299999999999,0.014414079999999999,nonessential,NA
b1321,0.91,0.1758332,8.7199270000000002,3.303191,-0.0002532441,nonessential,NA
b1324,0.3088824,0.1679915,NA,NA,NA,nonessential,NA
b1325,0.62,0.1904837,4.5665480000000001,1.8615520000000001,-0.02201525,nonessential,NA
b1326,0.669,0.2096731,5.2180689999999998,2.3468930000000001,0.012535060000000001,nonessential,NA
b1327,0.591,0.1920131,4.2900650000000002,1.7986759999999999,-0.020273019999999999,nonessential,NA
b1328,0.993,0.1682029,10.62397,4.0565290000000003,0.001327876,nonessential,NA
b1330,1.02,0.1925369,11.6043,5.7192220000000002,0.02855866,nonessential,NA
b1331,0.425,0.1921037,2.9118949999999999,1.2914330000000001,0.005084051,nonessential,NA
b1333,1.586,0.1683417,41.596609999999998,17.206969999999998,0.02159987,nonessential,NA
b1341,0.387,0.186117,2.6510600000000002,1.1589510000000001,0.0099773699999999993,nonessential,NA
b1344,0.414,0.1843646,2.8253279999999998,1.1981809999999999,-0.0091647559999999996,nonessential,NA
b1346,0.705,0.1999744,5.6254569999999999,2.444534,0.0012578590000000001,nonessential,NA
b1350,1.066,0.1677304,12.5901,5.3839740000000003,0.0079965369999999997,nonessential,NA
b1351,0.3161851,0.1693561,NA,NA,NA,nonessential,NA
b1352,0.462,0.197175,3.2164069999999998,1.42428,0.0029406179999999999,nonessential,NA
b1353,0.373,0.1819954,2.5856880000000002,1.1215360000000001,0.0084529740000000003,nonessential,NA
b1355,0.3191155,0.1648732,NA,NA,NA,nonessential,NA
b1356,2.405,0.1213361,262.71839999999997,78.687200000000004,0.00082330930000000004,nonessential,NA
b1367,0.364,0.1798434,2.5189050000000002,1.0897600000000001,0.0093391429999999994,nonessential,NA
b1372,0.3118103,0.1661752,NA,NA,NA,nonessential,NA
b1374,0.549,0.2049204,3.9251459999999998,1.776748,0.0033951789999999999,nonessential,NA
b1376,1.638,0.1469727,46.08934,17.04561,0.0091372239999999993,nonessential,NA
b1377,0.3278784,0.1702968,NA,NA,NA,nonessential,NA
b1379,0.837,0.2136834,7.7161460000000002,3.7669549999999998,0.034413199999999998,nonessential,NA
b1380,1.049,0.1418046,11.838290000000001,3.8151920000000001,-0.018151,nonessential,NA
b1381,0.62,0.1884849,4.555993,1.8363849999999999,-0.025241059999999999,nonessential,NA
b1384,0.958,0.1653277,9.7286999999999999,3.5425490000000002,-0.0058032780000000003,nonessential,NA
b1385,0.606,0.2093185,4.5406560000000002,2.046881,0.0084201859999999996,nonessential,NA
b1399,1.161,0.1702521,15.663180000000001,6.3808040000000004,0.01546089,nonessential,NA
b1403,1.087,0.1772035,13.307169999999999,5.6569760000000002,0.017809990000000001,nonessential,NA
b1406,0.443,0.2285492,3.213514,1.805596,0.081563990000000003,nonessential,NA
b1407,0.736,0.1984346,5.9526339999999998,2.5044789999999999,0.0021730199999999999,nonessential,NA
b1408,0.506,0.2092483,3.5637530000000002,1.682928,0.016874989999999999,nonessential,NA
b1413,0.457,0.2115669,3.2384750000000002,1.6417459999999999,0.037302340000000003,nonessential,NA
b1414,0.557,0.188995,3.936766,1.59524,-0.025899459999999999,nonessential,NA
b1415,0.623,0.2113497,4.6773579999999999,2.1076039999999998,0.01191678,nonessential,NA
b1419,0.452,0.1982285,3.1514380000000002,1.434086,0.0083302710000000002,nonessential,NA
b1420,0.807,0.1912651,7.0006870000000001,2.9045519999999998,0.0027425499999999998,nonessential,NA
b1422,1.337,0.2004922,24.17342,11.678280000000001,0.042483170000000001,nonessential,NA
b1423,0.784,0.1925403,6.6238200000000003,2.777282,0.002015396,nonessential,NA
b1424,0.535,0.2027433,3.8064209999999998,1.7140629999999999,0.00098086500000000004,nonessential,NA
b1427,1.205,0.1900709,17.67726,8.2118509999999993,0.033736490000000001,nonessential,NA
b1428,0.975,0.2004141,10.405989999999999,4.7637340000000004,0.032159199999999999,nonessential,NA
b1431,1.28,0.1473403,20.42193,6.9316760000000004,0.001101143,nonessential,NA
b1432,1.135,0.1500402,14.54191,5.1053030000000001,-0.0034005289999999998,nonessential,NA
b1436,0.517,0.1895394,3.6147079999999998,1.530494,-0.021914869999999999,nonessential,NA
b1437,0.3544845,0.1794069,NA,NA,NA,nonessential,NA
b1439,0.726,0.1953644,5.8737969999999997,2.4162650000000001,-0.003203521,nonessential,NA
b1440,0.751,0.2172923,6.2897129999999999,2.99858,0.029382869999999998,nonessential,NA
b1445,1.619,0.1683852,44.645530000000001,19.486560000000001,0.021846609999999999,nonessential,NA
b1448,1.145,0.1336532,14.6722,4.4048299999999996,-0.0167198,nonessential,NA
b1449,0.691,0.205431,5.4781069999999996,2.4149039999999999,0.0069813460000000003,nonessential,NA
b1450,1.072,0.1671531,12.77289,5.065912,0.0075183860000000002,nonessential,NA
b1451,0.435,0.1975135,3.015625,1.3890849999999999,0.01478179,nonessential,NA
b1452,1.417,0.1407459,27.422280000000001,8.9091880000000003,0.0006222078,nonessential,NA
b1454,0.48,0.1965341,3.3450660000000001,1.5379769999999999,-0.001831491,nonessential,NA
b1455,0.3443846,0.1732542,NA,NA,NA,nonessential,NA
b1456,0.3295924,0.1721077,NA,NA,NA,nonessential,NA
b1458,0.716,0.2010496,5.7889980000000003,2.463009,0.0039044629999999999,nonessential,NA
b1462,0.432,0.1950672,3.0177239999999999,1.38096,0.009112251,nonessential,NA
b1463,0.641,0.1896747,4.7859220000000002,1.9261470000000001,-0.020263929999999999,nonessential,NA
b1464,1.091,0.1543423,13.061970000000001,4.9340020000000004,-0.0030278280000000002,nonessential,NA
b1468,0.493,0.212846,3.4978090000000002,1.678984,0.027860989999999999,nonessential,NA
b1469,0.474,0.2043168,3.3218320000000001,1.572619,0.01439906,nonessential,NA
b1472,0.3141204,0.1654527,NA,NA,NA,nonessential,NA
b1474,0.3450552,0.1799119,NA,NA,NA,nonessential,NA
b1477,1.352,0.171944,24.213229999999999,9.7873819999999991,0.021739069999999999,nonessential,NA
b1480,1.766,0.1706375,62.887279999999997,26.251760000000001,0.02380475,nonessential,NA
b1482,1.2,0.1626141,17.072880000000001,6.871791,0.01113898,nonessential,NA
b1491,1.358,0.1453981,23.999120000000001,8.195742000000001,0.0019330059999999999,nonessential,NA
b1492,0.861,0.1890421,7.9624079999999999,3.2907519999999999,0.00783938,nonessential,NA
b1496,0.883,0.1613921,8.1864670000000004,2.869974,-0.020991449999999998,nonessential,NA
b1499,0.687,0.2022925,5.3884350000000003,2.3739080000000001,0.0022429339999999998,nonessential,NA
b1501,0.419,0.1932568,2.9093209999999998,1.3613040000000001,0.010161740000000001,nonessential,NA
b1502,0.658,0.2041271,5.0542109999999996,2.2013799999999999,0.0027078979999999998,nonessential,NA
b1508,1.445,0.1719453,29.961600000000001,12.61562,0.022800190000000001,nonessential,NA
b1511,0.396,0.1859898,2.7145239999999999,1.2020960000000001,0.0047350530000000004,nonessential,NA
b1512,0.6,0.2054567,4.4402869999999997,2.007476,0.001743281,nonessential,NA
b1513,0.405,0.187866,2.7975819999999998,1.2454130000000001,0.0049138480000000002,nonessential,NA
b1519,1.033,0.1985841,12.03612,5.802327,0.035259529999999997,nonessential,NA
b1520,1.016,0.1383092,10.897180000000001,3.3150750000000002,-0.02586229,nonessential,NA
b1522,1.328,0.1527985,22.500859999999999,8.1641180000000002,0.0071081460000000001,nonessential,NA
b1524,0.3294684,0.1681309,NA,NA,NA,nonessential,NA
b1525,0.46,0.1999017,3.188269,1.459381,0.010066250000000001,nonessential,NA
b1526,1.092,0.1641869,13.273110000000001,4.9895170000000002,0.0062090749999999997,nonessential,NA
b1527,1.249,0.1318111,18.576519999999999,5.6218320000000004,-0.012039319999999999,nonessential,NA
b1528,0.521,0.1981133,3.6397819999999999,1.612314,-0.0069363000000000003,nonessential,NA
b1529,1.034,0.1601035,11.53215,4.2181649999999999,-0.0023975630000000001,nonessential,NA
b1530,0.57,0.2098633,4.1552230000000003,1.987611,0.01093828,nonessential,NA
b1533,0.824,0.2148782,7.4705599999999999,3.6326719999999999,0.034260659999999998,nonessential,NA
b1535,0.3069007,0.1619185,NA,NA,NA,nonessential,NA
b1536,0.409,0.1914807,2.8292160000000002,1.276518,0.010231509999999999,nonessential,NA
b1537,0.58,0.2036181,4.242864,1.882009,0.0001412994,nonessential,NA
b1538,1.441,0.1654299,29.963180000000001,12.191739999999999,0.017899930000000001,nonessential,NA
b1540,0.924,0.1773895,9.0997010000000014,3.7097020000000001,0.0026593609999999998,nonessential,NA
b1541,0.747,0.196641,6.1668269999999996,2.5834290000000002,0.0022308839999999998,nonessential,NA
b1542,0.3142863,0.1686089,NA,NA,NA,nonessential,NA
b1548,0.391,0.1897154,2.705419,1.2247729999999999,0.017815810000000001,nonessential,NA
b1549,1.019,0.1507,11.068680000000001,3.6422850000000002,-0.01272944,nonessential,NA
b1552,0.825,0.1920852,7.3419509999999999,3.0447389999999999,0.0064860309999999997,nonessential,NA
b1557,0.773,0.2161113,6.6274129999999998,3.2027800000000002,0.030232809999999999,nonessential,NA
b1565,0.3274164,0.1695417,NA,NA,NA,nonessential,NA
b1569,0.539,0.209746,3.8641369999999999,1.832743,0.013572829999999999,nonessential,NA
b1571,0.763,0.1970363,6.3821430000000001,2.7696139999999998,0.0043281029999999998,nonessential,NA
b1575,0.3323017,0.1711531,NA,NA,NA,nonessential,NA
b1577,0.3407697,0.1730782,NA,NA,NA,nonessential,NA
b1582,0.694,0.1982607,5.4620579999999999,2.3193700000000002,-0.0028204739999999999,nonessential,NA
b1583,1.479,0.1242894,31.29909,8.7183349999999997,-0.0092972620000000006,nonessential,NA
b1585,0.701,0.1935875,5.4941430000000002,2.2560020000000001,-0.0077430590000000001,nonessential,NA
b1587,0.295602,0.1596198,NA,NA,NA,nonessential,NA
b1593,0.566,0.2077612,4.0875820000000003,1.936097,0.0076361170000000004,nonessential,NA
b1594,0.889,0.1652458,8.2954410000000003,3.0145439999999999,-0.01551963,nonessential,NA
b1595,0.52,0.2010282,3.6882489999999999,1.6938789999999999,-0.001047007,nonessential,NA
b1596,0.821,0.1893327,7.2263799999999998,2.915127,0.002279086,nonessential,NA
b1597,0.3227279,0.1675207,NA,NA,NA,nonessential,NA
b1598,1.227,0.1568788,18.08839,6.5822260000000004,0.0072132960000000001,nonessential,NA
b1603,1.667,0.09756338,47.55142,10.361940000000001,-0.01990985,nonessential,NA
b1604,0.948,0.1480214,9.3579240000000006,3.127113,-0.02501194,nonessential,NA
b1605,0.661,0.1930348,5.0014560000000001,2.1464650000000001,-0.013708619999999999,nonessential,NA
b1607,0.78,0.1836118,6.5446859999999996,2.5848810000000002,-0.01008212,nonessential,NA
b1608,1.492,0.1316179,32.577620000000003,9.7417069999999999,-0.0035190489999999998,nonessential,NA
b1611,0.3326421,0.1713732,NA,NA,NA,nonessential,NA
b1612,1.464,0.1526554,30.942959999999999,11.80622,0.01002258,nonessential,NA
b1613,0.3152605,0.1664929,NA,NA,NA,nonessential,NA
b1614,1.173,0.1403316,15.716939999999999,5.0455350000000001,-0.0096072540000000008,nonessential,NA
b1615,0.3145579,0.1672833,NA,NA,NA,nonessential,NA
b1617,0.368,0.1816186,2.5565660000000001,1.102093,0.01192498,nonessential,NA
b1619,0.666,0.1985207,5.0932440000000003,2.1665719999999999,-0.0041842629999999997,nonessential,NA
b1620,0.724,0.1980353,5.8744480000000001,2.5700729999999998,0.00068326889999999999,nonessential,NA
b1621,0.703,0.2025404,5.6208179999999999,2.438218,0.0053035169999999998,nonessential,NA
b1623,0.956,0.2372356,10.48147,6.4212730000000002,0.069258940000000005,nonessential,NA
b1626,0.774,0.1682924,6.4060759999999997,2.27616,-0.031681550000000003,nonessential,NA
b1627,1.846,0.12939,73.609390000000005,25.175689999999999,0.00067548200000000004,nonessential,NA
b1634,0.421,0.1934195,2.8850410000000002,1.3036209999999999,0.0092331970000000003,nonessential,NA
b1635,1.16,0.1594172,15.394259999999999,5.6010799999999996,0.0059340490000000003,nonessential,NA
b1636,0.717,0.2013439,5.75549,2.516616,0.0040185100000000003,nonessential,NA
b1637,1.587,0.1000426,39.568269999999998,8.9373579999999997,-0.021239850000000001,essential,pdxH-tyrS-pdxY;tyrS-pdxY
b1638,1.194,0.1767401,16.96968,7.3791549999999999,0.022627319999999999,essential,pdxH-tyrS-pdxY
b1640,0.642,0.2010219,4.8443649999999998,2.1014379999999999,-0.003036618,nonessential,NA
b1641,1.088,0.151858,12.95007,4.6138599999999999,-0.0051064969999999998,nonessential,NA
b1642,1.341,0.1505188,23.271930000000001,8.4764150000000029,0.0059349119999999997,nonessential,NA
b1643,2.034,0.1855087,119.84950000000001,55.097490000000001,0.029751679999999999,nonessential,NA
b1646,1.055,0.1974417,12.5799,5.9663690000000003,0.034616000000000001,nonessential,NA
b1651,0.581,0.1952238,4.188618,1.7983210000000001,-0.0153671,nonessential,NA
b1652,1.155,0.1701736,15.413449999999999,6.2167320000000004,0.01519217,nonessential,NA
b1654,1.068,0.1581784,12.5381,4.7326389999999998,-0.001213712,nonessential,NA
b1655,1.449,0.1702049,30.22316,11.572290000000001,0.02146234,nonessential,NA
b1656,0.805,0.179073,6.878673,2.5700820000000002,-0.01244788,nonessential,NA
b1657,0.3552418,0.1763625,NA,NA,NA,nonessential,NA
b1659,0.444,0.1860307,3.0311590000000002,1.3062069999999999,-0.015819570000000002,nonessential,NA
b1661,1.691,0.1743443,52.952640000000002,22.48827,0.025690609999999999,nonessential,NA
b1663,0.947,0.1788025,9.5822060000000011,3.8190559999999998,0.0075739459999999998,nonessential,NA
b1664,0.726,0.1924873,5.8486469999999997,2.4523199999999998,-0.0073357530000000004,nonessential,NA
b1665,0.87,0.1724507,7.9992850000000004,3.1246130000000001,-0.01050501,nonessential,NA
b1667,0.661,0.1859836,4.9979069999999997,1.9587289999999999,-0.024298630000000002,nonessential,NA
b1668,0.785,0.2098595,6.8345079999999996,3.107081,0.023811209999999999,nonessential,NA
b1674,0.3205599,0.1696007,NA,NA,NA,nonessential,NA
b1675,1.073,0.1618159,12.60821,4.6205100000000003,0.0029339100000000001,nonessential,NA
b1676,1.377,0.1481531,25.203109999999999,8.7058370000000007,0.004617337,nonessential,NA
b1677,1.555,0.1412347,37.961359999999999,12.62731,0.003948961,nonessential,NA
b1689,0.375,0.1816944,2.5730780000000002,1.115667,0.0071136280000000003,nonessential,NA
b1690,0.622,0.198105,4.5976169999999996,1.9901279999999999,-0.0090050960000000006,nonessential,NA
b1694,0.3017251,0.1589459,NA,NA,NA,nonessential,NA
b1696,0.548,0.2023576,3.9216139999999999,1.7325079999999999,-0.001998845,nonessential,NA
b1697,0.36,0.1825327,2.5076830000000001,1.0788610000000001,0.020640829999999999,nonessential,NA
b1699,0.3006466,0.1613559,NA,NA,NA,nonessential,NA
b1702,1.451,0.1491128,29.859059999999999,11.063179999999999,0.0070126370000000004,nonessential,NA
b1704,1.201,0.1688281,17.20778,7.1398299999999999,0.016173460000000001,nonessential,NA
b1705,0.667,0.2087311,5.1412060000000004,2.304789,0.010899829999999999,nonessential,NA
b1706,0.7,0.2129402,5.6062149999999997,2.6329639999999999,0.01927829,nonessential,NA
b1707,1.213,0.1363067,17.107379999999999,5.3011949999999999,-0.01063561,nonessential,NA
b1708,1.438,0.1444082,28.99539,9.7545420000000007,0.003254205,nonessential,NA
b1711,0.51,0.1906601,3.5264920000000002,1.5212000000000001,-0.019200479999999999,nonessential,NA
b1714,0.3529336,0.176408,NA,NA,NA,nonessential,NA
b1715,2.026,0.1115394,110.0842,29.830780000000001,-0.0067084370000000003,essential,pheMST-ihfA;rplT-pheM;thrS-infC-rpmI-rplT-pheMST-ihfA
b1716,0.386,0.1856213,2.6627190000000001,1.173924,0.01059118,essential,infC-rpmI-rplT;rplT;rplT-pheM;rpmI-rplT;thrS-infC-rpmI-rplT-pheMST-ihfA
b1717,0.449,0.1956585,3.1089519999999999,1.4040459999999999,0.0049229290000000004,essential,infC-rpmI-rplT;rpmI-rplT;thrS-infC-rpmI-rplT-pheMST-ihfA
b1723,1.018,0.1710572,11.17689,4.3133109999999997,0.0068048529999999996,nonessential,NA
b1725,0.532,0.2204223,3.851432,1.9138109999999999,0.03325612,nonessential,NA
b1727,0.756,0.1771328,6.1420339999999998,2.326587,-0.02304877,nonessential,NA
b1729,1.381,0.1269541,25.123429999999999,7.4440080000000002,-0.01049143,nonessential,NA
b1732,0.592,0.2040501,4.3476590000000002,1.949047,3.0764569999999998e-05,nonessential,NA
b1736,0.3185776,0.1678678,NA,NA,NA,nonessential,NA
b1739,1.151,0.1747926,15.30724,6.337294,0.019351340000000002,nonessential,NA
b1740,0.412,0.18675,2.8363339999999999,1.254248,-0.00098631489999999994,essential,nadE
b1743,0.3273854,0.1705023,NA,NA,NA,nonessential,NA
b1748,0.425,0.192058,2.939047,1.301488,0.005084051,nonessential,NA
b1749,1.041,0.1323153,11.57034,3.5309240000000002,-0.02862725,nonessential,NA
b1750,0.647,0.1929974,4.8740959999999998,2.0221450000000001,-0.015054629999999999,nonessential,NA
b1758,0.419,0.1928935,2.9020929999999998,1.291563,0.010161740000000001,nonessential,NA
b1759,0.522,0.1911409,3.6428739999999999,1.5216780000000001,-0.020463840000000001,nonessential,NA
b1764,0.866,0.1738258,7.9601189999999997,3.1176330000000001,-0.0088143349999999995,nonessential,NA
b1765,1.182,0.138777,15.95538,5.2032499999999997,-0.0099034520000000001,nonessential,NA
b1766,0.75,0.1668238,6.025023,2.1173489999999999,-0.037378740000000001,nonessential,NA
b1767,1.148,0.1301511,14.78436,4.4540810000000004,-0.01997761,nonessential,NA
b1769,0.2934769,0.1593404,NA,NA,NA,nonessential,NA
b1770,1.192,0.178656,16.995000000000001,7.2446510000000002,0.024243899999999999,nonessential,NA
b1776,0.426,0.197911,2.9651179999999999,1.371524,0.018737489999999999,nonessential,NA
b1778,1.741,0.1195726,57.07734,16.55416,-0.0054179939999999998,nonessential,NA
b1781,0.634,0.1995719,4.7887919999999999,2.0582959999999999,-0.0051203749999999999,nonessential,NA
b1782,1.11,0.1544396,13.631360000000001,4.8340550000000002,-0.0015825290000000001,nonessential,NA
b1784,0.3509293,0.1776122,NA,NA,NA,nonessential,NA
b1788,0.569,0.1991006,4.0930460000000002,1.7869139999999999,-0.0083388179999999996,nonessential,NA
b1789,0.474,0.1900151,3.2578040000000001,1.390293,-0.015136800000000001,nonessential,NA
b1790,0.838,0.1822314,7.4727410000000001,2.9390580000000002,-0.0036686129999999998,nonessential,NA
b1793,0.761,0.1963936,6.3187920000000002,2.62425,0.002750087,nonessential,NA
b1794,1.576,0.1328327,39.252940000000002,12.49305,-0.00069559159999999995,nonessential,NA
b1798,0.639,0.2071006,4.8368029999999997,2.2234980000000002,0.006155977,nonessential,NA
b1799,0.992,0.1511035,10.368080000000001,3.4613499999999999,-0.015916019999999999,nonessential,NA
b1800,0.358,0.1811012,2.4899249999999999,1.0750189999999999,0.016631010000000002,nonessential,NA
b1801,0.421,0.1899679,2.906908,1.284125,0.0021073070000000001,nonessential,NA
b1803,0.3510566,0.1755285,NA,NA,NA,nonessential,NA
b1804,0.492,0.2024117,3.4466709999999998,1.589939,0.0057627640000000001,nonessential,NA
b1807,1.338,0.1261045,22.674099999999999,6.5583879999999999,-0.01282529,essential,tsaB-yeaY
b1808,1.435,0.1838688,29.63711,12.76923,0.03105602,nonessential,NA
b1809,1.121,0.1400628,13.89865,4.594036,-0.01329408,nonessential,NA
b1811,0.533,0.1952831,3.7378230000000001,1.622609,-0.01381726,nonessential,NA
b1814,0.649,0.1944492,4.9120900000000001,2.0352709999999998,-0.0133308,nonessential,NA
b1815,0.937,0.207575,9.68093,4.5551180000000002,0.037355239999999998,nonessential,NA
b1816,0.706,0.1920026,5.5546110000000004,2.2569949999999999,-0.0099620360000000005,nonessential,NA
b1817,1.26,0.1623916,19.379549999999998,7.4290770000000004,0.0122944,nonessential,NA
b1818,0.409,0.1885388,2.8003010000000002,1.2050419999999999,0.0053415340000000002,nonessential,NA
b1822,0.618,0.2037404,4.5848149999999999,1.9903439999999999,0.00049422170000000001,nonessential,NA
b1824,1.56,0.1594855,38.70693,14.645429999999999,0.015592679999999999,nonessential,NA
b1825,1.04,0.158086,11.7532,4.6280950000000001,-0.0037472349999999998,nonessential,NA
b1827,1.103,0.141679,13.366720000000001,4.5032540000000001,-0.012979050000000001,nonessential,NA
b1828,1.009,0.1639868,10.94848,3.991069,-0.00098649470000000011,nonessential,NA
b1829,1.584,0.1134745,39.651629999999997,10.081160000000001,-0.013139380000000001,nonessential,NA
b1831,1.703,0.112781,52.205660000000002,15.03623,-0.01013728,nonessential,NA
b1832,1.163,0.1453021,15.27065,5.0905389999999997,-0.0059479340000000002,nonessential,NA
b1833,0.56,0.1978804,3.9763480000000002,1.7194970000000001,-0.0098547059999999995,nonessential,NA
b1835,0.677,0.1883374,5.1860650000000001,2.0848949999999999,-0.019387669999999999,nonessential,NA
b1838,0.419,0.1933002,2.8827829999999999,1.3008090000000001,0.010161740000000001,nonessential,NA
b1841,1.026,0.1463799,11.23555,3.7618170000000002,-0.016830729999999999,nonessential,NA
b1845,1.569,0.1463128,39.305370000000003,13.38429,0.007426541,nonessential,NA
b1846,0.601,0.1985208,4.4307350000000003,1.9075709999999999,-0.0082307809999999995,nonessential,NA
b1848,0.989,0.1778098,10.602349999999999,4.264996,0.01100931,nonessential,NA
b1849,1.005,0.1794382,11.056290000000001,4.9629729999999999,0.01352093,nonessential,NA
b1851,0.3287089,0.1724612,NA,NA,NA,nonessential,NA
b1855,0.786,0.2392379,7.133426,4.6430879999999997,0.060819089999999999,nonessential,NA
b1857,0.994,0.1580342,10.567069999999999,3.6370969999999998,-0.0086261259999999996,nonessential,NA
b1858,0.735,0.1924177,5.9791699999999999,2.4619520000000001,-0.0061158610000000002,nonessential,NA
b1861,1.202,0.1440558,16.778649999999999,5.8294189999999997,-0.0045909549999999999,nonessential,NA
b1862,0.3386187,0.1678823,NA,NA,NA,nonessential,NA
b1865,0.393,0.1860349,2.6949100000000001,1.1977990000000001,0.0064271440000000001,nonessential,NA
b1873,0.3367204,0.170391,NA,NA,NA,nonessential,NA
b1874,0.3160121,0.1670394,NA,NA,NA,nonessential,NA
b1875,1.204,0.1205757,16.611789999999999,4.6059710000000003,-0.023591580000000001,nonessential,NA
b1886,0.46,0.196699,3.2076470000000001,1.4494050000000001,0.0035445149999999998,nonessential,NA
b1890,0.423,0.1879589,2.922339,1.268764,-0.003495279,nonessential,NA
b1897,1.086,0.2044838,13.65227,6.5075960000000004,0.042610080000000002,nonessential,NA
b1906,0.748,0.1952887,6.1580329999999996,2.5423010000000001,-0.00031295999999999999,nonessential,NA
b1907,1.314,0.1411723,21.685320000000001,7.3864599999999996,-0.0023832720000000001,nonessential,NA
b1910,0.2960635,0.1586577,NA,NA,NA,nonessential,NA
b1913,0.3261197,0.1659612,NA,NA,NA,nonessential,NA
b1914,0.961,0.1523586,9.5769970000000004,3.216329,-0.018956899999999999,nonessential,NA
b1915,0.421,0.1856464,2.8970940000000001,1.243673,-0.0073938809999999997,nonessential,NA
b1920,1.968,0.1041576,95.697760000000002,23.522069999999999,-0.011339770000000001,nonessential,NA
b1922,0.3282201,0.172445,NA,NA,NA,nonessential,NA
b1923,0.3260495,0.170193,NA,NA,NA,nonessential,NA
b1927,0.534,0.198596,3.7584140000000001,1.657564,-0.0064053030000000002,nonessential,NA
b1937,0.489,0.2177781,3.5256110000000001,1.909915,0.03914405,nonessential,NA
b1938,0.3289141,0.1747404,NA,NA,NA,nonessential,NA
b1944,0.3532445,0.1869276,NA,NA,NA,nonessential,NA
b1951,0.763,0.2047763,6.4613189999999996,2.970996,0.01481303,nonessential,NA
b1954,2.407,0.1133923,263.20440000000002,69.503879999999995,-0.0024840579999999999,nonessential,NA
b1955,1.43,0.1774862,29.197479999999999,12.10521,0.02613658,nonessential,NA
b1956,0.548,0.2068473,3.8929649999999998,1.7837449999999999,0.0071252420000000004,nonessential,NA
b1961,0.992,0.1687486,10.45833,4.1468119999999997,0.002229146,nonessential,NA
b1966,0.66,0.20535,5.049309,2.2588659999999998,0.0043722140000000001,nonessential,NA
b1969,1.709,0.1417511,54.169240000000002,19.05312,0.0069497999999999999,nonessential,NA
b1970,0.464,0.1966741,3.2097389999999999,1.4562379999999999,0.002352037,nonessential,NA
b1971,0.552,0.2091028,4.0132029999999999,1.8844829999999999,0.01041278,nonessential,NA
b1974,0.751,0.189008,6.145391,2.4552589999999999,-0.0079007520000000005,nonessential,NA
b1975,2.394,0.1020114,254.34780000000001,62.108400000000003,-0.0072029149999999998,nonessential,NA
b1976,0.854,0.1651188,7.6353220000000004,2.7334960000000001,-0.021209660000000002,nonessential,NA
b1978,0.3214049,0.1665618,NA,NA,NA,nonessential,NA
b1981,0.869,0.1887428,8.129760000000001,3.3170950000000001,0.0089035380000000008,nonessential,NA
b1982,1.211,0.1337895,17.06277,5.1815090000000001,-0.0123959,nonessential,NA
b1985,0.2963291,0.1587677,NA,NA,NA,nonessential,NA
b1988,0.936,0.1766802,9.4235830000000007,3.7851020000000002,0.0041494870000000003,nonessential,NA
b1989,0.3235761,0.1702898,NA,NA,NA,nonessential,NA
b1990,0.638,0.1984518,4.7815729999999999,1.997657,-0.0079996979999999995,nonessential,NA
b1993,0.937,0.1573255,9.2013049999999996,3.2251859999999999,-0.01707378,nonessential,NA
b1994,0.601,0.211098,4.4271599999999998,2.0577269999999999,0.01173594,nonessential,NA
b1997,1.094,0.174061,13.383229999999999,5.5064130000000002,0.015490769999999999,nonessential,NA
b1998,0.494,0.2076901,3.4773499999999999,1.6446130000000001,0.01748334,nonessential,NA
b2000,0.3417831,0.1955562,NA,NA,NA,nonessential,NA
b2001,0.544,0.2066954,3.8960650000000001,1.773706,0.0074950599999999996,nonessential,NA
b2004,0.3300868,0.1691979,NA,NA,NA,nonessential,NA
b2005,0.3186017,0.1683386,NA,NA,NA,nonessential,NA
b2007,1.311,0.1303864,21.40935,6.4018170000000003,-0.010874119999999999,nonessential,NA
b2008,1.896,0.1573685,84.145989999999998,34.854019999999998,0.015746,nonessential,NA
b2009,0.749,0.1967405,6.1649789999999998,2.5755729999999999,0.0024909620000000002,nonessential,NA
b2011,0.643,0.2010817,4.8560470000000002,2.1269529999999999,-0.0029690739999999999,nonessential,NA
b2013,1.354,0.1658803,24.254480000000001,9.4710150000000013,0.017333310000000001,nonessential,NA
b2018,2.206,0.1371757,169.55549999999999,56.401310000000002,0.006420406,nonessential,NA
b2027,1.965,0.1395544,97.580770000000001,34.785120000000006,0.0069454340000000003,nonessential,NA
b2028,0.669,0.2085986,5.2094630000000004,2.346644,0.011040289999999999,nonessential,NA
b2029,1.478,0.146806,31.700479999999999,11.01937,0.0062319940000000002,nonessential,NA
b2039,2.337,0.1119023,224.7946,58.202760000000005,-0.0035885190000000001,nonessential,NA
b2041,0.618,0.1932801,4.5780770000000004,1.8939060000000001,-0.017305129999999998,nonessential,NA
b2047,0.3333958,0.1775027,NA,NA,NA,nonessential,NA
b2048,0.3063192,0.163076,NA,NA,NA,nonessential,NA
b2065,1.625,0.1146356,43.641770000000001,11.336779999999999,-0.01073116,nonessential,NA
b2066,0.763,0.1994639,6.3717879999999996,2.7821199999999999,0.0069493350000000001,nonessential,NA
b2067,1.335,0.1548308,23.041869999999999,8.3558170000000036,0.0087792649999999996,nonessential,NA
b2080,1.149,0.1858827,15.430949999999999,6.7934580000000002,0.028838269999999999,nonessential,NA
b2082,0.406,0.1862335,2.7746029999999999,1.1954180000000001,-0.00052489910000000004,nonessential,NA
b2086,1.054,0.1440828,11.986689999999999,3.904846,-0.015723810000000001,nonessential,NA
b2087,0.398,0.1917599,2.7666490000000001,1.2502120000000001,0.018712240000000002,nonessential,NA
b2096,1.949,0.1427701,94.567139999999995,34.351280000000003,0.0084458350000000005,nonessential,NA
b2098,0.44,0.2029026,3.053607,1.489428,0.024114239999999999,nonessential,NA
b2101,0.675,0.1995704,5.206995,2.2189209999999999,-0.0018538960000000001,nonessential,NA
b2104,1.407,0.1342112,26.823689999999999,8.4939600000000013,-0.0046183279999999997,nonessential,NA
b2105,1.434,0.1630782,28.819680000000002,11.051299999999999,0.016406799999999999,nonessential,NA
b2106,0.404,0.1837609,2.7760509999999998,1.187567,-0.0044688899999999997,nonessential,NA
b2111,0.3217372,0.1718466,NA,NA,NA,nonessential,NA
b2113,1.294,0.1437515,20.760750000000002,7.1713300000000002,-0.00075407220000000001,nonessential,NA
b2114,1.522,0.114335,34.28566,8.9644600000000008,-0.01452024,essential,metG
b2124,1.51,0.1526865,34.419049999999999,12.814439999999999,0.01088827,nonessential,NA
b2131,0.789,0.2018847,6.7617070000000004,2.8374470000000001,0.01412093,nonessential,NA
b2134,1.036,0.1857506,11.89358,5.373939,0.022891760000000001,nonessential,NA
b2135,1.041,0.1795408,11.96585,4.8365499999999999,0.017482259999999999,nonessential,NA
b2136,0.878,0.1830179,8.1697010000000017,3.2267410000000001,0.0032438380000000002,nonessential,NA
b2140,0.836,0.159623,7.2807190000000004,2.4613879999999999,-0.030284559999999999,nonessential,NA
b2141,0.529,0.1960101,3.726029,1.638469,-0.011589739999999999,nonessential,NA
b2143,0.75,0.2177882,6.3121850000000004,2.9337979999999999,0.030621260000000001,nonessential,NA
b2144,0.891,0.1634828,8.3418419999999998,2.9483299999999999,-0.01745362,nonessential,NA
b2146,0.3239879,0.168053,NA,NA,NA,nonessential,NA
b2149,0.4,0.1853856,2.7585600000000001,1.1866570000000001,6.2131600000000007e-05,nonessential,NA
b2150,1.791,0.1444865,65.883319999999998,25.329180000000001,0.0086321620000000005,nonessential,NA
b2151,0.819,0.1969145,7.3301369999999997,3.07775,0.01176088,nonessential,NA
b2153,1.747,0.1120878,57.57152,15.12926,-0.0099109379999999993,essential,folE-yeiB
b2154,1.579,0.1463251,39.928840000000001,13.93408,0.0076064369999999997,nonessential,NA
b2155,1.146,0.1809239,15.25836,6.542154,0.024368259999999999,nonessential,NA
b2156,0.76,0.2351817,6.4839000000000002,3.4246349999999999,0.053932330000000001,nonessential,NA
b2157,1.054,0.1723147,12.23493,4.996359,0.010841659999999999,nonessential,NA
b2159,0.742,0.1797711,5.9960050000000003,2.2476660000000002,-0.02132715,nonessential,NA
b2161,0.3473016,0.1747436,NA,NA,NA,nonessential,NA
b2164,0.594,0.205031,4.3733529999999998,1.9871650000000001,0.0017171090000000001,nonessential,NA
b2166,0.615,0.2119484,4.609146,2.0885750000000001,0.01340447,nonessential,NA
b2169,1.286009,0.2208993,21.42484,9.0886449999999996,0.058369669999999998,nonessential,NA
b2170,0.3049311,0.1619057,NA,NA,NA,nonessential,NA
b2171,0.3237905,0.167261,NA,NA,NA,nonessential,NA
b2172,1.789,0.1319787,64.596320000000006,21.412870000000002,0.0019162669999999999,nonessential,NA
b2175,1.652,0.1292657,46.981560000000002,14.41647,-0.001583213,nonessential,NA
b2177,1.216,0.1640465,17.75911,6.8881420000000002,0.012551970000000001,nonessential,NA
b2181,0.3264334,0.1736653,NA,NA,NA,nonessential,NA
b2183,1.162,0.1458614,15.40761,5.3551640000000003,-0.005149364,nonessential,NA
b2184,0.366,0.1777761,2.5094219999999998,1.0588089999999999,0.0024355100000000001,nonessential,NA
b2185,2.644452,0.1297507,455.86270000000002,127.4136,0.0052863679999999996,nonessential,NA
b2186,1.112,0.1602238,13.77948,5.4741650000000002,0.0039576619999999998,nonessential,NA
b2187,1.702,0.09501757,51.543570000000003,11.44416,-0.020733049999999999,nonessential,NA
b2189,0.533,0.2004896,3.787871,1.722774,-0.0044363989999999997,nonessential,NA
b2190,0.603,0.2003276,4.423737,1.9471639999999999,-0.006516572,nonessential,NA
b2192,1.039,0.1655472,11.738350000000001,4.6086859999999996,0.003856094,nonessential,NA
b2193,0.904,0.2114857,8.8874410000000008,4.0101459999999998,0.037654739999999999,nonessential,NA
b2208,1.151,0.1590243,15.190709999999999,5.8267569999999997,0.0054503870000000001,nonessential,NA
b2209,0.403,0.1866255,2.7610060000000001,1.210059,0.0034746209999999998,nonessential,NA
b2210,1.432,0.1617083,29.042539999999999,11.22419,0.015678290000000001,nonessential,NA
b2211,1.389,0.1416012,26.06268,8.4140650000000008,0.00058821739999999996,nonessential,NA
b2213,1.012,0.1906904,11.36739,4.971654,0.026002259999999999,nonessential,NA
b2214,0.901,0.1925315,8.7609739999999992,4.03667,0.017396060000000001,nonessential,NA
b2215,2.164,0.1897571,160.45099999999999,75.915710000000004,0.030708369999999999,nonessential,NA
b2218,0.938,0.1643414,9.2061460000000004,3.4588739999999998,-0.0094673199999999996,nonessential,NA
b2219,0.359,0.1749138,2.4915310000000002,1.0372079999999999,-0.00085885900000000001,nonessential,NA
b2232,0.798,0.163635,6.7237270000000002,2.3157709999999998,-0.032370969999999999,nonessential,NA
b2233,0.2969559,0.1625993,NA,NA,NA,nonessential,NA
b2235,0.3328771,0.1699735,NA,NA,NA,essential,nrdAB-yfaE
b2237,1.029,0.1775539,11.69139,4.8949360000000004,0.01460584,nonessential,NA
b2241,0.891,0.1498796,8.2179279999999988,2.683128,-0.032043969999999998,nonessential,NA
b2244,0.307346,0.1648034,NA,NA,NA,nonessential,NA
b2249,1.252,0.1490343,18.925740000000001,6.6201879999999997,0.001684212,nonessential,NA
b2252,0.3360251,0.1713692,NA,NA,NA,nonessential,NA
b2253,0.391,0.1886298,2.6954920000000002,1.1991430000000001,0.015258259999999999,nonessential,NA
b2258,0.614,0.2244865,4.6658109999999997,2.3441149999999999,0.032939410000000002,nonessential,NA
b2259,0.975,0.1576277,10.056050000000001,3.5298069999999999,-0.01091773,nonessential,NA
b2264,0.39,0.1815429,2.6589879999999999,1.1407959999999999,-0.0020822670000000001,nonessential,NA
b2265,1.067,0.1457405,12.28825,4.1502990000000004,-0.01254531,nonessential,NA
b2266,1.187,0.175054,16.766390000000001,6.950488,0.02072384,nonessential,NA
b2267,0.972,0.1600297,9.8919550000000012,3.5318260000000001,-0.009237182,nonessential,NA
b2269,0.333882,0.1704192,NA,NA,NA,nonessential,NA
b2272,0.585,0.2395793,4.2455439999999998,2.332452,0.061606460000000002,nonessential,NA
b2277,0.449,0.1967987,3.100244,1.4048780000000001,0.0071501000000000004,nonessential,NA
b2288,1.044,0.1928843,12.171250000000001,5.6465690000000004,0.030159060000000001,nonessential,NA
b2291,0.627,0.1964504,4.6495879999999996,1.9557370000000001,-0.011908709999999999,nonessential,NA
b2292,0.464,0.1956507,3.220018,1.4071009999999999,0.00019686430000000001,nonessential,NA
b2294,0.719,0.1901397,5.7845040000000001,2.3168380000000002,-0.01105131,nonessential,NA
b2295,0.378,0.1812034,2.6254719999999998,1.144077,0.002510675,nonessential,NA
b2296,0.648,0.2124685,4.9276109999999997,2.2360630000000001,0.014357450000000001,nonessential,NA
b2298,0.3178864,0.1653935,NA,NA,NA,nonessential,NA
b2299,1.593,0.1244688,40.784469999999999,11.89838,-0.0059631880000000003,nonessential,NA
b2300,0.876,0.179034,8.1216159999999995,3.234064,-0.0015966699999999999,nonessential,NA
b2302,0.789,0.1974721,6.7685959999999996,2.9250910000000001,0.0077837979999999998,nonessential,NA
b2303,1.15,0.142297,14.996930000000001,5.0524170000000002,-0.0093874739999999998,nonessential,NA
b2305,0.3383332,0.1724666,NA,NA,NA,nonessential,NA
b2308,0.516,0.2031932,3.6510699999999998,1.6923589999999999,0.0033791160000000002,nonessential,NA
b2309,1.31,0.1240545,21.276060000000001,5.921265,-0.015494340000000001,nonessential,NA
b2311,1.242,0.1436176,18.389530000000001,6.1123469999999998,-0.002723413,nonessential,NA
b2313,2.29,0.1631467,209.70150000000001,92.182760000000002,0.01820956,nonessential,NA
b2315,0.3395982,0.1709048,NA,NA,NA,essential,folC-dedD
b2317,0.589,0.2042232,4.3371560000000002,1.9394100000000001,3.760834e-05,nonessential,NA
b2319,0.404,0.1893979,2.777873,1.240354,0.0079073479999999998,nonessential,NA
b2320,1.186,0.1596278,16.458120000000001,6.3429460000000004,0.0080426850000000008,nonessential,NA
b2321,1.143,0.1408267,14.68205,4.8233670000000002,-0.010748300000000001,nonessential,NA
b2322,0.605,0.1986094,4.4568630000000002,1.9621,-0.0081139070000000001,nonessential,NA
b2330,0.3182252,0.1682413,NA,NA,NA,nonessential,NA
b2338,0.361,0.1786962,2.4808460000000001,1.055104,0.0087839140000000003,nonessential,NA
b2339,0.2986712,0.1585622,NA,NA,NA,nonessential,NA
b2342,0.544,0.2029914,3.9217590000000002,1.8373520000000001,0.00014211820000000001,nonessential,NA
b2344,1.174,0.1280092,15.5665,4.5964859999999996,-0.019766430000000001,nonessential,NA
b2346,1.376,0.1667489,25.63223,10.9472,0.018400949999999999,nonessential,NA
b2347,0.397,0.1835389,2.7236539999999998,1.1816610000000001,-0.00085478180000000004,nonessential,NA
b2348,1.722,0.161498,56.767870000000002,25.746659999999999,0.018100990000000001,nonessential,NA
b2349,0.408,0.1835589,2.7922579999999999,1.1907719999999999,-0.0064113199999999999,nonessential,NA
b2350,1.603,0.1084641,41.365949999999998,10.38927,-0.0156946,nonessential,NA
b2355,0.3023923,0.1632606,NA,NA,NA,nonessential,NA
b2360,0.377,0.1827989,2.6132879999999998,1.1522969999999999,0.0084543789999999997,nonessential,NA
b2364,0.469,0.19663630000000001,3.2749709999999999,1.440952,0.0009461265,nonessential,NA
b2365,0.3241643,0.1687146,NA,NA,NA,nonessential,NA
b2369,1.975,0.180027,103.7714,47.497369999999997,0.027223790000000001,nonessential,NA
b2372,1.137,0.194018,14.995799999999999,7.2253449999999999,0.03543135,nonessential,NA
b2373,0.568,0.2034706,4.1277100000000004,1.858439,-0.0012736869999999999,nonessential,NA
b2378,1.448,0.1502806,29.866669999999999,10.55156,0.0076386429999999996,nonessential,NA
b2379,0.913,0.2028348,9.0273990000000008,4.0833769999999996,0.02971857,nonessential,NA
b2380,0.542,0.2099973,3.863896,1.797615,0.013228159999999999,nonessential,NA
b2387,0.3133178,0.1641748,NA,NA,NA,nonessential,NA
b2393,0.487,0.1947538,3.3736899999999999,1.4933890000000001,-0.0074924609999999997,nonessential,NA
b2394,1.057,0.1435465,11.956239999999999,3.883651,-0.015416559999999999,nonessential,NA
b2395,1.603,0.1291317,41.985759999999999,13.030139999999999,-0.0025941670000000001,nonessential,NA
b2398,0.907,0.1584476,8.612248000000001,2.941713,-0.020501499999999999,nonessential,NA
b2400,1.071,0.1402554,12.41954,4.0100249999999997,-0.017767419999999999,essential,gltX
b2407,0.3366308,0.169901,NA,NA,NA,nonessential,NA
b2408,0.509,0.1995861,3.5500099999999999,1.6227119999999999,-0.001397096,nonessential,NA
b2413,0.704,0.1929035,5.5735200000000003,2.3273039999999998,-0.0087964299999999992,nonessential,NA
b2414,1.876,0.1111425,77.245570000000001,20.909310000000001,-0.0087316900000000003,nonessential,NA
b2418,0.892,0.1795409,8.4521230000000003,3.3036539999999999,0.001761908,nonessential,NA
b2419,0.388,0.1836856,2.6689129999999999,1.166757,0.0042153249999999998,nonessential,NA
b2423,0.3216236,0.1661988,NA,NA,NA,nonessential,NA
b2425,1.637,0.09545523,44.436599999999999,9.5299639999999997,-0.0226413,nonessential,NA
b2426,0.691,0.1839748,5.3541749999999997,2.128752,-0.023409389999999999,nonessential,NA
b2432,1.275,0.1339886,19.745629999999998,6.1146770000000004,-0.0092670419999999996,nonessential,NA
b2434,1.642,0.1141496,45.349260000000001,11.952,-0.010908589999999999,nonessential,NA
b2435,1.162,0.1669321,15.56174,6.3106720000000003,0.012922929999999999,nonessential,NA
b2437,0.3377729,0.1713059,NA,NA,NA,nonessential,NA
b2441,0.566,0.2051657,4.0764009999999997,1.8644080000000001,0.0023357629999999998,nonessential,NA
b2442,0.768,0.173982,6.2384510000000004,2.3117960000000002,-0.024958230000000001,nonessential,NA
b2450,0.539,0.2161917,3.897637,1.932682,0.02470456,nonessential,NA
b2452,0.76,0.207199,6.329307,2.8146360000000001,0.017090230000000001,nonessential,NA
b2456,0.2969653,0.1581759,NA,NA,NA,nonessential,NA
b2462,0.3267966,0.1683395,NA,NA,NA,nonessential,NA
b2463,0.91,0.1558908,8.5939119999999996,2.9231859999999998,-0.022231270000000001,nonessential,NA
b2464,0.915,0.1842039,8.9885460000000013,3.6650969999999998,0.0091528479999999999,nonessential,NA
b2465,0.385,0.1831563,2.6389659999999999,1.1287750000000001,0.0034192210000000001,nonessential,NA
b2466,0.377,0.185566,2.6187680000000002,1.166194,0.01641194,nonessential,NA
b2467,0.52,0.1947086,3.6597230000000001,1.5808469999999999,-0.01258547,nonessential,NA
b2468,0.3223448,0.1669138,NA,NA,NA,nonessential,NA
b2469,0.407,0.1952692,2.7979919999999998,1.287283,0.02109316,nonessential,NA
b2473,0.543,0.20031,3.8852530000000001,1.7128410000000001,-0.0052983709999999996,nonessential,NA
b2475,1.07,0.1484846,12.44068,4.2283350000000004,-0.010390450000000001,nonessential,NA
b2478,1.63,0.1267742,44.446309999999997,13.33503,-0.0032395750000000002,essential,dapA-nlpB
b2491,0.338087,0.1715285,NA,NA,NA,nonessential,NA
b2496,1.441,0.1376509,28.967220000000001,9.4313729999999989,-0.00083706099999999995,nonessential,NA
b2498,1.153,0.1802611,15.41189,6.8688919999999998,0.02377334,nonessential,NA
b2499,1.674,0.1414742,49.660330000000002,17.467759999999998,0.0059743239999999996,nonessential,NA
b2505,1.783,0.1290092,63.487940000000002,19.78285,0.0001853736,nonessential,NA
b2507,0.3499359,0.1736945,NA,NA,NA,nonessential,NA
b2508,0.776,0.1941906,6.5563339999999997,2.7056789999999999,0.0021861350000000001,nonessential,NA
b2509,1.444,0.1486524,29.388929999999998,10.36647,0.006861593,nonessential,NA
b2511,0.446,0.1948445,3.105391,1.375664,0.0037359580000000002,essential,bamB-der
b2514,1.295,0.1265241,20.588619999999999,6.111294,-0.01384761,essential,hisS
b2516,1.463,0.1974858,32.163360000000004,14.60637,0.040078410000000002,nonessential,NA
b2517,0.802,0.1710591,6.7875500000000004,2.5500910000000001,-0.022904790000000001,nonessential,NA
b2518,1.141517,0.1890651,15.107430000000001,7.4871600000000003,0.030908499999999998,nonessential,NA
b2520,0.833,0.1965841,7.4838420000000001,3.1709390000000002,0.0135865,nonessential,NA
b2521,0.452,0.1893485,3.0993189999999999,1.3326610000000001,-0.01158123,nonessential,NA
b2522,0.383,0.1807511,2.6207590000000001,1.121027,-0.00058333889999999996,nonessential,NA
b2523,0.3195149,0.1658681,NA,NA,NA,nonessential,NA
b2527,0.3201238,0.1640645,NA,NA,NA,nonessential,NA
b2530,0.386,0.1786098,2.6277900000000001,1.09735,-0.0075435399999999996,nonessential,NA
b2531,1.539,0.1314334,36.190080000000002,10.62753,-0.0028952539999999999,nonessential,NA
b2534,0.633,0.2205232,4.8058589999999999,2.3756520000000001,0.027993549999999999,nonessential,NA
b2535,0.874,0.1910712,8.2160510000000002,3.48264,0.01184722,nonessential,NA
b2536,0.822,0.2092219,7.4073560000000001,3.4734470000000002,0.026752870000000002,nonessential,NA
b2548,0.417,0.1955602,2.8993229999999999,1.3461829999999999,0.018305229999999999,nonessential,NA
b2549,0.3095624,0.1661289,NA,NA,NA,nonessential,NA
b2550,1.008,0.1603889,10.895339999999999,3.9558089999999999,-0.0050585839999999997,nonessential,NA
b2551,1.585,0.126396,39.904299999999999,12.131159999999999,-0.004907041,nonessential,NA
b2553,1.006,0.149709,10.69683,3.6046779999999998,-0.0152158,nonessential,NA
b2555,0.431,0.1866748,2.9540579999999999,1.2770630000000001,-0.0090307970000000001,nonessential,NA
b2556,0.372,0.177278,2.5552600000000001,1.062959,-0.0043077300000000001,nonessential,NA
b2560,0.657,0.2084578,5.0886329999999997,2.2842340000000001,0.0087228010000000005,nonessential,NA
b2561,0.384,0.1817381,2.6525910000000001,1.134895,0.001421517,nonessential,NA
b2562,1.374,0.1792952,25.954809999999998,12.47113,0.027105480000000001,nonessential,NA
b2573,1.339,0.1700733,23.72456,9.9274820000000012,0.02007428,nonessential,NA
b2575,0.487,0.2000907,3.391794,1.578144,0.0027744789999999998,nonessential,NA
b2576,1.059,0.1558613,12.15246,4.5737810000000003,-0.0038823989999999999,nonessential,NA
b2577,1.037,0.1738207,11.79922,4.7077809999999998,0.011391490000000001,nonessential,NA
b2580,0.863,0.1655916,7.7908580000000001,2.7549679999999999,-0.018544049999999999,nonessential,NA
b2581,1.287,0.1154019,19.976890000000001,5.3197109999999999,-0.023527949999999999,nonessential,NA
b2582,0.755,0.1761508,6.1101150000000004,2.3065180000000001,-0.024539499999999999,nonessential,NA
b2588,0.3406232,0.1736701,NA,NA,NA,nonessential,NA
b2589,0.528,0.2045534,3.7546780000000002,1.7008160000000001,0.005549277,nonessential,NA
b2590,1.537,0.1723047,37.235869999999998,15.52154,0.02372734,nonessential,NA
b2592,1.606,0.1308623,42.324159999999999,13.34076,-0.0012812940000000001,nonessential,NA
b2594,1.395,0.1520748,26.323039999999999,9.4779460000000011,0.0079180789999999997,nonessential,NA
b2595,1.415,0.1278158,27.045909999999999,8.1031450000000014,-0.0086178420000000006,essential,bamD
b2598,1.75,0.154599,60.395720000000004,23.497250000000001,0.014710579999999999,nonessential,NA
b2601,0.685,0.1970332,5.3294990000000002,2.2709899999999998,-0.0052513680000000002,nonessential,NA
b2609,2.493,0.09991085,318.89420000000001,73.696640000000002,-0.0068947510000000002,essential,rpsP-rimM-trmD-rplS
b2611,0.634,0.1804414,4.7106180000000002,1.87242,-0.036666120000000003,nonessential,NA
b2614,1.446,0.1281052,29.177140000000001,8.6370649999999998,-0.0076179639999999996,essential,grpE
b2615,0.7,0.2013054,5.5674210000000004,2.374879,0.0021354360000000001,essential,nadK
b2616,0.567,0.266205,4.4349509999999999,2.9151799999999999,0.1098745,nonessential,NA
b2617,1.697,0.1108154,51.578710000000001,13.384359999999999,-0.011436989999999999,nonessential,NA
b2619,1.249,0.1610464,18.991199999999999,7.7521129999999996,0.01117925,nonessential,NA
b2620,1.395,0.1469824,26.437080000000002,9.2176870000000015,0.0043338489999999999,nonessential,NA
b2621,0.44,0.1951035,3.038681,1.36398,0.0059324210000000002,nonessential,NA
b2622,0.402,0.1969799,2.7839749999999999,1.32362,0.028873679999999999,nonessential,NA
b2625,0.358,0.1818262,2.5007839999999999,1.1148210000000001,0.01942431,nonessential,NA
b2628,0.64,0.1901904,4.7844980000000001,1.9505429999999999,-0.02035644,nonessential,NA
b2629,0.3500369,0.1733058,NA,NA,NA,nonessential,NA
b2630,0.759,0.1864351,6.2209760000000003,2.505852,-0.010692119999999999,nonessential,NA
b2632,0.707,0.2067711,5.6021349999999996,2.468731,0.011382379999999999,nonessential,NA
b2634,0.3453178,0.1741732,NA,NA,NA,nonessential,NA
b2639,0.882,0.1646974,8.1379179999999991,2.897481,-0.016619809999999999,nonessential,NA
b2641,1.314,0.1471515,21.860140000000001,7.5726620000000002,0.0021829380000000002,nonessential,NA
b2642,1.311,0.1452425,21.674969999999998,7.3832269999999998,0.00056753000000000001,nonessential,NA
b2647,0.3500308,0.1725035,NA,NA,NA,nonessential,NA
b2648,0.76,0.1828484,6.2774049999999999,2.4447519999999998,-0.01448872,nonessential,NA
b2649,0.37,0.1776992,2.5474709999999998,1.069434,-0.00029611710000000002,nonessential,NA
b2651,0.398,0.1924896,2.7724579999999999,1.2741180000000001,0.018712240000000002,nonessential,NA
b2654,0.3430081,0.1745363,NA,NA,NA,nonessential,NA
b2657,0.387,0.1855096,2.6733989999999999,1.161726,0.0099773699999999993,nonessential,NA
b2658,0.992,0.2064586,11.018219999999999,5.1784780000000001,0.039527529999999998,nonessential,NA
b2659,0.615,0.2203689,4.6945430000000004,2.3468849999999999,0.026412600000000001,nonessential,NA
b2666,0.798,0.1969474,6.901707,2.9065439999999998,0.0089824129999999999,nonessential,NA
b2667,1.095,0.2140868,13.860440000000001,7.0240260000000001,0.05208202,nonessential,NA
b2669,1.062,0.1445686,12.15753,4.02806,-0.013971300000000001,nonessential,NA
b2673,0.646,0.2209661,4.9923549999999999,2.461967,0.02819874,nonessential,NA
b2679,0.3206565,0.168256,NA,NA,NA,nonessential,NA
b2680,0.479,0.2231439,3.4286850000000002,1.869008,0.052683500000000001,nonessential,NA
b2682,1.385,0.1333406,25.660589999999999,7.8400689999999997,-0.0060185500000000001,nonessential,NA
b2685,0.31225579999999997,0.1653013,NA,NA,NA,nonessential,NA
b2687,0.409,0.1816653,2.818362,1.1987760000000001,-0.01177338,nonessential,NA
b2688,1.448,0.1193488,29.06718,7.8877920000000001,-0.0137702,nonessential,NA
b2690,0.952,0.1541596,9.5728960000000001,3.3222019999999999,-0.01811813,nonessential,NA
b2691,0.612,0.2059657,4.5451300000000003,2.0349339999999998,0.0035773430000000002,nonessential,NA
b2692,0.3280339,0.1703022,NA,NA,NA,nonessential,NA
b2697,1.297,0.1123127,20.50159,5.282216,-0.025325159999999999,nonessential,NA
b2698,0.3249515,0.1653734,NA,NA,NA,nonessential,NA
b2699,1.284,0.1806655,21.00591,9.8642700000000012,0.027715980000000001,nonessential,NA
b2700,0.793,0.1697923,6.7114950000000002,2.382136,-0.025731150000000001,nonessential,NA
b2702,0.953,0.2110479,9.9564840000000032,4.6778890000000004,0.041832960000000002,nonessential,NA
b2706,0.384,0.189384,2.6737199999999999,1.1871229999999999,0.01965068,nonessential,NA
b2707,0.794,0.1955041,6.7640820000000001,2.830562,0.0071905169999999996,nonessential,NA
b2709,0.76,0.2143351,6.407152,3.0324089999999999,0.026300750000000001,nonessential,NA
b2710,1.269446,0.2437694,21.499389999999998,11.2561,0.076562740000000004,nonessential,NA
b2713,0.3393604,0.1741812,NA,NA,NA,nonessential,NA
b2714,1.125,0.1523101,14.21956,5.2079630000000003,-0.0023108120000000002,nonessential,NA
b2724,0.3159282,0.1688542,NA,NA,NA,nonessential,NA
b2731,0.688,0.2244776,5.517182,2.6536050000000002,0.034318059999999997,nonessential,NA
b2732,0.409,0.1863516,2.8202240000000001,1.215401,-0.00199343,nonessential,NA
b2733,0.512,0.1900633,3.6096569999999999,1.5154510000000001,-0.021389160000000001,nonessential,NA
b2735,0.716,0.2071143,5.7644739999999999,2.628485,0.012284349999999999,nonessential,NA
b2736,0.3397159,0.1819815,NA,NA,NA,nonessential,NA
b2740,0.438,0.1913129,3.0049670000000002,1.331215,-0.002432498,nonessential,NA
b2741,0.3115737,0.1688522,NA,NA,NA,nonessential,NA
b2742,0.3334035,0.1679242,NA,NA,NA,nonessential,NA
b2749,0.482,0.2026425,3.3606479999999999,1.5650949999999999,0.010156190000000001,nonessential,NA
b2752,1.697,0.115983,51.883049999999997,13.926629999999999,-0.0084906110000000003,nonessential,NA
b2753,0.67,0.1890364,5.0918039999999998,2.0536880000000002,-0.01873909,nonessential,NA
b2761,0.3514126,0.1747257,NA,NA,NA,nonessential,NA
b2762,0.399,0.1831353,2.739935,1.172517,-0.0044222100000000002,nonessential,NA
b2764,1.583,0.1134756,39.553019999999997,9.909282000000001,-0.01316991,nonessential,NA
b2765,0.975,0.1696711,10.17614,4.1002510000000001,0.001389965,nonessential,NA
b2773,0.477,0.1940408,3.2758630000000002,1.4489399999999999,-0.0074049140000000003,nonessential,NA
b2774,0.468,0.201739,3.2471019999999999,1.517954,0.01190369,nonessential,NA
b2775,0.443,0.2014294,3.0588709999999999,1.456779,0.018358570000000001,nonessential,NA
b2777,0.831,0.1835956,7.3947929999999999,3.0186999999999999,-0.002316345,nonessential,NA
b2779,0.319368,0.1678845,NA,NA,NA,essential,eno;pyrG-eno
b2780,1.481,0.1481427,32.132420000000003,11.595090000000001,0.0069725100000000003,essential,pyrG-eno
b2781,0.385,0.1808988,2.6537039999999998,1.137162,-0.001775584,nonessential,NA
b2783,0.849,0.1946599,7.7714439999999998,3.3840659999999998,0.01327689,nonessential,NA
b2784,0.3173001,0.166136,NA,NA,NA,nonessential,NA
b2785,0.788,0.1995969,6.7704319999999987,2.8798349999999999,0.01145763,nonessential,NA
b2786,0.541,0.2028396,3.86327,1.769182,0.00040175479999999999,nonessential,NA
b2789,0.376,0.1824971,2.5836049999999999,1.12232,0.006454324,nonessential,NA
b2793,0.838,0.1802668,7.4303860000000004,2.780897,-0.0060552480000000001,nonessential,NA
b2794,0.804,0.1640368,6.7974909999999999,2.416455,-0.031265080000000001,nonessential,NA
b2805,1.021,0.1601384,11.274889999999999,3.9974560000000001,-0.0036917510000000001,nonessential,NA
b2808,0.547,0.1988639,3.8853399999999998,1.7121200000000001,-0.0074107749999999997,nonessential,NA
b2809,0.37,0.1808886,2.5355020000000001,1.074951,0.0078119909999999999,nonessential,NA
b2810,1.028,0.1804546,11.63377,5.1194740000000003,0.016469259999999999,nonessential,NA
b2812,0.58,0.1875784,4.133858,1.6989430000000001,-0.027444909999999999,nonessential,NA
b2814,0.756,0.1793116,6.1427909999999999,2.3790450000000001,-0.020403259999999999,nonessential,NA
b2817,0.937,0.1674299,9.2175480000000007,3.5084330000000001,-0.006401426,nonessential,NA
b2818,1.234,0.1449455,18.087309999999999,6.283347,-0.0022582850000000001,nonessential,NA
b2828,0.915,0.1499106,8.7109269999999999,2.8291360000000001,-0.028005619999999998,essential,lgt;lgt-thyA
b2830,1.363,0.1384666,24.319489999999998,7.840732,-0.0030675709999999998,nonessential,NA
b2831,0.551,0.2044299,3.9552369999999999,1.7897449999999999,0.0014257110000000001,nonessential,NA
b2832,0.759,0.1746926,6.2359640000000001,2.2874650000000001,-0.02518488,nonessential,NA
b2833,0.687,0.2019005,5.3634560000000002,2.302562,0.0022429339999999998,nonessential,NA
b2837,0.543,0.2078444,3.9077899999999999,1.765611,0.0094345939999999993,nonessential,NA
b2838,1.123,0.1345198,13.85975,4.2775449999999999,-0.017587410000000001,nonessential,NA
b2839,0.778,0.1917273,6.5786059999999997,2.7019099999999998,-0.0001084778,nonessential,NA
b2840,1.125,0.1509805,14.133459999999999,4.9415079999999998,-0.0031997010000000001,nonessential,NA
b2841,1.888,0.1312265,81.061719999999994,26.610669999999999,0.0019922160000000002,nonessential,NA
b2845,0.497,0.1946204,3.4257770000000001,1.507558,-0.0093614509999999998,nonessential,NA
b2846,0.744,0.2156451,6.2371720000000002,3.0067900000000001,0.027379750000000001,nonessential,NA
b2847,0.3458784,0.1745662,NA,NA,NA,nonessential,NA
b2849,0.83,0.2036827,7.4858739999999999,3.3321969999999999,0.02163143,nonessential,NA
b2850,0.373,0.1793865,2.5821049999999999,1.102071,0.00041007890000000001,nonessential,NA
b2851,0.3137945,0.1657247,NA,NA,NA,nonessential,NA
b2852,0.3413458,0.1719857,NA,NA,NA,nonessential,NA
b2853,0.63,0.2297782,4.8563539999999996,2.4870700000000001,0.04225897,nonessential,NA
b2861,0.992,0.1748147,10.642139999999999,4.2603080000000002,0.0082775330000000001,nonessential,NA
b2863,0.363,0.1768742,2.5080170000000002,1.056837,0.0018054189999999999,nonessential,NA
b2864,0.597,0.1967219,4.3228540000000004,1.8632219999999999,-0.011676560000000001,nonessential,NA
b2871,0.2998289,0.1599835,NA,NA,NA,nonessential,NA
b2872,0.3226968,0.1687474,NA,NA,NA,nonessential,NA
b2888,1.449,0.1414187,29.774730000000002,9.8515550000000029,0.001448541,nonessential,NA
b2889,0.847,0.2201428,7.9922319999999996,4.0186120000000001,0.042534309999999999,nonessential,NA
b2891,1.415,0.1258142,27.144169999999999,7.9345460000000001,-0.01003127,nonessential,NA
b2895,0.939,0.1543703,9.1862209999999997,3.2022029999999999,-0.01998159,nonessential,NA
b2899,0.744,0.2281473,6.4272749999999998,3.5804170000000002,0.043508779999999997,nonessential,NA
b2901,0.479,0.1985391,3.3569840000000002,1.4886729999999999,0.0025791170000000001,nonessential,NA
b2902,0.515,0.2015534,3.6334339999999998,1.658981,0.0015889330000000001,nonessential,NA
b2903,0.737,0.1915632,5.963514,2.4608639999999999,-0.005842234,nonessential,NA
b2905,0.459,0.1968967,3.155538,1.4006019999999999,0.0038522790000000001,nonessential,NA
b2913,2.309,0.1137242,215.98779999999999,54.585760000000001,-0.0030032610000000001,nonessential,NA
b2914,1.224,0.1541774,17.83034,6.6523079999999997,0.0046508890000000001,nonessential,NA
b2916,0.756,0.1761792,6.1478070000000002,2.3341660000000002,-0.024371520000000001,nonessential,NA
b2921,0.684,0.211007,5.3705530000000001,2.6268180000000001,0.01510916,nonessential,NA
b2922,1.004,0.1529305,10.721579999999999,3.6992020000000001,-0.01246619,nonessential,NA
b2924,1.749,0.1237245,58.50553,17.10868,-0.0030164100000000002,nonessential,NA
b2926,0.337908,0.1710369,NA,NA,NA,essential,epd-pgk;epd-pgk-fbaA;pgk;pgk-fbaA
b2929,1.305,0.1360156,21.253139999999998,6.800173,-0.0065187409999999998,nonessential,NA
b2935,1.659,0.1256838,47.666730000000001,14.69613,-0.0032633660000000002,nonessential,NA
b2936,0.704,0.2012086,5.5697330000000003,2.539803,0.0025672059999999998,nonessential,NA
b2937,0.527,0.1880687,3.7028400000000001,1.5412790000000001,-0.026580550000000001,nonessential,NA
b2941,0.426,0.1901501,2.9223710000000001,1.2744869999999999,-4.1854699999999998e-05,nonessential,NA
b2942,0.393,0.183919,2.7019609999999998,1.156093,0.0013380849999999999,essential,metK
b2943,0.948,0.1647664,9.4981799999999996,3.3878020000000002,-0.0070794539999999998,nonessential,NA
b2956,0.746,0.1888875,6.0679030000000003,2.437783,-0.0086227500000000002,nonessential,NA
b2957,0.358,0.1746963,2.479762,1.02399,-0.0001287641,nonessential,NA
b2960,1.217,0.1141211,17.077860000000001,4.5652920000000003,-0.028498329999999999,nonessential,NA
b2961,1.039,0.1374305,11.5219,3.6124499999999999,-0.024055360000000001,nonessential,NA
b2963,0.3035067,0.1623891,NA,NA,NA,nonessential,NA
b2964,0.69,0.1834469,5.3059440000000002,2.10215,-0.02499647,nonessential,NA
b2965,0.842,0.1668235,7.4093499999999999,2.5707110000000002,-0.020885870000000001,nonessential,NA
b2966,0.39,0.1856646,2.6811669999999999,1.1536409999999999,0.008174143,nonessential,NA
b2972,0.601,0.2232463,4.5106729999999997,2.262178,0.031702660000000001,nonessential,NA
b2974,0.377,0.1891715,2.633559,1.2030080000000001,0.024369499999999999,nonessential,NA
b2976,0.3188947,0.1671467,NA,NA,NA,nonessential,NA
b2980,1.1,0.1683896,13.50006,5.3303229999999999,0.01040058,nonessential,NA
b2988,0.929,0.165887,9.0682500000000008,3.3319960000000002,-0.0085531200000000009,nonessential,NA
b2989,0.751,0.2050207,6.2305720000000004,2.7652700000000001,0.01340417,nonessential,NA
b2997,0.3414671,0.1749929,NA,NA,NA,nonessential,NA
b3007,1.477,0.1388038,31.422899999999998,9.9910940000000004,0.00079379020000000002,nonessential,NA
b3008,0.607,0.1958058,4.4155949999999997,1.885003,-0.012990089999999999,nonessential,NA
b3012,0.875,0.188707,8.1705900000000007,3.4277009999999999,0.0096890299999999995,nonessential,NA
b3013,1.78,0.1339181,63.144350000000003,20.976120000000002,0.0029666900000000001,nonessential,NA
b3014,0.3124699,0.1611624,NA,NA,NA,nonessential,NA
b3016,0.48,0.1975886,3.3184909999999999,1.486755,0.00025184250000000001,nonessential,NA
b3017,0.3047529,0.1614653,NA,NA,NA,nonessential,NA
b3018,0.788,0.1868237,6.6373040000000003,2.74268,-0.0050398300000000004,essential,plsC
b3019,0.801,0.1709226,6.7990079999999997,2.4793780000000001,-0.023078120000000001,nonessential,NA
b3020,0.418,0.1921047,2.9103089999999998,1.314527,0.0082414069999999992,nonessential,NA
b3022,1.288,0.1831093,21.127179999999999,9.7321570000000008,0.029319390000000001,nonessential,NA
b3024,0.488,0.2004627,3.3862009999999998,1.55098,0.0025527520000000001,nonessential,NA
b3025,0.3391939,0.1710034,NA,NA,NA,nonessential,NA
b3027,0.3070918,0.1604763,NA,NA,NA,nonessential,NA
b3032,0.362,0.1784954,2.503914,1.0596589999999999,0.0052832829999999997,nonessential,NA
b3034,1.131,0.1466719,14.41366,4.9907320000000004,-0.0063241820000000002,essential,nudF-yqiB-cpdA-yqiA-parE
b3035,0.95,0.1619046,9.474278,3.3696359999999999,-0.0099784620000000004,nonessential,NA
b3039,0.498,0.2015327,3.5021629999999999,1.585574,0.0045243139999999998,nonessential,NA
b3040,1.521,0.1323991,34.759830000000001,10.859059999999999,-0.0027205369999999999,nonessential,NA
b3041,1.892,0.1289556,81.440960000000004,25.603840000000002,0.00095559629999999996,nonessential,NA
b3042,1.421,0.1438096,27.886590000000002,9.519164,0.0028384970000000002,nonessential,NA
b3043,0.323249,0.1702187,NA,NA,NA,nonessential,NA
b3044,0.482,0.2008865,3.3673839999999999,1.5378860000000001,0.0060068129999999997,nonessential,NA
b3049,1.493,0.1928233,34.099269999999997,16.158909999999999,0.037366410000000003,nonessential,NA
b3050,0.47,0.1959754,3.2776070000000002,1.475446,-0.001451698,nonessential,NA
b3054,0.838,0.1629234,7.3530049999999996,2.558433,-0.026341639999999999,nonessential,NA
b3055,0.546,0.2018583,3.8931749999999998,1.747036,-0.0018516940000000001,essential,htrG-cca
b3056,0.855,0.1734212,7.7228339999999998,2.9579260000000001,-0.011684119999999999,essential,htrG-cca
b3057,0.53,0.1996619,3.7334860000000001,1.649672,-0.0041338319999999996,nonessential,NA
b3058,0.616,0.1971798,4.5705489999999998,1.994092,-0.01093587,nonessential,NA
b3059,1.076,0.1383648,12.522349999999999,3.9509949999999998,-0.01913407,nonessential,NA
b3060,1.111,0.1555677,13.81474,5.1163550000000004,0.00029008300000000001,nonessential,NA
b3061,0.3374955,0.1782965,NA,NA,NA,nonessential,NA
b3064,1.109,0.1529826,13.71625,5.0026099999999998,-0.0025570319999999999,essential,tsaD
b3065,2.131,0.1235642,141.44120000000001,45.042630000000003,-3.6035080000000002e-05,nonessential,NA
b3067,0.3224304,0.1674269,NA,NA,NA,nonessential,NA
b3068,1.171,0.1577808,15.87383,6.012886,0.0056387210000000002,nonessential,NA
b3069,1.529,0.1299244,35.337389999999999,11.09686,-0.0038152870000000001,nonessential,NA
b3070,0.72,0.213758,5.8470389999999997,2.7622710000000001,0.02241841,nonessential,NA
b3071,0.515,0.2137974,3.6882000000000001,1.8562829999999999,0.0248899,nonessential,NA
b3072,0.538,0.2128198,3.8864230000000002,1.8846940000000001,0.019268549999999999,nonessential,NA
b3073,1.407,0.2350807,29.46482,16.6736,0.067165610000000001,nonessential,NA
b3074,1.053,0.199467,12.52439,5.8309040000000003,0.036404649999999997,nonessential,NA
b3078,0.419,0.1907898,2.8877980000000001,1.289938,0.0053884670000000001,nonessential,NA
b3079,0.2988592,0.1584778,NA,NA,NA,nonessential,NA
b3083,0.498,0.2014586,3.4960290000000001,1.5749850000000001,0.0025162819999999999,nonessential,NA
b3084,1.079,0.1444085,12.736840000000001,4.4053300000000002,-0.013277870000000001,nonessential,NA
b3085,1.28,0.1582468,20.429659999999998,7.9688220000000003,0.0096948929999999996,nonessential,NA
b3086,0.2993295,0.1588453,NA,NA,NA,nonessential,NA
b3087,0.875,0.1737682,8.0868770000000012,3.086141,-0.0074538269999999997,nonessential,NA
b3088,0.556,0.2005131,3.9998300000000002,1.7709159999999999,-0.0043042840000000002,nonessential,NA
b3089,1.307,0.1569308,21.64368,8.0846119999999999,0.0096228430000000007,nonessential,NA
b3090,0.496,0.1906687,3.4521790000000001,1.477511,-0.01725258,nonessential,NA
b3092,0.841,0.1581426,7.4360010000000001,2.480559,-0.031757599999999997,nonessential,NA
b3094,1.378,0.1587076,25.711490000000001,9.8461000000000016,0.012624389999999999,nonessential,NA
b3097,0.625,0.2082707,4.6478570000000001,2.0931350000000002,0.0071634280000000003,nonessential,NA
b3101,0.533,0.1978144,3.7687110000000001,1.642252,-0.0081887439999999995,nonessential,NA
b3102,0.677,0.196919,5.2677079999999998,2.184761,-0.0060937250000000004,nonessential,NA
b3103,0.865,0.159695,7.8155789999999996,2.6280559999999999,-0.025152210000000001,nonessential,NA
b3105,1.388,0.1445207,25.923410000000001,8.8780840000000012,0.0027225320000000002,nonessential,NA
b3106,0.537,0.2013269,3.7909269999999999,1.7373970000000001,-0.0029455850000000001,nonessential,NA
b3117,0.563,0.2098613,4.0564109999999998,1.9127019999999999,0.011363059999999999,nonessential,NA
b3118,0.3261318,0.1669161,NA,NA,NA,nonessential,NA
b3122,0.494,0.202806,3.4519229999999999,1.5814429999999999,0.0073618820000000001,nonessential,NA
b3128,0.338089,0.173102,NA,NA,NA,nonessential,NA
b3129,1.08,0.1778635,13.05813,5.3764390000000004,0.018296139999999999,nonessential,NA
b3131,1.027,0.1618192,11.404339999999999,4.2692959999999998,-0.0011381200000000001,nonessential,NA
b3132,0.523,0.2197044,3.7738459999999998,1.94278,0.034896009999999998,nonessential,NA
b3136,0.3329593,0.1733973,NA,NA,NA,nonessential,NA
b3146,0.416,0.1852345,2.8345220000000002,1.2149730000000001,-0.0076372999999999996,nonessential,NA
b3147,0.976,0.1597079,10.051640000000001,3.7287970000000001,-0.0087437890000000001,nonessential,NA
b3151,0.654,0.2026768,5.0226860000000002,2.3000940000000001,0.00089025740000000001,nonessential,NA
b3152,0.674,0.2014589,5.221184,2.2893789999999998,-0.00046499520000000002,nonessential,NA
b3153,0.497,0.2135495,3.530662,1.7731110000000001,0.02886793,nonessential,NA
b3154,0.691,0.1834901,5.341386,2.077162,-0.024856570000000001,nonessential,NA
b3155,0.728,0.1938272,5.8926160000000003,2.548133,-0.0043191499999999999,nonessential,NA
b3157,0.912,0.1630384,8.6865320000000015,3.0709840000000002,-0.01424124,nonessential,NA
b3158,0.2976315,0.1608726,NA,NA,NA,nonessential,NA
b3160,0.466,0.2010844,3.2666089999999999,1.484281,0.01036224,nonessential,NA
b3161,0.728,0.2108303,5.980467,2.7633589999999999,0.019032500000000001,nonessential,NA
b3162,0.608,0.189305,4.4215470000000003,1.8420080000000001,-0.02446015,nonessential,NA
b3163,1.083,0.1605132,12.91963,4.9105819999999998,0.0027869829999999998,nonessential,NA
b3164,1.158,0.1331881,15.010350000000001,4.7045870000000001,-0.016623840000000001,nonessential,NA
b3165,2.065199,0.1868907,125.3814,63.274630000000002,0.028893510000000001,nonessential,NA
b3167,0.446,0.190769,3.0776810000000001,1.34165,-0.005232652,nonessential,NA
b3170,0.95,0.1606612,9.4836980000000004,3.4244889999999999,-0.01103109,essential,metY-yhbC-nusA-infB;metY-yhbC-nusA-infB-rbfA-truB-rpsO-pnp;rimP-nusA-infB
b3172,0.592,0.1963213,4.3020880000000004,1.8380289999999999,-0.01348275,nonessential,NA
b3173,0.848,0.1905937,7.7243339999999998,3.226448,0.0084307630000000008,nonessential,NA
b3178,1.283,0.1489879,20.435230000000001,7.1572529999999999,0.0027615140000000001,nonessential,NA
b3179,1.243,0.1479452,18.470580000000002,6.4564409999999999,0.0005368657,essential,rlmE-ftsH
b3181,1.193,0.128591,16.201709999999999,4.8581089999999998,-0.017637900000000001,nonessential,NA
b3182,1.212,0.1320499,17.046189999999999,5.2832739999999996,-0.0139902,nonessential,NA
b3184,0.3010063,0.1605514,NA,NA,NA,essential,rplU-rpmA-yhbE-obgE
b3187,1.55,0.1474319,37.479959999999998,12.869059999999999,0.0077131989999999996,essential,ispB
b3189,0.3234979,0.1671997,NA,NA,NA,essential,ibaG-murA;murA
b3190,1.231,0.1408621,17.908449999999998,6.034948,-0.0056385599999999999,essential,ibaG-murA
b3195,1.152,0.144748,14.9734,5.0512860000000002,-0.0066474430000000003,nonessential,NA
b3196,0.873,0.1670564,8.0201900000000013,2.9370949999999998,-0.015772020000000001,essential,yrbG-kdsDC-lptCAB
b3207,2.098,0.1538597,133.74029999999999,50.765889999999999,0.014022450000000001,nonessential,NA
b3210,0.888,0.172886,8.3434600000000003,3.245743,-0.0066665719999999999,nonessential,NA
b3212,0.972,0.1752653,10.18552,4.1993640000000001,0.0061949170000000003,nonessential,NA
b3215,0.355007,0.1789991,NA,NA,NA,nonessential,NA
b3218,0.3544668,0.1780966,NA,NA,NA,nonessential,NA
b3219,0.39,0.1826954,2.688707,1.169106,0.0004818353,nonessential,NA
b3220,0.386,0.1873482,2.6586910000000001,1.176904,0.01318185,nonessential,NA
b3224,0.3070363,0.1643463,NA,NA,NA,nonessential,NA
b3225,0.434,0.1915365,2.9826459999999999,1.3422460000000001,0.0013771180000000001,nonessential,NA
b3226,0.587,0.2006277,4.2820819999999999,1.8641749999999999,-0.0050610109999999998,nonessential,NA
b3229,1.366,0.1455422,24.589960000000001,8.5519680000000005,0.0028805710000000002,nonessential,NA
b3232,1.299,0.1332346,20.77037,6.3713090000000001,-0.0090540529999999994,nonessential,NA
b3233,1.482,0.1284507,31.660589999999999,9.4543430000000015,-0.0065015100000000003,nonessential,NA
b3234,0.929,0.1689014,9.108257,3.308459,-0.0053238410000000002,nonessential,NA
b3235,0.378,0.1990599,2.663767,1.310983,0.050129720000000003,nonessential,NA
b3239,0.812,0.2159607,7.3012699999999997,3.5988259999999999,0.03423793,nonessential,NA
b3243,0.527,0.191799,3.6867619999999999,1.5961289999999999,-0.018990420000000001,nonessential,NA
b3250,0.386,0.1829027,2.6436280000000001,1.1361699999999999,0.0028191539999999999,essential,mreBCD;mreCD
b3252,1.193,0.1461965,16.484249999999999,5.6350610000000003,-0.0033881110000000001,nonessential,NA
b3253,0.595,0.1943712,4.3338419999999998,1.820889,-0.016769510000000001,nonessential,NA
b3255,1.624,0.116834,43.798180000000002,11.877599999999999,-0.0095258240000000004,essential,accBC
b3260,1.666284,0.1832376,49.885820000000002,22.087710000000001,0.030606379999999999,nonessential,NA
b3262,0.2882464,0.1570318,NA,NA,NA,nonessential,NA
b3263,0.722,0.207135,5.9023709999999996,2.6684019999999999,0.01290445,nonessential,NA
b3267,0.402,0.192181,2.7828840000000001,1.2437879999999999,0.016435870000000002,nonessential,NA
b3268,0.818,0.1769332,7.1181260000000002,2.6903139999999999,-0.012820379999999999,nonessential,NA
b3269,0.3288792,0.1688392,NA,NA,NA,nonessential,NA
b3270,0.3232218,0.1686346,NA,NA,NA,nonessential,NA
b3274,0.3399936,0.1733797,NA,NA,NA,nonessential,NA
b3275,0.505,0.1988716,3.5207229999999998,1.588937,-0.0027243459999999999,nonessential,NA
b3278,2.765,0.1005956,596.98590000000002,140.03039999999999,-0.0035258669999999998,nonessential,NA
b3287,1.495,0.1547715,33.365720000000003,12.488239999999999,0.01194984,essential,def-fmt
b3290,0.785,0.2074659,6.7630239999999997,3.0680320000000001,0.019989549999999998,nonessential,NA
b3291,1.19,0.1623387,16.557539999999999,6.461055,0.0098987999999999993,nonessential,NA
b3293,1.153,0.1631765,15.34704,5.9608480000000004,0.0090291899999999994,nonessential,NA
b3298,2.689,0.1228622,508.74450000000002,162.46530000000001,0.0038215110000000001,essential,rpsMKD-rpoA-rplQ
b3310,2.917,0.1336482,870.64269999999999,306.17180000000002,0.0095559340000000003,essential,rplNXE-rpsNH-rplFR-rpsE-rpmD-rplO-secY-rpmJ
b3321,2.446,0.08982669,286.16539999999998,60.364669999999997,-0.01151922,essential,rpsJ-rplCDWB-rpsS-rplV-rpsC-rplP-rpmC-rpsQ
b3337,1.375,0.1785578,25.83878,11.25243,0.027113689999999999,nonessential,NA
b3338,0.3116517,0.1685201,NA,NA,NA,nonessential,NA
b3339,1.377,0.1451258,25.16677,8.652510000000003,0.0024386870000000001,essential,fusA-tufA;rpsLG-fusA-tufA
b3341,0.555,0.2069272,4.0225410000000004,1.87073,0.0065596580000000003,nonessential,NA
b3342,2.786,0.121012,632.87980000000005,194.07980000000001,0.0038875989999999998,essential,rpsLG-fusA-tufA
b3346,1.55,0.1349035,37.505270000000003,12.025589999999999,-2.8736400000000002e-05,nonessential,NA
b3348,0.711,0.2081533,5.6883359999999996,2.6129449999999999,0.01318532,nonessential,NA
b3349,1.864,0.1240369,76.277799999999999,24.240089999999999,-0.001891719,nonessential,NA
b3351,1.553,0.1341743,37.47889,11.540749999999999,-0.00060096140000000004,nonessential,NA
b3352,0.652,0.1947997,4.9505350000000004,2.1030920000000002,-0.01152366,nonessential,NA
b3355,0.30991,0.1638752,NA,NA,NA,nonessential,NA
b3356,1.097,0.1312624,13.046860000000001,3.9828329999999998,-0.02352334,nonessential,NA
b3357,1.557,0.1257391,37.60257,10.81598,-0.0056426690000000003,nonessential,NA
b3358,0.658,0.2183087,5.1272489999999999,2.4294449999999999,0.023984490000000001,nonessential,NA
b3359,1.022,0.142104,11.10243,3.5564879999999999,-0.021202169999999999,nonessential,NA
b3362,0.926,0.2162548,9.5085580000000007,4.9337369999999998,0.045028520000000002,nonessential,NA
b3363,1.208,0.1366921,16.940249999999999,5.336398,-0.01008161,nonessential,NA
b3369,0.3562748,0.1828093,NA,NA,NA,nonessential,NA
b3370,0.52,0.2362575,3.8807209999999999,2.1795089999999999,0.066260689999999997,nonessential,NA
b3379,0.712,0.1970279,5.6356270000000004,2.4449779999999999,-0.002165855,nonessential,NA
b3381,0.492,0.2141286,3.4803289999999998,1.7569539999999999,0.030153010000000001,nonessential,NA
b3383,0.3154197,0.1680181,NA,NA,NA,nonessential,NA
b3386,0.3370473,0.1706696,NA,NA,NA,essential,aroKB-damX-dam-rpe-gph-trpS;dam-rpe-gph-trpS;damX-dam-rpe-gph-trpS;rpe-gph-trpS
b3387,0.506,0.1992923,3.5667460000000002,1.5972,-0.0028878599999999999,essential,aroKB-damX-dam-rpe-gph-trpS;dam-rpe-gph-trpS;damX-dam-rpe-gph-trpS
b3388,0.546,0.2107522,3.9508580000000002,1.8705290000000001,0.01463182,essential,aroKB-damX-dam-rpe-gph-trpS;damX-dam-rpe-gph-trpS
b3390,1.632,0.1140385,44.267870000000002,11.771240000000001,-0.011163060000000001,essential,aroKB-damX-dam-rpe-gph-trpS
b3395,0.701,0.188868,5.5004520000000001,2.2166540000000001,-0.01487573,nonessential,NA
b3397,1.299,0.1531138,21.112909999999999,7.8828620000000003,0.0063424060000000001,nonessential,NA
b3398,0.406,0.2012587,2.8095330000000001,1.382738,0.036420910000000001,essential,igaA
b3402,0.527,0.1998637,3.7139199999999999,1.648542,-0.0038101509999999999,nonessential,NA
b3403,0.817,0.1963036,7.1955419999999997,3.1156730000000001,0.010274,nonessential,NA
b3405,0.893,0.1573541,8.3122180000000014,2.8428330000000002,-0.023858500000000001,nonessential,NA
b3406,0.682,0.2065063,5.3579600000000003,2.4581900000000001,0.0090911480000000003,nonessential,NA
b3407,1.025,0.1928981,11.767720000000001,5.2639709999999997,0.028909219999999999,nonessential,NA
b3411,0.3503061,0.179953,NA,NA,NA,nonessential,NA
b3415,0.518,0.1954436,3.6321110000000001,1.564076,-0.012360100000000001,nonessential,NA
b3425,1.767,0.1362185,61.94755,21.62311,0.0039937460000000003,nonessential,NA
b3426,0.753,0.2378981,6.3988350000000001,3.5179499999999999,0.057461959999999999,nonessential,NA
b3427,0.426,0.1938383,2.9502139999999999,1.3269599999999999,0.0093478169999999996,nonessential,NA
b3432,0.636,0.2115276,4.8293799999999996,2.2398829999999998,0.01387335,nonessential,NA
b3433,2.05,0.1323605,117.3539,38.214080000000003,0.0032838450000000001,essential,asd
b3434,0.634,0.1975841,4.7377279999999997,2.0287359999999999,-0.0082749490000000002,nonessential,NA
b3437,0.3336274,0.1739359,NA,NA,NA,nonessential,NA
b3438,0.937,0.1758947,9.3190630000000017,3.6872120000000002,0.0032036970000000001,nonessential,NA
b3439,0.524,0.1989175,3.7057220000000002,1.6603669999999999,-0.0053732770000000001,nonessential,NA
b3441,0.3302195,0.1779954,NA,NA,NA,nonessential,NA
b3442,0.371,0.1893602,2.5840459999999998,1.1519710000000001,0.02868828,nonessential,NA
b3447,0.572,0.2127167,4.2160630000000001,2.0165389999999999,0.016078390000000001,nonessential,NA
b3452,0.3127899,0.1640155,NA,NA,NA,nonessential,NA
b3453,1.076,0.2103269,13.436970000000001,6.8543060000000002,0.047780419999999997,nonessential,NA
b3461,1.79,0.1460738,65.521510000000006,24.809660000000001,0.0097453839999999993,essential,rpoH
b3464,1.283,0.1487274,20.386240000000001,7.3491549999999997,0.0027615140000000001,essential,ftsYEX
b3465,1.35,0.1433117,23.578869999999998,7.9508650000000003,0.00023183909999999999,nonessential,NA
b3467,1.455,0.1404617,29.986270000000001,9.7576160000000005,0.00091290459999999996,nonessential,NA
b3468,0.766,0.2259734,6.5618299999999996,3.316757,0.042583790000000003,nonessential,NA
b3469,0.629,0.1993836,4.6815290000000003,2.0237039999999999,-0.0070072859999999997,nonessential,NA
b3470,1.144,0.1690577,15.026300000000001,6.275811,0.013798410000000001,nonessential,NA
b3471,0.871,0.2172182,8.4993739999999995,4.7086300000000003,0.041313559999999999,nonessential,NA
b3474,0.517,0.1999019,3.6500499999999998,1.6711050000000001,-0.0025725079999999998,nonessential,NA
b3482,0.3504372,0.177075,NA,NA,NA,nonessential,NA
b3487,1.295,0.1685364,21.31878,8.9291990000000006,0.018584819999999998,nonessential,NA
b3488,0.784,0.2006426,6.706245,2.8949029999999998,0.01221948,nonessential,NA
b3490,1.122,0.1532045,14.148289999999999,5.1496000000000004,-0.001627929,nonessential,NA
b3493,1.514,0.1268402,34.035730000000001,9.9445990000000002,-0.0062123200000000003,nonessential,NA
b3494,1.465,0.1653277,31.412199999999999,12.195259999999999,0.018233059999999999,nonessential,NA
b3495,0.762,0.1932194,6.3229350000000002,2.590986,-0.0010532720000000001,nonessential,NA
b3496,0.476,0.2094853,3.3293010000000001,1.5870340000000001,0.024339929999999999,nonessential,NA
b3498,1.676,0.1124405,49.298400000000001,12.93623,-0.01130395,nonessential,NA
b3499,0.511,0.1970882,3.5778629999999998,1.568368,-0.0075778570000000003,nonessential,NA
b3504,0.3529683,0.1820038,NA,NA,NA,nonessential,NA
b3505,0.507,0.1991113,3.5789089999999999,1.6176740000000001,-0.0030485820000000002,nonessential,NA
b3506,0.9,0.2845795,9.8078000000000003,6.8966190000000003,0.11950189999999999,nonessential,NA
b3508,0.3310588,0.1724883,NA,NA,NA,nonessential,NA
b3509,0.482,0.203619,3.3791600000000002,1.5652919999999999,0.01223088,nonessential,NA
b3511,1.144,0.2668626,17.083749999999998,11.57849,0.099462750000000003,nonessential,NA
b3515,1.959,0.1727682,98.63339999999998,40.42398,0.023775999999999999,nonessential,NA
b3516,2.14,0.1903232,152.3887,71.582049999999995,0.030871570000000001,nonessential,NA
b3518,0.749,0.2221435,6.349234,3.1807029999999998,0.035868799999999999,nonessential,NA
b3519,0.493,0.2534218,3.6880190000000002,2.2871000000000001,0.10899689999999999,nonessential,NA
b3521,0.787,0.1946961,6.7282950000000001,2.88618,0.0049759519999999996,nonessential,NA
b3524,0.558,0.203588,4.0675660000000002,1.8214379999999999,0.00097160200000000001,nonessential,NA
b3527,0.744,0.1820314,6.020295,2.3420570000000001,-0.018319169999999999,nonessential,NA
b3528,0.953,0.1600762,9.6590950000000007,3.530214,-0.01168225,nonessential,NA
b3529,0.967,0.155475,9.9211229999999997,3.3984899999999998,-0.01503496,nonessential,NA
b3535,1.253283,0.2212839,19.75686,7.9892919999999998,0.059006839999999998,nonessential,NA
b3536,0.822,0.2057888,7.3894549999999999,3.3795639999999998,0.023103229999999999,nonessential,NA
b3543,0.3146798,0.1666298,NA,NA,NA,nonessential,NA
b3544,1.361,0.1683929,24.909590000000001,9.835166000000001,0.018913630000000001,nonessential,NA
b3547,0.671,0.1976367,5.1256940000000002,2.1782010000000001,-0.0052096879999999996,nonessential,NA
b3548,1.255,0.1993734,19.98171,9.5004620000000006,0.041635909999999998,nonessential,NA
b3551,0.579,0.2020358,4.1838280000000001,1.8515250000000001,-0.00329343,nonessential,NA
b3552,0.344464,0.1743002,NA,NA,NA,nonessential,NA
b3554,1.664,0.1339618,48.352640000000001,14.902380000000001,0.001638809,nonessential,NA
b3555,0.965,0.2042509,10.286379999999999,4.921856,0.035477420000000003,nonessential,NA
b3556,1.848,0.1234827,74.187200000000004,22.72606,-0.002558042,nonessential,NA
b3560,1.161,0.1170205,15.00742,4.0485709999999999,-0.030189420000000002,essential,glyQS
b3563,0.318259,0.1678127,NA,NA,NA,nonessential,NA
b3564,0.3217741,0.1680537,NA,NA,NA,nonessential,NA
b3566,0.3108572,0.1644608,NA,NA,NA,nonessential,NA
b3567,0.3143192,0.1655,NA,NA,NA,nonessential,NA
b3570,1.03,0.1597853,11.441140000000001,4.3059219999999998,-0.0027881690000000001,nonessential,NA
b3571,0.3139513,0.1650687,NA,NA,NA,nonessential,NA
b3573,0.3303788,0.1705753,NA,NA,NA,nonessential,NA
b3574,1.096,0.1614127,13.380330000000001,5.2115809999999998,0.0037522660000000002,nonessential,NA
b3584,0.3205837,0.1681002,NA,NA,NA,nonessential,NA
b3585,0.403,0.1858459,2.7538499999999999,1.193182,0.00099323160000000001,nonessential,NA
b3587,0.362,0.1765491,2.4857239999999998,1.0413239999999999,0.0025208520000000001,nonessential,NA
b3588,0.551,0.2157861,4.0103229999999996,1.9307430000000001,0.023204300000000001,nonessential,NA
b3591,0.57,0.1949847,4.0635510000000004,1.7116469999999999,-0.01537751,nonessential,NA
b3592,1.044,0.1720152,11.87359,4.6710320000000003,0.01004411,nonessential,NA
b3593,0.3340763,0.1733171,NA,NA,NA,nonessential,NA
b3602,0.694,0.1931527,5.3955599999999997,2.1900279999999999,-0.01002508,nonessential,NA
b3603,0.553,0.1980077,3.9615010000000002,1.739838,-0.0095639680000000008,nonessential,NA
b3606,1.076,0.1541628,12.60033,4.586284,-0.0042641850000000002,nonessential,NA
b3609,0.508,0.1918827,3.5383779999999998,1.5108159999999999,-0.016986060000000001,essential,secB-gpsA;yibN-grxC-secB-gpsA
b3610,1.104,0.180414,13.84188,5.8869439999999997,0.021526050000000001,essential,yibN-grxC-secB-gpsA
b3612,1.061,0.1575202,12.262079999999999,4.5822859999999999,-0.0018177110000000001,nonessential,NA
b3617,1.41,0.1252179,26.79701,7.6787099999999997,-0.010910680000000001,nonessential,NA
b3618,1.295,0.1314319,20.739319999999999,6.4039570000000001,-0.010758810000000001,nonessential,NA
b3624,0.766,0.192124,6.347861,2.605864,-0.001802632,nonessential,NA
b3632,1.141,0.1364212,14.49873,4.5641720000000001,-0.015273800000000001,nonessential,NA
b3633,1.183,0.1571575,16.136579999999999,6.2417109999999996,0.0053724280000000003,essential,kdtA-coaD;waaA
b3635,0.604,0.1968934,4.3938319999999997,1.8722019999999999,-0.011456330000000001,nonessential,NA
b3637,2.288,0.1179373,201.72810000000001,58.913249999999998,-0.001459026,essential,rpmBG;rpmBG-mutM;yicR-rpmBG;yicR-rpmBG-mutM
b3639,0.747,0.1839334,6.0750450000000003,2.4409700000000001,-0.015172059999999999,essential,dfp
b3643,0.566,0.22565,4.1807879999999997,2.1933910000000001,0.039438239999999999,nonessential,NA
b3644,0.633,0.1989243,4.7905170000000004,2.048467,-0.006761581,nonessential,NA
b3647,0.3354405,0.1713229,NA,NA,NA,nonessential,NA
b3648,1.667,0.1628503,50.39846,22.090119999999999,0.019082350000000001,essential,gmk
b3657,0.405,0.1829036,2.7507799999999998,1.1749160000000001,-0.0074318309999999999,nonessential,NA
b3658,0.406,0.1895198,2.8168730000000002,1.255228,0.0093273179999999994,nonessential,NA
b3659,1.945,0.1242522,92.222200000000001,27.48779,-0.001329134,nonessential,NA
b3661,1.068,0.1474745,12.377359999999999,4.2044860000000002,-0.01151334,nonessential,NA
b3666,0.773,0.1662525,6.3421050000000001,2.2507480000000002,-0.03445024,nonessential,NA
b3669,1.392,0.1530377,26.25224,9.614510000000001,0.0085714309999999991,nonessential,NA
b3676,1.292,0.1485835,20.633559999999999,7.3719650000000003,0.0030477540000000002,nonessential,NA
b3679,0.3162213,0.166269,NA,NA,NA,nonessential,NA
b3680,0.364,0.1774677,2.51816,1.0550029999999999,0.001097385,nonessential,NA
b3685,0.584,0.1974578,4.2304789999999999,1.8350390000000001,-0.01190683,nonessential,NA
b3686,0.376,0.1819382,2.6024639999999999,1.1185210000000001,0.006454324,nonessential,NA
b3689,0.3194774,0.1666067,NA,NA,NA,nonessential,NA
b3690,0.372,0.1802437,2.5618280000000002,1.078702,0.0037567859999999998,nonessential,NA
b3696,0.386,0.1880757,2.6509719999999999,1.1774610000000001,0.015772520000000002,nonessential,NA
b3699,0.935,0.1464693,9.0408000000000008,2.9447410000000001,-0.029127460000000001,essential,gyrB
b3703,1.194,0.1328987,16.34376,5.0099720000000003,-0.014223599999999999,essential,rpmH-rnpA
b3705,1.122,0.1295897,13.726190000000001,4.0249300000000003,-0.022127040000000001,nonessential,NA
b3706,1.071,0.1674898,12.652279999999999,4.9461120000000003,0.0074426600000000002,nonessential,NA
b3707,1.509,0.1708808,35.084229999999998,14.734690000000001,0.022798510000000001,nonessential,NA
b3708,0.3213978,0.1682743,NA,NA,NA,nonessential,NA
b3712,0.528,0.1988989,3.727954,1.6275269999999999,-0.0058143589999999998,nonessential,NA
b3714,1.529,0.1678899,36.894669999999998,15.85807,0.02103756,nonessential,NA
b3715,0.511,0.2021657,3.580022,1.620352,0.0022068790000000001,nonessential,NA
b3727,0.62,0.2013025,4.6420680000000001,2.0108229999999998,-0.0042733140000000003,nonessential,NA
b3728,1.122,0.1456761,14.078670000000001,4.7149470000000004,-0.0078667890000000008,nonessential,NA
b3730,1.081,0.1624443,12.97706,4.934329,0.0035580329999999999,essential,glmUS
b3739,1.357,0.1517552,24.291979999999999,9.1993240000000007,0.0070642200000000004,nonessential,NA
b3743,0.583,0.2095998,4.2804080000000004,1.9632799999999999,0.01038412,nonessential,NA
b3744,0.381,0.1894198,2.6370849999999999,1.1962520000000001,0.02163199,nonessential,NA
b3748,1.247,0.2124476,19.90813,10.719749999999999,0.052016819999999998,nonessential,NA
b3759,0.3395527,0.1730629,NA,NA,NA,nonessential,NA
b3764,2.079,0.104842,124.0258,31.03069,-0.0095523929999999993,nonessential,NA
b3765,0.357,0.1758567,2.4640900000000001,1.024146,0.0034100789999999999,nonessential,NA
b3766,2.372,0.132259,245.82749999999999,79.615290000000002,0.0051904250000000002,nonessential,NA
b3771,0.386,0.1880183,2.6662409999999999,1.1820329999999999,0.015772520000000002,nonessential,NA
b3773,0.777,0.2096078,6.6344130000000003,3.0701100000000001,0.022916180000000001,nonessential,NA
b3774,2.099,0.1218066,130.40440000000001,37.683369999999996,-0.0012224880000000001,nonessential,NA
b3775,1.098,0.1531521,13.26132,4.9434870000000002,-0.0033906520000000001,nonessential,NA
b3780,1,0.1653488,10.69914,4.012219,-0.00093669999999999995,nonessential,NA
b3781,1.469,0.134802,30.711569999999998,9.5672739999999994,-0.0021341239999999998,nonessential,NA
b3782,1.273,0.1491697,19.80387,6.9791559999999997,0.0024302450000000001,nonessential,NA
b3783,0.401,0.181492,2.7613449999999999,1.168174,-0.010435379999999999,nonessential,NA
b3784,0.754,0.1784521,6.1502460000000001,2.302451,-0.02205493,nonessential,NA
b3790,0.3041373,0.1603823,NA,NA,NA,nonessential,NA
b3805,1.203,0.1408364,16.745699999999999,5.5286280000000003,-0.007033409,essential,hemCDXY
b3806,1.945,0.1299812,91.973399999999998,29.777539999999998,0.001755698,nonessential,NA
b3809,1.359,0.1424862,24.16592,8.0494780000000006,-0.00024734140000000002,nonessential,NA
b3813,0.804,0.1695623,6.8267579999999999,2.5070990000000002,-0.02380239,nonessential,NA
b3816,1.679182,0.1369059,49.404440000000001,9.9154789999999995,0.002961436,nonessential,NA
b3820,0.73,0.1901468,5.8710620000000002,2.3789760000000002,-0.0095357480000000001,nonessential,NA
b3821,0.636,0.2185323,4.8288310000000001,2.3037700000000001,0.024879640000000001,nonessential,NA
b3824,1.086,0.142771,12.874090000000001,4.2443780000000002,-0.01355935,nonessential,NA
b3825,1.216,0.1488075,17.566800000000001,6.2568669999999997,0.00021644169999999999,nonessential,NA
b3828,1.378,0.1555307,25.561699999999998,9.6335530000000009,0.010447329999999999,nonessential,NA
b3829,1.405,0.1160399,26.3734,6.8395029999999997,-0.01749036,nonessential,NA
b3830,1.185,0.1797149,16.538910000000001,6.950075,0.024875810000000002,nonessential,NA
b3831,0.68,0.1951915,5.2430940000000001,2.2270650000000001,-0.0087234089999999997,nonessential,NA
b3832,0.822,0.1845407,7.2262190000000004,2.8326669999999998,-0.0024442130000000002,nonessential,NA
b3833,1.285,0.1469718,20.41433,7.3705959999999999,0.0012696459999999999,nonessential,NA
b3842,1.068,0.1886674,12.80232,6.2801749999999998,0.027812509999999999,nonessential,NA
b3846,0.986,0.1549873,10.32945,3.476664,-0.01261342,nonessential,NA
b3847,1.005,0.1538446,10.77763,3.8146870000000002,-0.011354690000000001,essential,pepQ-yigZ-trkH-hemG
b3850,0.442,0.1853832,3.0402260000000001,1.296789,-0.017441660000000001,essential,pepQ-yigZ-trkH-hemG
b3851,2.457,0.1101346,294.8614,78.764409999999998,-0.003234392,nonessential,NA
b3854,0.514,0.2065659,3.6259359999999998,1.7020360000000001,0.01146702,nonessential,NA
b3857,0.729,0.1942024,5.8662270000000003,2.4913850000000002,-0.0041878540000000004,nonessential,NA
b3858,1.09,0.1521214,13.017049999999999,4.4915459999999996,-0.0049424589999999997,nonessential,NA
b3859,0.888,0.1670588,8.2681179999999994,2.9920200000000001,-0.013423330000000001,nonessential,NA
b3862,0.9,0.1693168,8.5985220000000009,3.1307939999999999,-0.0093870340000000007,nonessential,NA
b3863,1.128,0.1485497,14.30921,5.0007890000000002,-0.004765104,nonessential,NA
b3867,0.723,0.2008971,5.850911,2.65822,0.0047103919999999999,nonessential,NA
b3869,1.078,0.1745054,12.979050000000001,5.2258950000000004,0.015386159999999999,nonessential,NA
b3872,0.591,0.2181949,4.4191380000000002,2.616368,0.02372022,nonessential,NA
b3874,0.845,0.2072503,7.7845399999999998,3.5174259999999999,0.02696016,nonessential,NA
b3879,0.419,0.1871857,2.872973,1.2494799999999999,-0.004158073,nonessential,NA
b3882,0.908,0.2209939,9.1654200000000028,4.5931579999999999,0.04903822,nonessential,NA
b3885,0.864,0.1658894,7.8424100000000001,2.7873079999999999,-0.018379739999999999,nonessential,NA
b3890,0.46,0.1934009,3.1880869999999999,1.4134040000000001,-0.0051511370000000001,nonessential,NA
b3894,0.3288395,0.1724938,NA,NA,NA,nonessential,NA
b3895,0.865,0.2066689,8.0910279999999997,3.8400180000000002,0.029183049999999999,nonessential,NA
b3902,0.367,0.1772589,2.5213670000000001,1.063742,-0.00098293100000000004,nonessential,NA
b3904,0.319922,0.1659744,NA,NA,NA,nonessential,NA
b3905,0.371,0.1785601,2.560063,1.083556,0.001734097,nonessential,NA
b3907,0.3461477,0.1736449,NA,NA,NA,nonessential,NA
b3908,1.073,0.1757722,12.780110000000001,5.2359099999999996,0.01598144,nonessential,NA
b3912,0.3231562,0.1665345,NA,NA,NA,nonessential,NA
b3915,0.912,0.1659274,8.8004990000000003,3.1726179999999999,-0.01095177,nonessential,NA
b3916,1.075,0.1654288,12.71903,4.8191829999999998,0.0058828830000000002,nonessential,NA
b3917,0.3432939,0.1724776,NA,NA,NA,nonessential,NA
b3918,0.3210736,0.1676168,NA,NA,NA,nonessential,NA
b3919,0.99,0.1741696,10.54204,4.0866150000000001,0.007066793,nonessential,NA
b3920,1.397,0.1361304,26.307009999999998,8.2514460000000014,-0.003491872,nonessential,NA
b3921,0.571,0.2007439,4.1274709999999999,1.8031919999999999,-0.004876773,nonessential,NA
b3924,1.534,0.130238,35.784950000000002,10.54556,-0.0036794470000000002,nonessential,NA
b3925,1.244,0.1581149,18.772549999999999,7.3533540000000004,0.0086149280000000009,nonessential,NA
b3928,1.614,0.1301746,43.137709999999998,13.15667,-0.00173047,nonessential,NA
b3929,1.556,0.1254142,37.164709999999999,10.817600000000001,-0.0063126450000000004,nonessential,NA
b3932,1.105,0.1382758,13.39672,4.2437760000000004,-0.01642971,nonessential,NA
b3933,1.257,0.1749801,19.826309999999999,9.2708530000000007,0.022552619999999999,nonessential,NA
b3934,1.876,0.1302925,79.314679999999996,26.69257,0.001396242,nonessential,NA
b3935,0.545,0.2182528,3.9727269999999999,2.0510959999999998,0.027582829999999999,nonessential,NA
b3936,1.775371,0.1711345,63.567439999999998,29.12968,0.02306501,nonessential,NA
b3938,1.226,0.1471614,17.868970000000001,6.3801959999999998,-0.00098024570000000005,nonessential,NA
b3939,1.007,0.1516875,10.79129,3.6716769999999999,-0.01311118,nonessential,NA
b3941,1.845,0.1072399,72.429609999999997,18.44708,-0.011255299999999999,nonessential,NA
b3942,0.637,0.1926961,4.7268530000000002,1.963876,-0.015919229999999999,nonessential,NA
b3944,0.3102987,0.1636444,NA,NA,NA,nonessential,NA
b3947,0.904,0.1720578,8.6473399999999998,3.2332100000000001,-0.0054868520000000004,nonessential,NA
b3954,0.601,0.202941,4.4689779999999999,1.976548,-0.0015752069999999999,nonessential,NA
b3957,0.755,0.1882159,6.2293399999999997,2.5050789999999998,-0.0086454649999999997,nonessential,NA
b3958,1.187,0.1347868,16.079509999999999,5.0130039999999996,-0.01297456,nonessential,NA
b3961,1.172,0.1326308,15.538360000000001,4.7995380000000001,-0.015642550000000002,nonessential,NA
b3962,1.495,0.1689793,33.712200000000003,14.10618,0.021314380000000001,nonessential,NA
b3963,1.282,0.1382844,20.10774,6.557239,-0.0058513130000000003,nonessential,NA
b3965,1.021,0.1498338,11.11261,3.984753,-0.013486069999999999,nonessential,NA
b3966,0.812,0.1763767,7.0451699999999997,2.6336080000000002,-0.015023160000000001,essential,btuB-murI
b3970,0.471,0.198735,3.275563,1.484154,0.0046556899999999997,nonessential,NA
b3971,0.3311345,0.1737918,NA,NA,NA,nonessential,NA
b3972,0.841,0.182031,7.5868729999999998,3.0711710000000001,-0.0032201489999999998,essential,murB-birA
b3976,0.496,0.1966422,3.4575939999999998,1.5513729999999999,-0.0051558109999999997,nonessential,NA
b3980,0.382,0.1797829,2.6143450000000001,1.1289210000000001,-0.0025954009999999998,nonessential,NA
b3981,1.753,0.0937813,57.85783,12.820270000000001,-0.0200795,essential,secE-nusG
b3986,0.802,0.1950343,6.9887980000000001,2.9171390000000001,0.0070203959999999999,essential,rplJL-rpoBC;rplKAJL-rpoBC;rplL
b3991,0.3337173,0.174016,NA,NA,NA,nonessential,NA
b3994,1.511,0.1347187,34.163849999999996,10.71777,-0.001006201,nonessential,NA
b3995,2.659,0.1071142,470.98750000000001,123.25320000000001,-0.002428581,nonessential,NA
b3996,0.3420825,0.1733638,NA,NA,NA,nonessential,NA
b4000,1.247,0.1297634,18.36713,5.6517499999999998,-0.013741,nonessential,NA
b4001,0.3450448,0.1750166,NA,NA,NA,nonessential,NA
b4002,1.021,0.1828018,11.62799,5.1623279999999996,0.01883518,nonessential,NA
b4003,0.3517349,0.1827063,NA,NA,NA,nonessential,NA
b4009,0.524,0.1997277,3.7124220000000001,1.6544840000000001,-0.00346488,nonessential,NA
b4010,0.3271234,0.1717632,NA,NA,NA,nonessential,NA
b4012,0.488,0.2012461,3.4177819999999999,1.552565,0.0046019329999999999,nonessential,NA
b4013,1.737,0.08984495,55.58099,11.82399,-0.022748109999999998,nonessential,NA
b4016,0.399,0.1870275,2.7377699999999998,1.1920770000000001,0.0056028529999999997,nonessential,NA
b4017,0.3113454,0.1652727,NA,NA,NA,nonessential,NA
b4020,0.384,0.1806124,2.6553810000000002,1.1413690000000001,-0.0011826499999999999,nonessential,NA
b4021,0.806,0.1837267,6.9807449999999998,2.7099639999999998,-0.0060840649999999996,nonessential,NA
b4022,0.488,0.1915763,3.370279,1.468715,-0.013840689999999999,nonessential,NA
b4023,0.526,0.1946224,3.7188059999999998,1.621078,-0.01320319,nonessential,NA
b4024,1.589,0.1303965,40.943530000000003,12.75942,-0.0022894349999999998,nonessential,NA
b4026,0.3047308,0.1624847,NA,NA,NA,nonessential,NA
b4027,0.2987567,0.1587864,NA,NA,NA,nonessential,NA
b4030,1.085,0.1656212,13.09482,4.9159090000000001,0.0075478150000000003,nonessential,NA
b4031,0.3030314,0.1624087,NA,NA,NA,nonessential,NA
b4033,0.3340611,0.1705483,NA,NA,NA,nonessential,NA
b4034,0.407,0.1885643,2.8084449999999999,1.2466489999999999,0.0063511440000000004,nonessential,NA
b4035,0.315539,0.1661543,NA,NA,NA,nonessential,NA
b4038,0.29665010000000003,0.1599867,NA,NA,NA,nonessential,NA
b4039,0.919,0.1740431,9.0162410000000008,3.5836489999999999,-0.001243615,essential,ubiCA
b4041,1.438,0.1745878,29.95383,13.02284,0.024811920000000001,essential,plsB
b4042,0.424,0.1886492,2.9310260000000001,1.2852749999999999,-0.001555432,nonessential,NA
b4043,1.049,0.1572289,11.993119999999999,4.4717820000000001,-0.0038516639999999999,essential,lexA-dinF
b4045,0.721,0.2208342,5.9631059999999998,2.891988,0.032217610000000001,nonessential,NA
b4049,0.987,0.1740911,10.50699,4.2878379999999998,0.0067596059999999996,nonessential,NA
b4054,0.764,0.1864836,6.3169500000000003,2.4572560000000001,-0.0099376719999999998,nonessential,NA
b4055,0.3315203,0.1692197,NA,NA,NA,nonessential,NA
b4056,1.245,0.1743846,19.022919999999999,7.9947499999999998,0.021499170000000001,nonessential,NA
b4058,0.994,0.1810382,10.678599999999999,4.4127739999999998,0.01451271,nonessential,NA
b4059,1.432,0.1212117,28.214849999999998,7.9759190000000002,-0.012952989999999999,essential,ssb
b4062,0.614,0.2155523,4.610277,2.213444,0.0199101,nonessential,NA
b4064,1.524,0.1401292,35.08869,11.939439999999999,0.0026091809999999999,nonessential,NA
b4065,0.58,0.209352,4.268554,1.9992479999999999,0.0087619889999999995,nonessential,NA
b4068,0.402,0.1900531,2.7823470000000001,1.2362820000000001,0.01146075,nonessential,NA
b4070,0.417,0.1997963,2.9102079999999999,1.381626,0.02789755,nonessential,NA
b4074,0.3271706,0.1734819,NA,NA,NA,nonessential,NA
b4078,1.134,0.1555119,14.512130000000001,5.3091949999999999,0.001823199,nonessential,NA
b4079,0.708,0.2133465,5.7453770000000004,2.6811180000000001,0.01995539,nonessential,NA
b4081,0.384,0.1888723,2.6673179999999999,1.1711689999999999,0.01965068,nonessential,NA
b4082,0.3501644,0.1797832,NA,NA,NA,nonessential,NA
b4087,0.3375035,0.1718173,NA,NA,NA,nonessential,NA
b4088,1.068,0.211877,13.25888,6.7993779999999999,0.049348089999999997,nonessential,NA
b4089,0.843,0.1857475,7.5447300000000004,3.0539909999999999,0.0018225680000000001,nonessential,NA
b4090,0.791,0.1963512,6.811032,2.8742700000000001,0.0067860940000000003,nonessential,NA
b4096,0.2954012,0.1593134,NA,NA,NA,nonessential,NA
b4106,0.358,0.1773221,2.5071880000000002,1.0580830000000001,0.0054578279999999996,nonessential,NA
b4114,0.3405053,0.1763407,NA,NA,NA,nonessential,NA
b4115,0.551,0.2147341,3.9792749999999999,1.9191469999999999,0.021389410000000001,nonessential,NA
b4121,0.458,0.1997912,3.189746,1.4538530000000001,0.01071418,nonessential,NA
b4122,0.3518869,0.1757557,NA,NA,NA,nonessential,NA
b4125,1.261,0.1563737,19.53528,7.4519409999999997,0.0075639239999999996,nonessential,NA
b4126,0.873,0.2014618,8.1934240000000003,3.5197959999999999,0.023174139999999999,nonessential,NA
b4128,0.3123362,0.1658019,NA,NA,NA,nonessential,NA
b4129,0.888,0.1738303,8.3139600000000016,3.111961,-0.0055404460000000001,nonessential,NA
b4131,0.372,0.1786095,2.5621109999999998,1.083348,0.0010686140000000001,nonessential,NA
b4132,0.562,0.2149809,4.1181939999999999,1.9873909999999999,0.02032817,nonessential,NA
b4137,0.997,0.18092,10.91925,4.751779,0.01478983,nonessential,NA
b4138,1.201581,0.199565,17.36956,7.0641069999999999,0.041244690000000001,nonessential,NA
b4139,0.706,0.2049313,5.6312239999999996,2.5096959999999999,0.0084515609999999998,nonessential,NA
b4140,0.869,0.1644325,7.9325229999999998,2.854257,-0.01986516,nonessential,NA
b4143,1.11,0.1248884,13.39911,3.7730869999999999,-0.02770866,nonessential,NA
b4144,1.338,0.1207511,22.587530000000001,6.2035629999999999,-0.016562210000000001,nonessential,NA
b4145,0.505,0.2091339,3.576552,1.702952,0.01707763,nonessential,NA
b4146,1.06,0.1570051,12.238149999999999,4.4554239999999998,-0.0028489660000000001,nonessential,NA
b4147,1.204,0.1470239,16.973099999999999,6.2375220000000002,-0.001996893,nonessential,NA
b4149,0.533,0.2060313,3.7817509999999999,1.7664820000000001,0.0068206359999999997,nonessential,NA
b4150,0.3321133,0.1710152,NA,NA,NA,nonessential,NA
b4154,0.507,0.1987963,3.5674250000000001,1.564983,-0.0030485820000000002,nonessential,NA
b4157,0.3191654,0.1692932,NA,NA,NA,nonessential,NA
b4160,0.874,0.1641156,7.9625409999999999,2.8634719999999998,-0.01904523,essential,psd-mscM
b4172,1.068,0.1390875,12.31274,3.8808479999999999,-0.019003969999999999,nonessential,NA
b4176,0.3021379,0.1608814,NA,NA,NA,nonessential,NA
b4178,1.119,0.1625719,14.158060000000001,5.6315030000000004,0.0070994969999999998,nonessential,NA
b4180,0.426,0.1870531,2.9415629999999999,1.2694190000000001,-0.0070841080000000004,nonessential,NA
b4187,0.827,0.2480299,7.8424639999999997,4.563815,0.074476180000000003,nonessential,NA
b4191,0.995,0.1946571,10.909800000000001,4.8626690000000004,0.028675840000000001,nonessential,NA
b4199,0.387,0.1867735,2.6765699999999999,1.1983220000000001,0.012561350000000001,nonessential,NA
b4206,1.547,0.1592518,37.81897,14.17496,0.01541293,nonessential,NA
b4207,0.525,0.202254,3.7314660000000002,1.6781200000000001,0.0002271245,nonessential,NA
b4209,0.391,0.1901296,2.6995330000000002,1.23376,0.017815810000000001,nonessential,NA
b4210,1.112,0.1825821,14.179600000000001,6.0907499999999999,0.024641110000000001,nonessential,NA
b4213,0.556,0.198442,3.9849950000000001,1.725209,-0.0096999670000000003,nonessential,NA
b4214,0.874,0.1709881,8.0466090000000001,2.9523419999999998,-0.01103608,nonessential,NA
b4215,0.3053718,0.1636544,NA,NA,NA,nonessential,NA
b4218,1.13,0.1837903,14.81615,6.6522589999999999,0.026348199999999999,nonessential,NA
b4219,1.196,0.1536987,16.82517,6.2633340000000004,0.003456902,nonessential,NA
b4220,0.706,0.2002937,5.6012259999999996,2.4351120000000002,0.0013694079999999999,nonessential,NA
b4226,2.023,0.1163271,109.5795,30.833870000000001,-0.0047606150000000002,essential,ppA
b4227,0.685,0.2029633,5.3868939999999998,2.3772980000000001,0.0035077559999999999,nonessential,NA
b4232,0.3208938,0.167342,NA,NA,NA,nonessential,NA
b4234,0.995,0.1336575,10.40701,3.1239309999999998,-0.032630689999999997,nonessential,NA
b4235,0.944,0.1510591,9.3354450000000035,3.1483439999999998,-0.022433209999999999,nonessential,NA
b4236,0.602,0.2228592,4.4893029999999996,2.1977579999999999,0.031663589999999998,nonessential,NA
b4237,0.879,0.1889569,8.2369559999999993,3.4737819999999999,0.010206420000000001,nonessential,NA
b4238,0.828,0.2100613,7.5454759999999998,3.4682789999999999,0.028638199999999999,nonessential,NA
b4239,0.3306054,0.1704381,NA,NA,NA,nonessential,NA
b4240,0.481,0.2148504,3.4163619999999999,1.788033,0.03535866,nonessential,NA
b4248,0.459,0.2060002,3.2370290000000002,1.5130840000000001,0.023460120000000001,nonessential,NA
b4251,0.36,0.1767505,2.4853909999999999,1.0495319999999999,0.0039741660000000003,nonessential,NA
b4254,1.221,0.1501745,17.737100000000002,6.3559799999999997,0.0012555489999999999,nonessential,NA
b4256,0.83,0.170254,7.244605,2.6144250000000002,-0.019332419999999999,nonessential,NA
b4263,0.38,0.1884983,2.6383030000000001,1.18347,0.019674420000000001,nonessential,NA
b4264,0.373,0.1789305,2.5799560000000001,1.0896840000000001,0.00041007890000000001,nonessential,NA
b4265,0.3173579,0.1659377,NA,NA,NA,nonessential,NA
b4268,0.736,0.1940217,5.9709589999999997,2.499234,-0.0032617620000000001,nonessential,NA
b4271,0.976,0.1802887,10.227169999999999,4.0788270000000004,0.01174801,nonessential,NA
b4283,0.678,0.1983573,5.2191960000000002,2.2126739999999998,-0.00451557,nonessential,NA
b4285,0.3415795,0.1732419,NA,NA,NA,nonessential,NA
b4291,0.3039022,0.1656621,NA,NA,NA,nonessential,NA
b4293,1.277,0.1810381,20.504259999999999,8.9392990000000001,0.02762322,nonessential,NA
b4295,0.464,0.2039024,3.2368130000000002,1.481104,0.017438240000000001,nonessential,NA
b4296,0.529,0.1935436,3.73203,1.58758,-0.015370460000000001,nonessential,NA
b4299,0.526,0.2073385,3.7639629999999999,1.7391840000000001,0.0096105010000000005,nonessential,NA
b4304,0.459,0.1924322,3.1637729999999999,1.3889469999999999,-0.0070409670000000004,nonessential,NA
b4309,0.444,0.1945426,3.0591539999999999,1.383867,0.0044507039999999998,nonessential,NA
b4317,0.424,0.1909742,2.9133529999999999,1.314848,0.003161549,nonessential,NA
b4321,0.513,0.1980704,3.6267870000000002,1.612311,-0.0059047530000000004,nonessential,NA
b4322,0.389,0.1847786,2.6910699999999999,1.172728,0.0061982110000000003,nonessential,NA
b4324,1.372,0.1585649,25.053879999999999,9.7543000000000006,0.012511700000000001,nonessential,NA
b4330,0.349848,0.1814484,NA,NA,NA,nonessential,NA
b4332,1.028,0.1899446,11.83643,5.2771699999999999,0.02619689,nonessential,NA
b4335,0.3451377,0.1744804,NA,NA,NA,nonessential,NA
b4342,0.397,0.1836489,2.7176990000000001,1.15269,-0.00085478180000000004,nonessential,NA
b4346,0.909,0.1602511,8.622580000000001,3.0719810000000001,-0.017988810000000001,nonessential,NA
b4347,0.535,0.202077,3.7835369999999999,1.692245,-0.00088829399999999998,nonessential,NA
b4349,0.843,0.1627269,7.4610599999999998,2.6215250000000001,-0.025460940000000001,nonessential,NA
b4351,0.669,0.1893175,5.0705999999999998,2.0214919999999998,-0.018855070000000002,nonessential,NA
b4352,0.36,0.1776421,2.5018950000000002,1.0601050000000001,0.0067519440000000002,nonessential,NA
b4354,0.357,0.1772124,2.4854919999999998,1.052117,0.0062112000000000001,nonessential,NA
b4356,0.32244,0.168007,NA,NA,NA,nonessential,NA
b4359,1.024,0.1400179,11.14293,3.5193150000000002,-0.022917969999999999,nonessential,NA
b4367,0.3264705,0.1714798,NA,NA,NA,nonessential,NA
b4375,0.639,0.1837264,4.7184910000000002,1.8884860000000001,-0.029837760000000001,nonessential,NA
b4377,0.508,0.20195659999999999,3.5613090000000001,1.604778,0.0026989800000000001,nonessential,NA
b4378,0.38,0.1841586,2.6132240000000002,1.114274,0.0091481050000000001,nonessential,NA
b4380,0.3516727,0.1741006,NA,NA,NA,nonessential,NA
b4381,0.985,0.160994,10.263400000000001,3.7301099999999998,-0.0066452769999999998,nonessential,NA
b4382,0.3365916,0.1680691,NA,NA,NA,nonessential,NA
b4383,1.094,0.166336,13.304650000000001,5.3469790000000001,0.0081781519999999993,nonessential,NA
b4384,0.489,0.19629,3.4219590000000002,1.4925839999999999,-0.0058457220000000002,nonessential,NA
b4385,1.383,0.1415826,25.39461,8.242617000000001,0.00042505590000000001,nonessential,NA
b4387,1.09,0.1450295,12.9361,4.2972739999999998,-0.01136448,nonessential,NA
b4388,0.773,0.165823,6.3119329999999998,2.2082329999999999,-0.03445024,nonessential,NA
b4391,1.448,0.1387257,29.472270000000002,9.2279769999999992,4.1957520000000001e-05,nonessential,NA
b4392,0.684,0.1992905,5.3660569999999996,2.2854139999999998,-0.002434702,nonessential,NA
b4393,1.211,0.1542547,17.376609999999999,6.5668449999999998,0.0041193760000000001,nonessential,NA
b4396,1.747,0.165285,60.026240000000001,26.279209999999999,0.020426779999999999,nonessential,NA
b4397,0.735,0.1806331,5.8867760000000002,2.2240790000000001,-0.021081849999999999,nonessential,NA
b4400,0.3544025,0.1790624,NA,NA,NA,nonessential,NA
b4401,0.889,0.1716461,8.4100800000000007,3.1919029999999999,-0.0076456129999999999,nonessential,NA
b4470,0.3471909,0.1730483,NA,NA,NA,nonessential,NA
b4471,0.417,0.189223,2.885799,1.260176,0.001518656,nonessential,NA
b4474,0.3509046,0.1779607,NA,NA,NA,nonessential,NA
b4479,0.607,0.2169871,4.554316,2.2241399999999998,0.021606279999999999,nonessential,NA
b4480,0.856,0.1747433,7.715827,2.9214980000000002,-0.0091901199999999995,nonessential,NA
b4481,0.49,0.1985524,3.3930069999999999,1.5156369999999999,7.809301e-05,nonessential,NA
b4485,0.3343923,0.1718007,NA,NA,NA,nonessential,NA
b4499,0.2963367,0.1583821,NA,NA,NA,nonessential,NA
b4517,1.29,0.1182239,20.150929999999999,5.4253989999999996,-0.021045930000000001,nonessential,NA
