1)tuId	2)tuName	3)operonId	4)operonName	5)tuGenesIds	6)tuGenesNames	7)promoterId	8)promoterName	9)promoterPos	10)terminatorIds	11)sigmaFactor	12)tfsIds	13)tfsNames	14)tuGenesBnumber	15)firstGenePos	16)lastGenePos	17)terminatorPositions	18)DBXRef 
RDBECOLITUC00080	yjtD	RDBECOLIOPC02534	yjtD	RDBECOLIGNC02181	yjtD								b4403	4640942	4641628		Ecocyc:TU0-12786 
RDBECOLITUC00081	yaaX	RDBECOLIOPC01342	yaaX	RDBECOLIGNC02977	yaaX								b0005	5234	5530		Ecocyc:TU0-12787 
RDBECOLITUC00082	yaaA	RDBECOLIOPC00450	yaaA	RDBECOLIGNC00009	yaaA								b0006	6459	5683		Ecocyc:TU0-12788 
RDBECOLITUC00083	yaaJ	RDBECOLIOPC02096	yaaJ	RDBECOLIGNC01507	yaaJ								b0007	7959	6529		Ecocyc:TU0-12789 
RDBECOLITUC00084	mog	RDBECOLIOPC01056	mog	RDBECOLIGNC01466	mog								b0009	9306	9893		Ecocyc:TU0-12790 
RDBECOLITUC00085	satP	RDBECOLIOPC00177	satP	RDBECOLIGNC01467	satP								b0010	10494	9928		Ecocyc:TU0-12791 
RDBECOLITUC00086	yaaW	RDBECOLIOPC01733	yaaW	RDBECOLIGNC02978	yaaW								b0011	11356	10643		Ecocyc:TU0-12792 
RDBECOLITUC00087	insL1	RDBECOLIOPC00770	insL1	RDBECOLIGNC02979	insL1								b0016	15445	16557		Ecocyc:TU0-12793 
RDBECOLITUC00088	mokC-hokC	RDBECOLIOPC02452	mokC-hokC	RDBECOLIGNC00366,RDBECOLIGNC02930	mokC;hokC								b0018;b4412	16960	16751		Ecocyc:TU0-12794 
RDBECOLITUC00089	sokC	RDBECOLIOPC01382	sokC	RDBECOLIGNC02931	sokC	RDBECOLIPMC02611	sokCp	16952		sigma70			b4413	16952	17010		Ecocyc:TU0-12795 
RDBECOLITUC00090	insA1B1AB1	RDBECOLIOPC00490	insA1B1AB1	RDBECOLIGNC02982,RDBECOLIGNC02981,RDBECOLIGNC02621	insA1;insB1;insAB1								b0022;b0021	20508	19811		Ecocyc:TU0-12796 
RDBECOLITUC00091	rihC	RDBECOLIOPC02029	rihC	RDBECOLIGNC01069	rihC								b0030	27293	28207		Ecocyc:TU0-12797 
RDBECOLITUC00092	yaaU	RDBECOLIOPC01014	yaaU	RDBECOLIGNC01518	yaaU	RDBECOLIPMC00325	yaaUp	45592		sigma54			b0045	45807	47138		Ecocyc:TU0-12799 
RDBECOLITUC00093	kefFC	RDBECOLIOPC00218	kefFC	RDBECOLIGNC00513,RDBECOLIGNC01519	kefC;kefF								b0047;b0046	47246	49631		Ecocyc:TU0-12800 
RDBECOLITUC00094	djlA	RDBECOLIOPC01669	djlA	RDBECOLIGNC01521	djlA								b0055	57364	58179		Ecocyc:TU0-12801 
RDBECOLITUC00095	yabPQ	RDBECOLIOPC00717	yabPQ	RDBECOLIGNC02328,RDBECOLIGNC02327	yabQ;yabP								b0057;b0056	58474	59279		Ecocyc:TU0-12802 
RDBECOLITUC00096	yabI	RDBECOLIOPC02514	yabI	RDBECOLIGNC01522	yabI	RDBECOLIPMC03274	yabIp	71271		sigma38			b0065	71351	72115		Ecocyc:TU0-12804 
RDBECOLITUC00097	sgrR-sroA-thiBPQ	RDBECOLIOPC03264	sgrR-sroA-thiBPQ	RDBECOLIGNC01995,RDBECOLIGNC02919,RDBECOLIGNC01525,RDBECOLIGNC01524,RDBECOLIGNC01523	sgrR;sroA;thiB;thiP;thiQ	RDBECOLIPMC03083	sgrRp	77338		sigma70	RDBECOLITFC00039,RDBECOLITFC00107	DksA,SgrR	b0069;b4762;b0068;b0067;b0066	77299	72229		Ecocyc:TU0-12805 
RDBECOLITUC00098	sgrST-setA	RDBECOLIOPC02626	sgrST-setA	RDBECOLIGNC02674,RDBECOLIGNC01690,RDBECOLIGNC02945	sgrT;setA;sgrS	RDBECOLIPMC03082	sgrSp	77367		sigma70	RDBECOLITFC00057,RDBECOLITFC00107	Cra,SgrR	b4662;b0070;b4577	77367	78799		Ecocyc:TU0-12806 
RDBECOLITUC00099	leuO	RDBECOLIOPC03100	leuO	RDBECOLIGNC00523	leuO	RDBECOLIPMC03265	leuOp	84188		sigma70	RDBECOLITFC00136,RDBECOLITFC00136,RDBECOLITFC00190,RDBECOLITFC00212,RDBECOLITFC00020	SlyA,SlyA,LrhA,LeuO,H-NS	b0076	84368	85312		Ecocyc:TU0-12807 
RDBECOLITUC00100	cra	RDBECOLIOPC01049	cra	RDBECOLIGNC00332	cra	RDBECOLIPMC00632	fruRp8	87947		sigma32	RDBECOLITFC00202	PhoB	b0080	88028	89032		Ecocyc:TU0-12808 
RDBECOLITUC00101	lpxC	RDBECOLIOPC03591	mraZW-ftsLIO-murEF-mraY-murD-ftsW-murGC-ddlB-ftsQAZ-lpxC	RDBECOLIGNC00259	lpxC	RDBECOLIPMC03259	lpxCp1	106508	RDBECOLITMC00053	sigma70			b0096	106557	107474	107501-107544	Ecocyc:TU0-12809 
RDBECOLITUC00102	coaE-zapD-yacG	RDBECOLIOPC01722	coaE-zapD-yacG	RDBECOLIGNC02184,RDBECOLIGNC02185,RDBECOLIGNC02186	coaE;zapD;yacG								b0103;b0102;b0101	113219	111649		Ecocyc:TU0-12810 
RDBECOLITUC00103	ppdD-hofBC	RDBECOLIOPC02432	ppdD-hofBC	RDBECOLIGNC02007,RDBECOLIGNC02006,RDBECOLIGNC01729	ppdD;hofB;hofC	RDBECOLIPMC00282	ppdDp	117705		sigma70	RDBECOLITFC00189	CRP	b0108;b0107;b0106	117549	114522		Ecocyc:TU0-12811 
RDBECOLITUC00104	nadC	RDBECOLIOPC01370	nadC	RDBECOLIGNC01499	nadC	RDBECOLIPMC00530	nadCp	118663			RDBECOLITFC00189	CRP	b0109	118645	117752		Ecocyc:TU0-12812 
RDBECOLITUC00105	yacL	RDBECOLIOPC00475	yacL	RDBECOLIGNC02323	yacL	RDBECOLIPMC03277	yacLp	134339					b0119	134388	134750		Ecocyc:TU0-12813 
RDBECOLITUC00106	yadGH	RDBECOLIOPC02012	yadGH	RDBECOLIGNC02192,RDBECOLIGNC02191	yadH;yadG								b0128;b0127	142779	144472		Ecocyc:TU0-12815 
RDBECOLITUC00107	yadI	RDBECOLIOPC00999	yadI	RDBECOLIGNC02193	yadI								b0129	144577	145017		Ecocyc:TU0-12816 
RDBECOLITUC00108	yadE	RDBECOLIOPC00206	yadE	RDBECOLIGNC01685	yadE								b0130	145081	146310		Ecocyc:TU0-12817 
RDBECOLITUC00109	yadC	RDBECOLIOPC01654	yadMLKC	RDBECOLIGNC01619	yadC	RDBECOLIPMC03193	yadCp						b0135	150953	149715		Ecocyc:TU0-12818 
RDBECOLITUC00110	hrpB	RDBECOLIOPC00704	hrpB	RDBECOLIGNC02199	hrpB								b0148	162105	164534		Ecocyc:TU0-12819 
RDBECOLITUC00111	uof-fur	RDBECOLIOPC02926	fldA-uof-fur	RDBECOLIGNC02643,RDBECOLIGNC00352	uof;fur	RDBECOLIPMC00410	uofp	710829	RDBECOLITMC00324,RDBECOLITMC00357		RDBECOLITFC00216,RDBECOLITFC00201,RDBECOLITFC00216	OxyR,SoxS,OxyR	b4637;b0683	710725	710200	710162-710180;710118-710134	Ecocyc:TU0-1281 
RDBECOLITUC00112	mrcB	RDBECOLIOPC01312	mrcB	RDBECOLIGNC00597	mrcB	RDBECOLIPMC03278	mrcBp	164721					b0149	164730	167264		Ecocyc:TU0-12820 
RDBECOLITUC00113	clcA	RDBECOLIOPC00426	clcA	RDBECOLIGNC02201	clcA								b0155	175107	176528		Ecocyc:TU0-12821 
RDBECOLITUC00114	mnt-btuF-yadS	RDBECOLIOPC02794	mnt-btuF-yadS	RDBECOLIGNC01077,RDBECOLIGNC02204,RDBECOLIGNC02203	mtn;btuF;yadS	RDBECOLIPMC03055	mtnp	179183		sigma70			b0159;b0158;b0157	179153	177001		Ecocyc:TU0-12822 
RDBECOLITUC00115	dgt	RDBECOLIOPC01042	dgt	RDBECOLIGNC00219	dgt	RDBECOLIPMC03056	dgtp1	179196					b0160	179237	180754		Ecocyc:TU0-12823 
RDBECOLITUC00116	yaeH	RDBECOLIOPC00156	yaeH	RDBECOLIGNC02206	yaeH								b0163	184095	183709		Ecocyc:TU0-12825 
RDBECOLITUC00117	yaeI	RDBECOLIOPC01703	yaeI	RDBECOLIGNC02207	yaeI								b0164	185069	184257		Ecocyc:TU0-12826 
RDBECOLITUC00118	map-glnD-dapD	RDBECOLIOPC03044	map-glnD-dapD	RDBECOLIGNC00562,RDBECOLIGNC01376,RDBECOLIGNC00201	map;glnD;dapD						RDBECOLITFC00074,RDBECOLITFC00051,RDBECOLITFC00201	MarA,Rob,SoxS	b0168;b0167;b0166	189506	185123		Ecocyc:TU0-12827 
RDBECOLITUC00119	fldA-uof-fur	RDBECOLIOPC02926	fldA-uof-fur	RDBECOLIGNC02643,RDBECOLIGNC00352,RDBECOLIGNC00312	uof;fur;fldA	RDBECOLIPMC00411	fldAp	711521	RDBECOLITMC00357,RDBECOLITMC00324		RDBECOLITFC00201	SoxS	b4637;b0683;b0684	711465	710200	710118-710134;710162-710180	Ecocyc:TU0-1282 
RDBECOLITUC00120	dxr-uppS-cdsA	RDBECOLIOPC03310	dxr-uppS-cdsA	RDBECOLIGNC00135,RDBECOLIGNC02988,RDBECOLIGNC02366	cdsA;ispU;dxr								b0175;b0174;b0173	193521	196534		Ecocyc:TU0-12831 
RDBECOLITUC00121	yaeR	RDBECOLIOPC00465	yaeR	RDBECOLIGNC02991	yaeR								b0187	211877	212266		Ecocyc:TU0-12832 
RDBECOLITUC00122	tilS	RDBECOLIOPC01998	tilS	RDBECOLIGNC02992	tilS								b0188	212331	213629		Ecocyc:TU0-12833 
RDBECOLITUC00123	yaeP-rof	RDBECOLIOPC00985	yaeP-rof	RDBECOLIGNC02969,RDBECOLIGNC02993	yaeP;rof	RDBECOLIPMC00533	yaePp	214187			RDBECOLITFC00189	CRP	b4406;b0189	214125	213678		Ecocyc:TU0-12834 
RDBECOLITUC00124	yaeQ-arfB-nlpE	RDBECOLIOPC00194	yaeQ-arfB-nlpE	RDBECOLIGNC02033,RDBECOLIGNC02218,RDBECOLIGNC02994	nlpE;arfB;yaeQ	RDBECOLIPMC00534	yaeQp	214280			RDBECOLITFC00189	CRP	b0192;b0191;b0190	214291	215979		Ecocyc:TU0-12835 
RDBECOLITUC00125	yaeF	RDBECOLIOPC01638	yaeF	RDBECOLIGNC02034	yaeF						RDBECOLITFC00135	Nac	b0193	217003	216179		Ecocyc:TU0-12836 
RDBECOLITUC00126	rcsF-trmO	RDBECOLIOPC00692	rcsF-trmO	RDBECOLIGNC01457,RDBECOLIGNC01458	rcsF;trmO								b0196;b0195	219995	218887		Ecocyc:TU0-12837 
RDBECOLITUC00127	gmhB	RDBECOLIOPC02475	gmhB	RDBECOLIGNC01673	gmhB	RDBECOLIPMC03282	gmhBp	222806					b0200	222833	223408		Ecocyc:TU0-12838 
RDBECOLITUC00128	dkgB	RDBECOLIOPC01296	dkgB	RDBECOLIGNC01590	dkgB	RDBECOLIPMC00314	dkgBp	229098		sigma38	RDBECOLITFC00038,RDBECOLITFC00038	NsrR,NsrR	b0207	229167	229970		Ecocyc:TU0-12839 
RDBECOLITUC00129	fur	RDBECOLIOPC02926	fldA-uof-fur	RDBECOLIGNC00352	fur	RDBECOLIPMC03573	furpb	710723	RDBECOLITMC00357,RDBECOLITMC00324	sigma70	RDBECOLITFC00189,RDBECOLITFC00093,RDBECOLITFC00093	CRP,Fur,Fur	b0683	710646	710200	710118-710134;710162-710180	Ecocyc:TU0-1283 
RDBECOLITUC00130	yafDE	RDBECOLIOPC00415	yafDE	RDBECOLIGNC01593,RDBECOLIGNC01592	yafE;yafD	RDBECOLIPMC03158	yafDp	231064		sigma32			b0210;b0209	231122	232549		Ecocyc:TU0-12840 
RDBECOLITUC00131	mltD	RDBECOLIOPC02043	mltD	RDBECOLIGNC00240	mltD						RDBECOLITFC00135	Nac	b0211	233955	232597		Ecocyc:TU0-12841 
RDBECOLITUC00132	gloB	RDBECOLIOPC01030	gloB	RDBECOLIGNC02995	gloB								b0212	234782	234027		Ecocyc:TU0-12842 
RDBECOLITUC00133	dnaQ	RDBECOLIOPC03120	dnaQ	RDBECOLIGNC00237	dnaQ								b0215	236067	236798		Ecocyc:TU0-12843 
RDBECOLITUC00134	yafT	RDBECOLIOPC01688	yafT	RDBECOLIGNC02997	yafT								b0217	237335	238120		Ecocyc:TU0-12844 
RDBECOLITUC00135	gmhA	RDBECOLIOPC00736	gmhA	RDBECOLIGNC03002	gmhA								b0222	243543	244121		Ecocyc:TU0-12846 
RDBECOLITUC00136	yafJ	RDBECOLIOPC02394	yafJ	RDBECOLIGNC03003	yafJ								b0223	244327	245094		Ecocyc:TU0-12847 
RDBECOLITUC00137	ldtF	RDBECOLIOPC01343	ldtF	RDBECOLIGNC03004	dpaA						RDBECOLITFC00135	Nac	b0224	245805	245065		Ecocyc:TU0-12848 
RDBECOLITUC00138	dinJ-yafQ	RDBECOLIOPC00456	dinJ-yafQ	RDBECOLIGNC03006,RDBECOLIGNC03005	dinJ;yafQ	RDBECOLIPMC00272	dinJp	246615		sigma70	RDBECOLITFC00234,RDBECOLITFC00214,RDBECOLITFC00151	SrsR,LexA,DinJ-YafQ	b0226;b0225	246502	245961		Ecocyc:TU0-12849 
RDBECOLITUC00139	yafL	RDBECOLIOPC01983	yafL	RDBECOLIGNC03007	yafL								b0227	246712	247461		Ecocyc:TU0-12850 
RDBECOLITUC00140	rayT	RDBECOLIOPC00975	rayT	RDBECOLIGNC03008	rayT								b0228	247637	248134		Ecocyc:TU0-12851 
RDBECOLITUC00141	lafU	RDBECOLIOPC00182	lafU	RDBECOLIGNC03010	lafU								b0230	250072	250827		Ecocyc:TU0-12852 
RDBECOLITUC00142	dinB-yafNOP	RDBECOLIOPC03107	dinB-yafNOP	RDBECOLIGNC03014,RDBECOLIGNC03013,RDBECOLIGNC03012,RDBECOLIGNC03011	yafP;yafO;yafN;dinB	RDBECOLIPMC00296	dinBp	250880		sigma70	RDBECOLITFC00214	LexA	b0234;b0233;b0232;b0231	250898	253161		Ecocyc:TU0-12853 
RDBECOLITUC00143	yafNOP	RDBECOLIOPC03107	dinB-yafNOP	RDBECOLIGNC03014,RDBECOLIGNC03013,RDBECOLIGNC03012	yafP;yafO;yafN	RDBECOLIPMC03207	yafNp	251969		sigma70	RDBECOLITFC00214	LexA	b0234;b0233;b0232	252005	253161		Ecocyc:TU0-12854 
RDBECOLITUC00144	ykfJ-prfH	RDBECOLIOPC02459	ykfJ-prfH	RDBECOLIGNC01451,RDBECOLIGNC03015	prfH;ykfJ								b0236;b0235	253467	254202		Ecocyc:TU0-12855 
RDBECOLITUC00145	frsA	RDBECOLIOPC01283	frsA	RDBECOLIGNC01078	frsA	RDBECOLIPMC00219	frsAp	256502		sigma70			b0239	256527	257771		Ecocyc:TU0-12857 
RDBECOLITUC00146	yafY-ykfBF-yafX-ykfGH-yafW-ykfI	RDBECOLIOPC03606	yafY-ykfBF-yafX-ykfGH-yafW-ykfI	RDBECOLIGNC03022,RDBECOLIGNC03021,RDBECOLIGNC03020,RDBECOLIGNC03019,RDBECOLIGNC03018,RDBECOLIGNC02572,RDBECOLIGNC03017,RDBECOLIGNC03016	yafY;ykfB;ykfF;yafX;ykfG;ykfH;yafW;ykfI								b0251;b0250;b0249;b0248;b0247;b4504;b0246;b0245	266553	263328		Ecocyc:TU0-12859 
RDBECOLITUC00147	ykfA-yafZ	RDBECOLIOPC03117	ykfA-yafZ	RDBECOLIGNC03024,RDBECOLIGNC03023	ykfA;yafZ								b0253;b0252	268960	267184		Ecocyc:TU0-12860 
RDBECOLITUC00148	perR	RDBECOLIOPC01018	perR	RDBECOLIGNC03025	perR								b0254	270182	269289		Ecocyc:TU0-12861 
RDBECOLITUC00149	None	RDBECOLIOPC00135	insNI1	RDBECOLIGNC03027,RDBECOLIGNC03026	insI1;insN	RDBECOLIPMC02410	insN-1p	270226		sigma38			b0256;b4587	270278	272190		Ecocyc:TU0-12862 
RDBECOLITUC00150	ykfC	RDBECOLIOPC01672	ykfC	RDBECOLIGNC03028	ykfC								b0258	272847	273992		Ecocyc:TU0-12863 
RDBECOLITUC00151	mmuPM	RDBECOLIOPC00726	mmuPM	RDBECOLIGNC03031,RDBECOLIGNC03030	mmuM;mmuP								b0261;b0260	275325	277647		Ecocyc:TU0-12864 
RDBECOLITUC00152	insA2B2AB2-afuBC	RDBECOLIOPC02380	insA2B2AB2-afuBC	RDBECOLIGNC03034,RDBECOLIGNC03033,RDBECOLIGNC02623,RDBECOLIGNC03032,RDBECOLIGNC02210	insA2;insB2;insAB2;afuB;afuC								b0265;b0264;b0263;b0262	279875	277756		Ecocyc:TU0-12865 
RDBECOLITUC00153	yagAB-insX	RDBECOLIOPC01332	yagAB-insX	RDBECOLIGNC02208,RDBECOLIGNC02209,RDBECOLIGNC02573	yagA;yagB;insX						RDBECOLITFC00203	XynR	b0267;b0266;b4505	281983	280114		Ecocyc:TU0-12866 
RDBECOLITUC00154	yagEF	RDBECOLIOPC00446	yagEF	RDBECOLIGNC03036,RDBECOLIGNC03035	yagF;yagE						RDBECOLITFC00203	XynR	b0269;b0268	282278	285168		Ecocyc:TU0-12867 
RDBECOLITUC00155	yagGH	RDBECOLIOPC01970	yagGH	RDBECOLIGNC03038,RDBECOLIGNC03037	yagH;yagG								b0271;b0270	285395	288399		Ecocyc:TU0-12868 
RDBECOLITUC00156	xynR	RDBECOLIOPC03405	argF-xynR	RDBECOLIGNC03039	xynR								b0272	289162	288404		Ecocyc:TU0-12869 
RDBECOLITUC00157	insA3B3AB3	RDBECOLIOPC00171	insA3B3AB3	RDBECOLIGNC03041,RDBECOLIGNC03040,RDBECOLIGNC02624	insA3;insB3;insAB3								b0275;b0274	291346	290649		Ecocyc:TU0-12870 
RDBECOLITUC00158	yagK	RDBECOLIOPC01612	yagK	RDBECOLIGNC03043	yagK	RDBECOLIPMC00699	yagKp6	293118		sigma70	RDBECOLITFC00048	RcdA	b0277	292948	292322		Ecocyc:TU0-12871 
RDBECOLITUC00159	yagML	RDBECOLIOPC00675	yagML	RDBECOLIGNC03045,RDBECOLIGNC03044	yagM;yagL								b0279;b0278	294799	293220		Ecocyc:TU0-12872 
RDBECOLITUC00160	yagN	RDBECOLIOPC02443	yagN	RDBECOLIGNC03046	yagN								b0280	295579	295139		Ecocyc:TU0-12873 
RDBECOLITUC00161	intF	RDBECOLIOPC01273	intF	RDBECOLIGNC03047	intF								b0281	297096	295696		Ecocyc:TU0-12874 
RDBECOLITUC00162	yagP	RDBECOLIOPC00395	yagP	RDBECOLIGNC03048	yagP								b0282	297791	297381		Ecocyc:TU0-12875 
RDBECOLITUC00163	paoABCD	RDBECOLIOPC02013	paoABCD	RDBECOLIGNC03052,RDBECOLIGNC03051,RDBECOLIGNC03050,RDBECOLIGNC03049	paoA;paoB;paoC;paoD								b0286;b0285;b0284;b0283	302573	297770		Ecocyc:TU0-12876 
RDBECOLITUC00164	ykgJ	RDBECOLIOPC01005	ykgJ	RDBECOLIGNC03054	ykgJ								b0288	304182	303853		Ecocyc:TU0-12877 
RDBECOLITUC00165	ecpBCDE	RDBECOLIOPC01007	ecpBCDE	RDBECOLIGNC03058,RDBECOLIGNC03057,RDBECOLIGNC03056,RDBECOLIGNC03055	ecpB;ecpC;ecpD;ecpE	RDBECOLIPMC03285	ecpBp1	310119					b0292;b0291;b0290;b0289	310026	304495		Ecocyc:TU0-12878 
RDBECOLITUC00166	ecpA	RDBECOLIOPC01661	ecpA	RDBECOLIGNC03059	ecpA	RDBECOLIPMC00707	ecpAp	310797		sigma70	RDBECOLITFC00115	MatA	b0293	310671	310084		Ecocyc:TU0-12879 
RDBECOLITUC00167	ecpR	RDBECOLIOPC00714	ecpR	RDBECOLIGNC03060	matA	RDBECOLIPMC00708	ecpRp	311393		sigma24	RDBECOLITFC00115	MatA	b0294	311336	310746		Ecocyc:TU0-12880 
RDBECOLITUC00168	ykgMO	RDBECOLIOPC02365	ykgMO	RDBECOLIGNC03062,RDBECOLIGNC02574	ykgM;ykgO	RDBECOLIPMC03270	ykgMp	312805		sigma70	RDBECOLITFC00035	Zur	b0296;b4506	312777	312374		Ecocyc:TU0-12881 
RDBECOLITUC00169	eaeH-insE1EF1F1	RDBECOLIOPC01320	eaeH-insE1EF1F1	RDBECOLIGNC03064,RDBECOLIGNC03063,RDBECOLIGNC02616,RDBECOLIGNC02052	insF1;insE1;insEF1;eaeH								b0299;b0298;b0297	314357	316453		Ecocyc:TU0-12882 
RDBECOLITUC00170	ykgA	RDBECOLIOPC00435	ykgA	RDBECOLIGNC03065	ykgA								b0300	317136	316450		Ecocyc:TU0-12883 
RDBECOLITUC00171	rclBC	RDBECOLIOPC02840	rclABC	RDBECOLIGNC03067,RDBECOLIGNC03066	rclB;rclC								b0303;b0301	318567	317726		Ecocyc:TU0-12884 
RDBECOLITUC00172	rclABC	RDBECOLIOPC02840	rclABC	RDBECOLIGNC03066,RDBECOLIGNC03067,RDBECOLIGNC03068	rclC;rclB;rclA	RDBECOLIPMC00719	rclAp	320215		sigma24	RDBECOLITFC00193	RclR	b0301;b0303;b0304	320001	317726		Ecocyc:TU0-12885 
RDBECOLITUC00173	rclR	RDBECOLIOPC00163	rclR	RDBECOLIGNC03069	rclR								b0305	320227	321081		Ecocyc:TU0-12886 
RDBECOLITUC00174	ykgEFG	RDBECOLIOPC01598	ykgEFG	RDBECOLIGNC03072,RDBECOLIGNC03071,RDBECOLIGNC03070	ykgG;ykgF;ykgE								b0308;b0307;b0306	321608	324453		Ecocyc:TU0-12887 
RDBECOLITUC00175	ykgH	RDBECOLIOPC00663	ykgH	RDBECOLIGNC03074	ykgH								b0310	325364	324696		Ecocyc:TU0-12888 
RDBECOLITUC00176	pdeL	RDBECOLIOPC03128	pdeL	RDBECOLIGNC01213	pdeL	RDBECOLIPMC03070	pdeLp1	332039		sigma70	RDBECOLITFC00057,RDBECOLITFC00057	Cra,Cra	b0315	332371	333459		Ecocyc:TU0-12889 
RDBECOLITUC00177	yahB	RDBECOLIOPC01261	yahB	RDBECOLIGNC03075	yahB								b0316	334433	333501		Ecocyc:TU0-12890 
RDBECOLITUC00178	yahC	RDBECOLIOPC00385	yahC	RDBECOLIGNC03076	yahC								b0317	335022	334525		Ecocyc:TU0-12891 
RDBECOLITUC00179	yahDEFG	RDBECOLIOPC02002	yahDEFG	RDBECOLIGNC03080,RDBECOLIGNC03079,RDBECOLIGNC03078,RDBECOLIGNC03077	yahG;yahF;yahE;yahD								b0321;b0320;b0319;b0318	335280	339743		Ecocyc:TU0-12892 
RDBECOLITUC00180	yahH	RDBECOLIOPC00995	yahH	RDBECOLIGNC02633	yahH								b0322	339769	340089		Ecocyc:TU0-12893 
RDBECOLITUC00181	yahIJ	RDBECOLIOPC00116	yahIJ	RDBECOLIGNC03082,RDBECOLIGNC03081	yahJ;yahI								b0324;b0323	340165	342507		Ecocyc:TU0-12894 
RDBECOLITUC00182	yahK	RDBECOLIOPC01646	yahK	RDBECOLIGNC03083	yahK								b0325	342884	343933		Ecocyc:TU0-12895 
RDBECOLITUC00183	yahL	RDBECOLIOPC00702	yahL	RDBECOLIGNC03084	yahL								b0326	344176	344991		Ecocyc:TU0-12896 
RDBECOLITUC00184	yahM	RDBECOLIOPC02347	yahM	RDBECOLIGNC03085	yahM								b0327	345404	345649		Ecocyc:TU0-12897 
RDBECOLITUC00185	mhpT	RDBECOLIOPC01304	mhpT	RDBECOLIGNC03095	mhpT	RDBECOLIPMC00313	mhpTp	375386		sigma32	RDBECOLITFC00038	NsrR	b0353	375459	376670		Ecocyc:TU0-12900 
RDBECOLITUC00186	yaiL	RDBECOLIOPC00424	yaiL	RDBECOLIGNC03096	yaiL								b0354	376772	377311		Ecocyc:TU0-12901 
RDBECOLITUC00187	frmRAB	RDBECOLIOPC01940	frmRAB	RDBECOLIGNC03098,RDBECOLIGNC02564,RDBECOLIGNC03097	frmR;frmA;frmB						RDBECOLITFC00086	FrmR	b0357;b0356;b0355	379881	377535		Ecocyc:TU0-12902 
RDBECOLITUC00188	yaiO	RDBECOLIOPC03574	yaiO	RDBECOLIGNC03099	yaiO								b0358	380842	380069		Ecocyc:TU0-12903 
RDBECOLITUC00189	insC1CD1D1	RDBECOLIOPC00153	insC1CD1D1	RDBECOLIGNC03101,RDBECOLIGNC03100,RDBECOLIGNC02627	insD1;insC1;insCD1								b0361;b0360	381351	382579		Ecocyc:TU0-12904 
RDBECOLITUC00190	yaiX	RDBECOLIOPC03574	yaiO	RDBECOLIGNC03102	yaiX								b4579	382872	380844		Ecocyc:TU0-12905 
RDBECOLITUC00191	yaiP	RDBECOLIOPC00651	yaiP	RDBECOLIGNC03103	yaiP								b0363	383935	382739		Ecocyc:TU0-12906 
RDBECOLITUC00192	hemB	RDBECOLIOPC02407	hemB	RDBECOLIGNC00421	hemB	RDBECOLIPMC02539	hemBp	389754		sigma70			b0369	389727	388753		Ecocyc:TU0-12908 
RDBECOLITUC00193	insE2F2EF2	RDBECOLIOPC01250	insE2F2EF2	RDBECOLIGNC03111,RDBECOLIGNC03110,RDBECOLIGNC02618	insE2;insF2;insEF2								b0373;b0372	392901	391739		Ecocyc:TU0-12910 
RDBECOLITUC00194	iprA	RDBECOLIOPC00374	iprA	RDBECOLIGNC03112	iprA								b0375	394506	395129		Ecocyc:TU0-12912 
RDBECOLITUC00195	iraP	RDBECOLIOPC03311	iraP	RDBECOLIGNC01230	iraP	RDBECOLIPMC03047	iraPp1	401319		sigma70	RDBECOLITFC00039,RDBECOLITFC00018	DksA,CsgD	b0382	401386	401646		Ecocyc:TU0-12913 
RDBECOLITUC00196	yaiI	RDBECOLIOPC00980	yaiI	RDBECOLIGNC03116	yaiI								b0387	405764	406222		Ecocyc:TU0-12914 
RDBECOLITUC00197	ppnP	RDBECOLIOPC00102	ppnP	RDBECOLIGNC02051	ppnP	RDBECOLIPMC03292	ppnPp	408148					b0391	408177	408461		Ecocyc:TU0-12915 
RDBECOLITUC00198	ykiA	RDBECOLIOPC01631	ykiA	RDBECOLIGNC03117	ykiA	RDBECOLIPMC02478	ykiAp	408574			RDBECOLITFC00095	RcsB-BglJ	b0392	408609	408950		Ecocyc:TU0-12916 
RDBECOLITUC00199	sbcDC	RDBECOLIOPC00691	sbcDC	RDBECOLIGNC01081,RDBECOLIGNC00915	sbcD;sbcC	RDBECOLIPMC03110	sbcDp	416977		sigma70	RDBECOLITFC00202	PhoB	b0398;b0397	416952	412607		Ecocyc:TU0-12917 
RDBECOLITUC00200	brnQ-proY	RDBECOLIOPC02329	brnQ-proY	RDBECOLIGNC03118,RDBECOLIGNC02059	proY;brnQ	RDBECOLIPMC03293	brnQp	419488					b0402;b0401	419591	422359		Ecocyc:TU0-12918 
RDBECOLITUC00201	yajD	RDBECOLIOPC01289	yajD	RDBECOLIGNC01084	yajD						RDBECOLITFC00135	Nac	b0410	430605	430952		Ecocyc:TU0-12919 
RDBECOLITUC00202	yajI	RDBECOLIOPC00414	yajI	RDBECOLIGNC02408	yajI								b0412	432851	432312		Ecocyc:TU0-12920 
RDBECOLITUC00203	nrdR-ribDE-nusB-thiL-pgpA	RDBECOLIOPC02538	nrdR-ribDE-nusB-thiL-pgpA	RDBECOLIGNC00695,RDBECOLIGNC03119,RDBECOLIGNC00658,RDBECOLIGNC01292,RDBECOLIGNC01291,RDBECOLIGNC01290	pgpA;thiL;nusB;ribE;ribD;nrdR	RDBECOLIPMC03109	nrdRp	432977		sigma70			b0418;b0417;b0416;b0415;b0414;b0413	433002	437107		Ecocyc:TU0-12921 
RDBECOLITUC00204	panE-yajL	RDBECOLIOPC00933	panE-yajL	RDBECOLIGNC03123,RDBECOLIGNC02950	panE;yajL								b0425;b0424	444515	443051		Ecocyc:TU0-12924 
RDBECOLITUC00205	yajR	RDBECOLIOPC00143	yajR	RDBECOLIGNC03125	yajR	RDBECOLIPMC03295	yajRp	446687					b0427	446666	445302		Ecocyc:TU0-12925 
RDBECOLITUC00206	ampG	RDBECOLIOPC01567	yajG-ampG	RDBECOLIGNC02071	ampG								b0433	453545	452070		Ecocyc:TU0-12926 
RDBECOLITUC00207	yajG	RDBECOLIOPC01567	yajG-ampG	RDBECOLIGNC02070	yajG	RDBECOLIPMC02522	yajGp	454210	RDBECOLITMC00151	sigma70			b0434	454167	453589	453557-453576	Ecocyc:TU0-12927 
RDBECOLITUC00208	tig	RDBECOLIOPC02843	tig	RDBECOLIGNC00991	tig	RDBECOLIPMC03296	tigp1	454993					b0436	455133	456431		Ecocyc:TU0-12928 
RDBECOLITUC00209	ybaV	RDBECOLIOPC01234	ybaV	RDBECOLIGNC03127	ybaV								b0442	463937	464308		Ecocyc:TU0-12931 
RDBECOLITUC00210	fadM	RDBECOLIOPC00363	fadM	RDBECOLIGNC03128	fadM	RDBECOLIPMC00767	fadMp1	464360		sigma24	RDBECOLITFC00126	FadR	b0443	464402	464800		Ecocyc:TU0-12932 
RDBECOLITUC00211	queC	RDBECOLIOPC01973	queC	RDBECOLIGNC03129	queC								b0444	465547	464852		Ecocyc:TU0-12933 
RDBECOLITUC00212	ybaE	RDBECOLIOPC00971	ybaE	RDBECOLIGNC02426	ybaE								b0445	467312	465612		Ecocyc:TU0-12934 
RDBECOLITUC00213	cof	RDBECOLIOPC00092	cof	RDBECOLIGNC03130	cof								b0446	467412	468230		Ecocyc:TU0-12935 
RDBECOLITUC00214	decR	RDBECOLIOPC01618	decR	RDBECOLIGNC03131	decR	RDBECOLIPMC00226	decRp	468352		sigma70	RDBECOLITFC00201,RDBECOLITFC00074	SoxS,MarA	b0447	468383	468841		Ecocyc:TU0-12936 
RDBECOLITUC00215	mdlAB	RDBECOLIOPC00681	mdlAB	RDBECOLIGNC01568,RDBECOLIGNC03132	mdlB;mdlA								b0449;b0448	468871	472417		Ecocyc:TU0-12937 
RDBECOLITUC00216	ffs	RDBECOLIOPC02309	ffs	RDBECOLIGNC02464	ffs								b0455	476448	476561		Ecocyc:TU0-12938 
RDBECOLITUC00217	ybaA	RDBECOLIOPC01275	ybaA	RDBECOLIGNC01086	ybaA								b0456	476672	477025		Ecocyc:TU0-12939 
RDBECOLITUC00218	pdeB	RDBECOLIOPC00402	pdeB	RDBECOLIGNC03135	pdeB								b0457	478617	477067		Ecocyc:TU0-12940 
RDBECOLITUC00219	ylaC	RDBECOLIOPC01909	ylaC	RDBECOLIGNC03136	ylaC	RDBECOLIPMC03299	ylaCp	479288					b0458	479251	478781		Ecocyc:TU0-12941 
RDBECOLITUC00220	maa	RDBECOLIOPC00923	maa	RDBECOLIGNC02975	maa								b0459	479918	479367		Ecocyc:TU0-12942 
RDBECOLITUC00221	tomB-hha	RDBECOLIOPC00131	tomB-hha	RDBECOLIGNC02280,RDBECOLIGNC00432	tomB;hha	RDBECOLIPMC03024	tomBp	480794		sigma70	RDBECOLITFC00196,RDBECOLITFC00170,RDBECOLITFC00158	BasR,CpxR,PdhR	b0461;b0460	480708	480090		Ecocyc:TU0-12943 
RDBECOLITUC00222	mscK	RDBECOLIOPC01550	mscK	RDBECOLIGNC03137	mscK	RDBECOLIPMC03301	mscKp	486492					b0465	486536	489898		Ecocyc:TU0-12944 
RDBECOLITUC00223	priC-ybaM	RDBECOLIOPC00628	priC-ybaM	RDBECOLIGNC00755,RDBECOLIGNC02385	priC;ybaM								b0467;b0466	490812	490110		Ecocyc:TU0-12945 
RDBECOLITUC00224	ybaN	RDBECOLIOPC02369	ybaN	RDBECOLIGNC02391	ybaN						RDBECOLITFC00080	GlaR	b0468	490882	491259		Ecocyc:TU0-12946 
RDBECOLITUC00225	apt	RDBECOLIOPC01221	apt	RDBECOLIGNC00047	apt	RDBECOLIPMC03094	aptp	491310		sigma70			b0469	491412	491963		Ecocyc:TU0-12947 
RDBECOLITUC00226	dnaX	RDBECOLIOPC00352	dnaX	RDBECOLIGNC00239	dnaX	RDBECOLIPMC03048	dnaXp	492056					b0470	492092	494023		Ecocyc:TU0-12948 
RDBECOLITUC00227	hemH	RDBECOLIOPC01956	hemH	RDBECOLIGNC00424	hemH	RDBECOLIPMC03012	hemHp	498031		sigma70	RDBECOLITFC00216,RDBECOLITFC00216	OxyR,OxyR	b0475	498055	499017		Ecocyc:TU0-12951 
RDBECOLITUC00228	ybaL	RDBECOLIOPC00959	ybaL	RDBECOLIGNC02330	ybaL	RDBECOLIPMC03302	ybaLp	503295					b0478	503238	501562		Ecocyc:TU0-12952 
RDBECOLITUC00229	fsr	RDBECOLIOPC00082	fsr	RDBECOLIGNC03138	fsr								b0479	504696	503476		Ecocyc:TU0-12953 
RDBECOLITUC00230	cueR	RDBECOLIOPC01602	cueR	RDBECOLIGNC03144	cueR								b0487	513993	514400		Ecocyc:TU0-12955 
RDBECOLITUC00231	qmcA-ybbJ	RDBECOLIOPC00668	qmcA-ybbJ	RDBECOLIGNC03146,RDBECOLIGNC03145	qmcA;ybbJ	RDBECOLIPMC00537	qmcAp	515823					b0489;b0488	515773	514401		Ecocyc:TU0-12956 
RDBECOLITUC00232	fetAB	RDBECOLIOPC02292	fetAB	RDBECOLIGNC03148,RDBECOLIGNC03147	fetB;fetA	RDBECOLIPMC00538	fetAp	515903					b0491;b0490	515919	517362		Ecocyc:TU0-12957 
RDBECOLITUC00233	ybbAP	RDBECOLIOPC01262	ybbAP	RDBECOLIGNC03151,RDBECOLIGNC01598	ybbP;ybbA								b0496;b0495	519733	522830		Ecocyc:TU0-12959 
RDBECOLITUC00234	rhsD-ybbC-ylbH-ybbD	RDBECOLIOPC00388	rhsD-ybbC-ylbH-ybbD	RDBECOLIGNC01704,RDBECOLIGNC03152,RDBECOLIGNC01703,RDBECOLIGNC00839	ybbD;ylbH;ybbC;rhsD								b0501;b0499;b0498;b0497	523261	529130		Ecocyc:TU0-12960 
RDBECOLITUC00235	ylbG	RDBECOLIOPC01895	ylbG	RDBECOLIGNC03153	ylbG								b0502	530016	529645		Ecocyc:TU0-12961 
RDBECOLITUC00236	fdrA-ylbEF-ybcF	RDBECOLIOPC00910	fdrA-ylbEF-ybcF	RDBECOLIGNC02244,RDBECOLIGNC03168,RDBECOLIGNC03167,RDBECOLIGNC03166	ybcF;ylbF;ylbE;fdrA								b0521;b0520;b4572;b0518	546680	551332		Ecocyc:TU0-12962 
RDBECOLITUC00237	ppiB-lpxH	RDBECOLIOPC00119	ppiB-lpxH	RDBECOLIGNC00748,RDBECOLIGNC02347	ppiB;lpxH								b0525;b0524	554437	553218		Ecocyc:TU0-12963 
RDBECOLITUC00238	ybcI	RDBECOLIOPC01536	ybcI	RDBECOLIGNC02361	ybcI								b0527	556553	556032		Ecocyc:TU0-12964 
RDBECOLITUC00239	folD-ybcJ	RDBECOLIOPC00614	folD-ybcJ	RDBECOLIGNC00322,RDBECOLIGNC02413	folD;ybcJ	RDBECOLIPMC03304	folDp	557781					b0529;b0528	557741	556661		Ecocyc:TU0-12965 
RDBECOLITUC00240	sfmA	RDBECOLIOPC03415	sfmAC	RDBECOLIGNC03169	sfmA								b0530	558212	558754		Ecocyc:TU0-12966 
RDBECOLITUC00241	sfmCD	RDBECOLIOPC03415	sfmAC	RDBECOLIGNC03171,RDBECOLIGNC03170	sfmD;sfmC								b0532;b0531	558974	562300		Ecocyc:TU0-12967 
RDBECOLITUC00242	sfmHF	RDBECOLIOPC00340	sfmHF	RDBECOLIGNC02248,RDBECOLIGNC03172	sfmF;sfmH								b0534;b0533	562336	563845		Ecocyc:TU0-12968 
RDBECOLITUC00243	exoD	RDBECOLIOPC01939	exoD	RDBECOLIGNC03174	exoD								b0539	566361	566098		Ecocyc:TU0-12969 
RDBECOLITUC00244	peaD	RDBECOLIOPC00947	peaD	RDBECOLIGNC02634	peaD								b4508	566376	566687		Ecocyc:TU0-12970 
RDBECOLITUC00245	insE3EF3F3	RDBECOLIOPC00070	insE3EF3F3	RDBECOLIGNC03176,RDBECOLIGNC03175,RDBECOLIGNC02619	insF3;insE3;insEF3								b0541;b0540	566842	568004		Ecocyc:TU0-12971 
RDBECOLITUC00246	ybcK	RDBECOLIOPC01585	ybcK	RDBECOLIGNC03178	ybcK						RDBECOLITFC00135	Nac	b0544	568902	570428		Ecocyc:TU0-12973 
RDBECOLITUC00247	ybcLM	RDBECOLIOPC00655	ybcLM	RDBECOLIGNC03180,RDBECOLIGNC03179	ybcM;ybcL								b0546;b0545	570893	572251		Ecocyc:TU0-12974 
RDBECOLITUC00248	ybcN-ninE-ybcO-rusA-ylcG	RDBECOLIOPC02272	ybcN-ninE-ybcO-rusA-ylcG	RDBECOLIGNC02575,RDBECOLIGNC03184,RDBECOLIGNC03183,RDBECOLIGNC03182,RDBECOLIGNC03181	ylcG;rusA;ybcO;ninE;ybcN								b4509;b0550;b0549;b0548;b0547	572466	573870		Ecocyc:TU0-12975 
RDBECOLITUC00249	ybcQ	RDBECOLIOPC01251	ybcQ	RDBECOLIGNC03185	quuD								b0551	573956	574339		Ecocyc:TU0-12976 
RDBECOLITUC00250	rzoD	RDBECOLIOPC00378	rzoD	RDBECOLIGNC02576	rzoD								b4510	578327	578509		Ecocyc:TU0-12978 
RDBECOLITUC00251	ybcV	RDBECOLIOPC01876	ybcV	RDBECOLIGNC03191	ybcV								b0558	579594	579184		Ecocyc:TU0-12979 
RDBECOLITUC00252	ybcW	RDBECOLIOPC00895	ybcW	RDBECOLIGNC03192	ybcW								b0559	579880	580086		Ecocyc:TU0-12980 
RDBECOLITUC00253	nohD	RDBECOLIOPC00105	nohD	RDBECOLIGNC01580	nohD								b0560	580834	581379		Ecocyc:TU0-12981 
RDBECOLITUC00254	tfaD	RDBECOLIOPC01521	tfaD	RDBECOLIGNC03193	tfaD								b0561	581534	582097		Ecocyc:TU0-12982 
RDBECOLITUC00255	tfaX	RDBECOLIOPC00600	tfaX	RDBECOLIGNC03195	tfaX								b0563	582875	583060		Ecocyc:TU0-12983 
RDBECOLITUC00256	ybdG	RDBECOLIOPC02330	ybdG	RDBECOLIGNC03201	ybdG								b0577	604663	603416		Ecocyc:TU0-12985 
RDBECOLITUC00257	ybdF	RDBECOLIOPC01198	ybdF	RDBECOLIGNC03202	ybdF								b0579	605886	605518		Ecocyc:TU0-12987 
RDBECOLITUC00258	ybdJ	RDBECOLIOPC00328	ybdJ	RDBECOLIGNC03203	ybdJ								b0580	606199	605951		Ecocyc:TU0-12988 
RDBECOLITUC00259	ybdK	RDBECOLIOPC01923	ybdK	RDBECOLIGNC03204	ybdK						RDBECOLITFC00135	Nac	b0581	607383	606265		Ecocyc:TU0-12989 
RDBECOLITUC00260	insL2	RDBECOLIOPC00935	insL2	RDBECOLIGNC03205	insL2								b0582	608065	609177		Ecocyc:TU0-12990 
RDBECOLITUC00261	ybdD	RDBECOLIOPC00060	ybdD	RDBECOLIGNC02578	ybdD								b4512	632182	632379		Ecocyc:TU0-12991 
RDBECOLITUC00262	ybdM	RDBECOLIOPC03270	citR-ybdNM	RDBECOLIGNC03207	ybdM								b0601	635376	634747		Ecocyc:TU0-12992 
RDBECOLITUC00263	ybdN	RDBECOLIOPC03270	citR-ybdNM	RDBECOLIGNC03208	ybdN	RDBECOLIPMC00286	ybdNp	636686		sigma70	RDBECOLITFC00098,RDBECOLITFC00128,RDBECOLITFC00128,RDBECOLITFC00152	ArcA,FNR,FNR,CysB	b0602	636569	635349		Ecocyc:TU0-12993 
RDBECOLITUC00264	ybdO	RDBECOLIOPC03270	citR-ybdNM	RDBECOLIGNC03209	citR								b0603	637618	636716		Ecocyc:TU0-12994 
RDBECOLITUC00265	None	RDBECOLIOPC01235	dsbG	RDBECOLIGNC03210	dsbG	RDBECOLIPMC00300	dsbGp	638800			RDBECOLITFC00216,RDBECOLITFC00216	OxyR,OxyR	b0604	638573	637827		Ecocyc:TU0-12995 
RDBECOLITUC00266	rnk	RDBECOLIOPC00365	rnk	RDBECOLIGNC03214	rnk								b0610	643967	643557		Ecocyc:TU0-12996 
RDBECOLITUC00267	rna	RDBECOLIOPC01865	rna	RDBECOLIGNC00846	rna	RDBECOLIPMC03307	rnap	645034					b0611	645003	644197		Ecocyc:TU0-12997 
RDBECOLITUC00268	citT	RDBECOLIOPC00880	citT	RDBECOLIGNC03215	citT								b0612	646580	645117		Ecocyc:TU0-12998 
RDBECOLITUC00269	citCDEFXG	RDBECOLIOPC03308	citCDEFXG	RDBECOLIGNC03221,RDBECOLIGNC03220,RDBECOLIGNC03219,RDBECOLIGNC03218,RDBECOLIGNC03217,RDBECOLIGNC03216	citC;citD;citE;citF;citX;citG	RDBECOLIPMC03268	citCp1	651952			RDBECOLITFC00098,RDBECOLITFC00173,RDBECOLITFC00173,RDBECOLITFC00173	ArcA,DpiA,DpiA,DpiA	b0618;b0617;b0616;b0615;b0614;b0613	651856	646631		Ecocyc:TU0-12999 
RDBECOLITUC00270	dpiBA	RDBECOLIOPC03484	dpiBA	RDBECOLIGNC03223,RDBECOLIGNC03222	dpiA;dpiB	RDBECOLIPMC00292	dpiBp1	651984			RDBECOLITFC00173,RDBECOLITFC00098,RDBECOLITFC00009,RDBECOLITFC00189,RDBECOLITFC00128,RDBECOLITFC00173,RDBECOLITFC00173	DpiA,ArcA,NarL,CRP,FNR,DpiA,DpiA	b0620;b0619	652235	654542		Ecocyc:TU0-13000 
RDBECOLITUC00271	cspE	RDBECOLIOPC01614	cspE	RDBECOLIGNC02067	cspE	RDBECOLIPMC03266	cspEp2	657250		sigma70	RDBECOLITFC00189	CRP	b0623	657292	657501		Ecocyc:TU0-13001 
RDBECOLITUC00272	ybeM	RDBECOLIOPC02312	ybeM	RDBECOLIGNC02090	ybeM								b4581	658031	658818		Ecocyc:TU0-13002 
RDBECOLITUC00273	tatE	RDBECOLIOPC01182	tatE	RDBECOLIGNC01277	tatE								b0627	658947	659150		Ecocyc:TU0-13003 
RDBECOLITUC00274	lipA	RDBECOLIOPC00317	lipA	RDBECOLIGNC01278	lipA	RDBECOLIPMC03308	lipAp	660301					b0628	660216	659251		Ecocyc:TU0-13004 
RDBECOLITUC00275	ybeF	RDBECOLIOPC01908	ybeF	RDBECOLIGNC01541	ybeF								b0629	661378	660425		Ecocyc:TU0-13005 
RDBECOLITUC00276	lipB	RDBECOLIOPC02763	ybeD-lipB	RDBECOLIGNC01539	lipB								b0630	662278	661637		Ecocyc:TU0-13006 
RDBECOLITUC00277	ybeD	RDBECOLIOPC02763	ybeD-lipB	RDBECOLIGNC01540	ybeD								b0631	662642	662379		Ecocyc:TU0-13007 
RDBECOLITUC00278	dacA	RDBECOLIOPC01552	dacA	RDBECOLIGNC00195	dacA								b0632	663963	662752		Ecocyc:TU0-13008 
RDBECOLITUC00279	rsfS-rlmH-mrdAB-rlpA	RDBECOLIOPC00631	rsfS-rlmH-mrdAB-rlpA	RDBECOLIGNC01229,RDBECOLIGNC01228,RDBECOLIGNC00598,RDBECOLIGNC00599,RDBECOLIGNC00844	rsfS;rlmH;mrdA;mrdB;rlpA	RDBECOLIPMC03309	rsfSp	669072					b0637;b0636;b0635;b0634;b0633	669036	664102		Ecocyc:TU0-13009 
RDBECOLITUC00280	leuS-lptE-holA-nadD-cobC	RDBECOLIOPC02236	leuS-lptE-holA-nadD-cobC	RDBECOLIGNC00524,RDBECOLIGNC00845,RDBECOLIGNC01377,RDBECOLIGNC03226,RDBECOLIGNC03225	leuS;lptE;holA;nadD;cobC								b0642;b0641;b0640;b0639;b0638	674783	669296		Ecocyc:TU0-13010 
RDBECOLITUC00281	ybeR-djlB	RDBECOLIOPC01222	ybeR-djlB	RDBECOLIGNC03229,RDBECOLIGNC03228	djlB;ybeR								b0646;b0645	676711	678842		Ecocyc:TU0-13011 
RDBECOLITUC00282	ybeU-djlC	RDBECOLIOPC00354	ybeU-djlC	RDBECOLIGNC03232,RDBECOLIGNC03231	djlC;ybeU								b0649;b0648	679508	681663		Ecocyc:TU0-13012 
RDBECOLITUC00283	hscC	RDBECOLIOPC01847	hscC	RDBECOLIGNC03233	hscC								b0650	683393	681723		Ecocyc:TU0-13013 
RDBECOLITUC00284	rihA	RDBECOLIOPC00866	rihA	RDBECOLIGNC03234	rihA						RDBECOLITFC00189	CRP	b0651	684412	683477		Ecocyc:TU0-13014 
RDBECOLITUC00285	insH3	RDBECOLIOPC00084	insH3	RDBECOLIGNC03236	insH3								b0656	688977	687997		Ecocyc:TU0-13015 
RDBECOLITUC00286	ybeX-lnt	RDBECOLIOPC03165	ybeZYX-lnt	RDBECOLIGNC03237,RDBECOLIGNC00164	ybeX;lnt								b0658;b0657	691784	689343		Ecocyc:TU0-13016 
RDBECOLITUC00287	ybeZY	RDBECOLIOPC03165	ybeZYX-lnt	RDBECOLIGNC03239,RDBECOLIGNC03238	ybeZ;ybeY								b0660;b0659	693378	691874		Ecocyc:TU0-13017 
RDBECOLITUC00288	miaB	RDBECOLIOPC02295	miaB	RDBECOLIGNC03240	miaB								b0661	694955	693531		Ecocyc:TU0-13018 
RDBECOLITUC00289	chiZPQ	RDBECOLIOPC02609	chiZPQ	RDBECOLIGNC02857,RDBECOLIGNC03243,RDBECOLIGNC03242	chiZ;chiQ;chiP	RDBECOLIPMC00294	chiZp	708236			RDBECOLITFC00027,RDBECOLITFC00027,RDBECOLITFC00189	NagC,NagC,CRP	b4808;b0682;b0681	708236	710116		Ecocyc:TU0-13021 
RDBECOLITUC00290	chiQ	RDBECOLIOPC02609	chiZPQ	RDBECOLIGNC03243	chiQ								b0682	709790	710116		Ecocyc:TU0-13022 
RDBECOLITUC00291	ybfF	RDBECOLIOPC01894	ybfF	RDBECOLIGNC01708	ybfF								b0686	712802	712038		Ecocyc:TU0-13023 
RDBECOLITUC00292	ybfP	RDBECOLIOPC00913	ybfP	RDBECOLIGNC03244	ybfP								b0689	715412	715906		Ecocyc:TU0-13024 
RDBECOLITUC00293	ybfA	RDBECOLIOPC00042	ybfA	RDBECOLIGNC01474	ybfA								b0699	729134	729340		Ecocyc:TU0-13025 
RDBECOLITUC00294	rhsC-ybfB	RDBECOLIOPC01538	rhsC-ybfB	RDBECOLIGNC01475,RDBECOLIGNC00838	ybfB;rhsC								b0702;b0700	729583	734102		Ecocyc:TU0-13026 
RDBECOLITUC00295	ybfOC	RDBECOLIOPC00618	ybfOC	RDBECOLIGNC01476,RDBECOLIGNC03245	ybfC;ybfO								b0704;b0703	734220	736219		Ecocyc:TU0-13027 
RDBECOLITUC00296	ybfQ	RDBECOLIOPC02218	ybfQ	RDBECOLIGNC02580	ybfQ								b4514	736445	736699		Ecocyc:TU0-13028 
RDBECOLITUC00297	ybfL	RDBECOLIOPC01211	ybfL	RDBECOLIGNC03246	ybfL								b0705	736900	737961		Ecocyc:TU0-13029 
RDBECOLITUC00298	ybfD	RDBECOLIOPC00342	ybfD	RDBECOLIGNC01477	ybfD								b0706	738092	738853		Ecocyc:TU0-13030 
RDBECOLITUC00299	abrB	RDBECOLIOPC01833	abrB	RDBECOLIGNC03253	abrB								b0715	747769	746723		Ecocyc:TU0-13031 
RDBECOLITUC00300	ybgQPOD	RDBECOLIOPC03565	ybgQPOD	RDBECOLIGNC02222,RDBECOLIGNC03256,RDBECOLIGNC03255,RDBECOLIGNC03254	ybgD;ybgQ;ybgP;ybgO								b0719;b0718;b0717;b0716	752795	747921		Ecocyc:TU0-13032 
RDBECOLITUC00301	ybgD	RDBECOLIOPC03565	ybgQPOD	RDBECOLIGNC02222	ybgD								b0719	752795	752229		Ecocyc:TU0-13033 
RDBECOLITUC00302	valZ-lysY	RDBECOLIOPC01473	valZ-lysY	RDBECOLIGNC03259,RDBECOLIGNC03258	lysY;valZ								b0747;b0746	781068	781222		Ecocyc:TU0-13034 
RDBECOLITUC00303	lysZ	RDBECOLIOPC00560	lysZ	RDBECOLIGNC03260	lysZ								b0748	781369	781444		Ecocyc:TU0-13035 
RDBECOLITUC00304	lysQ	RDBECOLIOPC02275	lysQ	RDBECOLIGNC03261	lysQ				RDBECOLITMC00181,RDBECOLITMC00180				b0749	781577	781652	781809-781843;781653-781687	Ecocyc:TU0-13036 
RDBECOLITUC00305	None	RDBECOLIOPC01152	nadA-pnuC	RDBECOLIGNC01641,RDBECOLIGNC00622	pnuC;nadA	RDBECOLIPMC03311	nadAp	782061			RDBECOLITFC00130	NadR	b0751;b0750	782085	783885		Ecocyc:TU0-13037 
RDBECOLITUC00306	zitB	RDBECOLIOPC00293	zitB	RDBECOLIGNC03262	zitB								b0752	784823	783882		Ecocyc:TU0-13038 
RDBECOLITUC00307	ybgS	RDBECOLIOPC01875	ybgS	RDBECOLIGNC03263	ybgS								b0753	785317	784937		Ecocyc:TU0-13039 
RDBECOLITUC00308	modEF	RDBECOLIOPC00897	modEF	RDBECOLIGNC03264,RDBECOLIGNC01618	modE;modF								b0761;b0760	794644	792316		Ecocyc:TU0-13040 
RDBECOLITUC00309	acrZ	RDBECOLIOPC00030	acrZ	RDBECOLIGNC03265	acrZ	RDBECOLIPMC02453	acrZp	794751		sigma70	RDBECOLITFC00074,RDBECOLITFC00201,RDBECOLITFC00051	MarA,SoxS,Rob	b0762	794773	794922		Ecocyc:TU0-13041 
RDBECOLITUC00310	ybhH	RDBECOLIOPC01522	ybhH	RDBECOLIGNC03268	ybhH						RDBECOLITFC00135	Nac	b0769	800759	801811		Ecocyc:TU0-13042 
RDBECOLITUC00311	ybhI	RDBECOLIOPC00605	ybhI	RDBECOLIGNC03269	ybhI						RDBECOLITFC00135	Nac	b0770	801887	803320		Ecocyc:TU0-13043 
RDBECOLITUC00312	ybhJ	RDBECOLIOPC02199	ybhJ	RDBECOLIGNC03270	ybhJ								b0771	803503	805764		Ecocyc:TU0-13044 
RDBECOLITUC00313	ybhC	RDBECOLIOPC01199	ybhC	RDBECOLIGNC02409	ybhC	RDBECOLIPMC03260	ybhCp	807321					b0772	807281	805998		Ecocyc:TU0-13045 
RDBECOLITUC00314	ybhB	RDBECOLIOPC00331	ybhB	RDBECOLIGNC01215	ybhB								b0773	807909	807433		Ecocyc:TU0-13046 
RDBECOLITUC00315	ybhL	RDBECOLIOPC01819	ybhL	RDBECOLIGNC03272	ybhL	RDBECOLIPMC02512	ybhLp	819858		sigma70	RDBECOLITFC00101	YjjQ	b0786	819884	820588		Ecocyc:TU0-13047 
RDBECOLITUC00316	ybhM	RDBECOLIOPC00840	ybhM	RDBECOLIGNC03273	ybhM						RDBECOLITFC00135	Nac	b0787	820793	821506		Ecocyc:TU0-13048 
RDBECOLITUC00317	ybhP-clsB-ybhN	RDBECOLIOPC00062	ybhP-clsB-ybhN	RDBECOLIGNC03276,RDBECOLIGNC03275,RDBECOLIGNC03274	ybhP;clsB;ybhN								b0790;b0789;b0788	824497	821542		Ecocyc:TU0-13049 
RDBECOLITUC00318	cecR-ybhGFSR	RDBECOLIOPC01458	cecR-ybhGFSR	RDBECOLIGNC02263,RDBECOLIGNC03281,RDBECOLIGNC03280,RDBECOLIGNC03279,RDBECOLIGNC03278	cecR;ybhG;ybhF;ybhS;ybhR	RDBECOLIPMC02528	cecRp	830669		sigma70	RDBECOLITFC00079	CecR	b0796;b0795;b0794;b0793;b0792	830643	825002		Ecocyc:TU0-13050 
RDBECOLITUC00319	hcxB	RDBECOLIOPC00549	hcxB	RDBECOLIGNC01532	hcxB								b0801	836351	837436		Ecocyc:TU0-13051 
RDBECOLITUC00320	ybiJ	RDBECOLIOPC02259	ybiJ	RDBECOLIGNC02275	ybiJ						RDBECOLITFC00185	YhaJ	b0802	837925	837665		Ecocyc:TU0-13052 
RDBECOLITUC00321	ybiI	RDBECOLIOPC01139	ybiI	RDBECOLIGNC02274	ybiI	RDBECOLIPMC00911	ybiIp6	838484		sigma38			b0803	838456	838190		Ecocyc:TU0-13053 
RDBECOLITUC00322	ybiX	RDBECOLIOPC00283	ybiX	RDBECOLIGNC03282	ybiX								b0804	839207	838530		Ecocyc:TU0-13054 
RDBECOLITUC00323	mcbA	RDBECOLIOPC01864	mcbA	RDBECOLIGNC03284	mcbA	RDBECOLIPMC00913	mcbAp5	842153		sigma70	RDBECOLITFC00089	McbR	b0806	842056	841796		Ecocyc:TU0-13056 
RDBECOLITUC00324	ybiO	RDBECOLIOPC00885	ybiO	RDBECOLIGNC03286	ybiO								b0808	845480	843255		Ecocyc:TU0-13057 
RDBECOLITUC00325	rhtA	RDBECOLIOPC00018	rhtA	RDBECOLIGNC02031	rhtA						RDBECOLITFC00135	Nac	b0813	850097	849210		Ecocyc:TU0-13058 
RDBECOLITUC00326	mntR-ybiR	RDBECOLIOPC01505	mntR-ybiR	RDBECOLIGNC03290,RDBECOLIGNC03289	ybiR;mntR	RDBECOLIPMC00540	mntRp	853098					b0818;b0817	853183	854765		Ecocyc:TU0-13059 
RDBECOLITUC00327	ybiU	RDBECOLIOPC00588	ybiU	RDBECOLIGNC03293	ybiU								b0821	859061	857796		Ecocyc:TU0-13060 
RDBECOLITUC00328	ybiV	RDBECOLIOPC02181	ybiV	RDBECOLIGNC03294	ybiV								b0822	860028	859213		Ecocyc:TU0-13061 
RDBECOLITUC00329	ybiYW	RDBECOLIOPC01184	ybiYW	RDBECOLIGNC03296,RDBECOLIGNC03295	ybiY;ybiW								b0824;b0823	863511	860174		Ecocyc:TU0-13062 
RDBECOLITUC00330	iaaA-gsiABCD	RDBECOLIOPC00320	iaaA-gsiABCD	RDBECOLIGNC03301,RDBECOLIGNC03300,RDBECOLIGNC03299,RDBECOLIGNC03298,RDBECOLIGNC02264	gsiD;gsiC;gsiB;gsiA;iaaA	RDBECOLIPMC03313	iaaAp	866537					b0832;b0831;b0830;b0829;b0828	866568	872801		Ecocyc:TU0-13063 
RDBECOLITUC00331	pdeI-dgcI	RDBECOLIOPC01802	pdeI-dgcI	RDBECOLIGNC03303,RDBECOLIGNC03302	dgcI;pdeI								b0834;b0833	872979	876663		Ecocyc:TU0-13064 
RDBECOLITUC00332	bssR	RDBECOLIOPC00828	bssR	RDBECOLIGNC03305	bssR								b0836	878248	878631		Ecocyc:TU0-13065 
RDBECOLITUC00333	yliI	RDBECOLIOPC00051	yliI	RDBECOLIGNC03306	yliI								b0837	878742	879857		Ecocyc:TU0-13066 
RDBECOLITUC00334	deoR	RDBECOLIOPC01445	deoR	RDBECOLIGNC00217	deoR	RDBECOLIPMC03175	deoRp						b0840	882734	881976		Ecocyc:TU0-13067 
RDBECOLITUC00336	ybjJI	RDBECOLIOPC02239	ybjJI	RDBECOLIGNC03312,RDBECOLIGNC03311	ybjJ;ybjI						RDBECOLITFC00048,RDBECOLITFC00048	RcdA,RcdA	b0845;b0844	887339	885316		Ecocyc:TU0-13069 
RDBECOLITUC00337	rybB	RDBECOLIOPC01125	rybB	RDBECOLIGNC02882	rybB	RDBECOLIPMC03080	rybBp	888057		sigma24	RDBECOLITFC00039,RDBECOLITFC00039,RDBECOLITFC00038	DksA,DksA,NsrR	b4417	888057	887979		Ecocyc:TU0-13070 
RDBECOLITUC00338	ybjL	RDBECOLIOPC00273	ybjL	RDBECOLIGNC03314	ybjL								b0847	889819	888134		Ecocyc:TU0-13071 
RDBECOLITUC00339	ybjO-rlmC	RDBECOLIOPC01846	ybjO-rlmC	RDBECOLIGNC03318,RDBECOLIGNC03317	rlmC;ybjO								b0859;b0858	897989	899645		Ecocyc:TU0-13072 
RDBECOLITUC00340	ybjQ-amiD	RDBECOLIOPC00869	ybjQ-amiD	RDBECOLIGNC03321,RDBECOLIGNC03320	amiD;ybjQ	RDBECOLIPMC00041	ybjQp	904517					b0867;b0866	904593	905743		Ecocyc:TU0-13073 
RDBECOLITUC00341	ybjS	RDBECOLIOPC00003	ybjS	RDBECOLIGNC03322	ybjS								b0868	906753	905740		Ecocyc:TU0-13074 
RDBECOLITUC00342	poxB-ltaE-ybjT	RDBECOLIOPC02383	poxB-ltaE-ybjT	RDBECOLIGNC00744,RDBECOLIGNC03324,RDBECOLIGNC03323	poxB;ltaE;ybjT								b0871;b0870;b0869	911049	906852		Ecocyc:TU0-13075 
RDBECOLITUC00343	lysO	RDBECOLIOPC00577	lysO	RDBECOLIGNC03327	lysO	RDBECOLIPMC02510	lysOp	914895		sigma70	RDBECOLITFC00109,RDBECOLITFC00109	ArgR,ArgR	b0874	914857	913958		Ecocyc:TU0-13076 
RDBECOLITUC00344	aat	RDBECOLIOPC02162	aat	RDBECOLIGNC01097	aat								b0885	927432	926728		Ecocyc:TU0-13077 
RDBECOLITUC00345	trxB	RDBECOLIOPC01169	trxB	RDBECOLIGNC01020	trxB	RDBECOLIPMC00044	trxBp	932078	RDBECOLITMC00176				b0888	932050	931085	931019-931061	Ecocyc:TU0-13078 
RDBECOLITUC00346	lolA-rarA	RDBECOLIOPC00307	lolA-rarA	RDBECOLIGNC02350,RDBECOLIGNC03334	rarA;lolA	RDBECOLIPMC02441	lolAp	937328		sigma70	RDBECOLITFC00042	RcsB	b0892;b0891	937372	939337		Ecocyc:TU0-13079 
RDBECOLITUC00347	serS	RDBECOLIOPC01787	serS	RDBECOLIGNC00935	serS	RDBECOLIPMC00045	serSp	939365	RDBECOLITMC00165				b0893	939428	940720	940741-940765	Ecocyc:TU0-13080 
RDBECOLITUC00348	ycaD	RDBECOLIOPC00813	ycaD	RDBECOLIGNC01218	ycaD						RDBECOLITFC00135	Nac	b0898	945871	947019		Ecocyc:TU0-13081 
RDBECOLITUC00349	ycaM	RDBECOLIOPC00043	ycaM	RDBECOLIGNC03335	ycaM								b0899	947229	948659		Ecocyc:TU0-13082 
RDBECOLITUC00350	pflA	RDBECOLIOPC01432	pflA	RDBECOLIGNC00025	pflA	RDBECOLIPMC02500	pflAp	951154	RDBECOLITMC00147	sigma70			b0902	951080	950340	950301-950330	Ecocyc:TU0-13083 
RDBECOLITUC00351	ycaO	RDBECOLIOPC00531	ycaO	RDBECOLIGNC03337	ycaO								b0905	956632	954872		Ecocyc:TU0-13084 
RDBECOLITUC00352	ycaP	RDBECOLIOPC02220	ycaP	RDBECOLIGNC03338	ycaP								b0906	956762	957454		Ecocyc:TU0-13085 
RDBECOLITUC00353	ycaL	RDBECOLIOPC01111	ycaL	RDBECOLIGNC03339	ycaL								b0909	960264	961028		Ecocyc:TU0-13086 
RDBECOLITUC00354	ycaI-msbA-lpxK-ycaQ	RDBECOLIOPC00261	ycaI-msbA-lpxK-ycaQ	RDBECOLIGNC03340,RDBECOLIGNC01374,RDBECOLIGNC00605,RDBECOLIGNC02238	ycaQ;lpxK;msbA;ycaI								b0916;b0915;b0914;b0913	964320	970621		Ecocyc:TU0-13087 
RDBECOLITUC00355	ycaR-kdsB	RDBECOLIOPC01832	ycaR-kdsB	RDBECOLIGNC00511,RDBECOLIGNC03341	kdsB;ycaR	RDBECOLIPMC03050	ycaRp	970642		sigma70			b0918;b0917	970673	971598		Ecocyc:TU0-13088 
RDBECOLITUC00356	ycbJ	RDBECOLIOPC00854	ycbJ	RDBECOLIGNC03342	ycbJ	RDBECOLIPMC00046	ycbJp	971672					b0919	971752	972645		Ecocyc:TU0-13089 
RDBECOLITUC00357	ldtD	RDBECOLIOPC02582	ldtD	RDBECOLIGNC01227	ldtD	RDBECOLIPMC00047	ldtDp	980931			RDBECOLITFC00170	CpxR	b0925	981047	982894		Ecocyc:TU0-13090 
RDBECOLITUC00358	mepK-gloC	RDBECOLIOPC01475	mepK-gloC	RDBECOLIGNC03344,RDBECOLIGNC03343	gloC;mepK	RDBECOLIPMC00048	mepKp	983023					b0927;b0926	983075	984297		Ecocyc:TU0-13091 
RDBECOLITUC00359	asnS	RDBECOLIOPC00564	asnS	RDBECOLIGNC00090	asnS	RDBECOLIPMC00049	asnSp	989044	RDBECOLITMC00219				b0930	988985	987585	987392-987438	Ecocyc:TU0-13093 
RDBECOLITUC00360	elfA	RDBECOLIOPC02146	elfA	RDBECOLIGNC03349	elfA						RDBECOLITFC00136,RDBECOLITFC00135	SlyA,Nac	b0938	997868	998407		Ecocyc:TU0-13094 
RDBECOLITUC00361	elfDCG-ycbUVF	RDBECOLIOPC01154	elfDCG-ycbUVF	RDBECOLIGNC02255,RDBECOLIGNC03354,RDBECOLIGNC03353,RDBECOLIGNC03352,RDBECOLIGNC03351,RDBECOLIGNC03350	ycbF;ycbV;ycbU;elfG;elfC;elfD								b0944;b0943;b0942;b0941;b0940;b0939	998490	1004657		Ecocyc:TU0-13095 
RDBECOLITUC00362	zapC	RDBECOLIOPC00296	zapC	RDBECOLIGNC03355	zapC								b0946	1005952	1006494		Ecocyc:TU0-13096 
RDBECOLITUC00363	ycbZ	RDBECOLIOPC01771	ycbZ	RDBECOLIGNC03362	ycbZ								b0955	1018299	1016539		Ecocyc:TU0-13098 
RDBECOLITUC00364	yccFS	RDBECOLIOPC00800	yccFS	RDBECOLIGNC03365,RDBECOLIGNC03364	yccF;yccS	RDBECOLIPMC00542	yccFp	1024365					b0961;b0960	1024348	1021730		Ecocyc:TU0-13099 
RDBECOLITUC00365	mgsA	RDBECOLIOPC00035	mgsA	RDBECOLIGNC03366	mgsA	RDBECOLIPMC00052	mgsAp	1027041					b0963	1027015	1026557		Ecocyc:TU0-13100 
RDBECOLITUC00366	yccT	RDBECOLIOPC01418	yccT	RDBECOLIGNC03367	csgI	RDBECOLIPMC00527	yccTp	1027837			RDBECOLITFC00018	CsgD	b0964	1027773	1027111		Ecocyc:TU0-13101 
RDBECOLITUC00367	hspQ	RDBECOLIOPC00517	hspQ	RDBECOLIGNC03369	hspQ	RDBECOLIPMC03252	hspQp			sigma32			b0966	1028721	1028404		Ecocyc:TU0-13102 
RDBECOLITUC00368	rlmI	RDBECOLIOPC02202	rlmI	RDBECOLIGNC03370	rlmI								b0967	1029969	1028779		Ecocyc:TU0-13103 
RDBECOLITUC00369	tusE	RDBECOLIOPC01100	tusE	RDBECOLIGNC02410	tusE								b0969	1030668	1030339		Ecocyc:TU0-13104 
RDBECOLITUC00370	yccA	RDBECOLIOPC00250	yccA	RDBECOLIGNC01098	yccA	RDBECOLIPMC03025	yccAp	1031443	RDBECOLITMC00229	sigma70	RDBECOLITFC00170	CpxR	b0970	1031418	1030759	1030701-1030755	Ecocyc:TU0-13105 
RDBECOLITUC00371	gfcE-etp-etk	RDBECOLIOPC01818	gfcE-etp-etk	RDBECOLIGNC03373,RDBECOLIGNC03372,RDBECOLIGNC01755	gfcE;etp;etk								b0983;b0982;b0981	1045803	1042030		Ecocyc:TU0-13106 
RDBECOLITUC00372	gfcBCD	RDBECOLIOPC00842	gfcBCD	RDBECOLIGNC03376,RDBECOLIGNC03375,RDBECOLIGNC03374	gfcB;gfcC;gfcD								b0986;b0985;b0984	1049332	1045849		Ecocyc:TU0-13107 
RDBECOLITUC00373	gfcA	RDBECOLIOPC02562	gfcA	RDBECOLIGNC03377	gfcA	RDBECOLIPMC02515	gfcAp	1050702		sigma70	RDBECOLITFC00101,RDBECOLITFC00101	YjjQ,YjjQ	b0987	1049744	1049439		Ecocyc:TU0-13108 
RDBECOLITUC00374	insA4AB4B4	RDBECOLIOPC01460	insA4AB4B4	RDBECOLIGNC03378,RDBECOLIGNC02570,RDBECOLIGNC02622	insB4;insA4;insAB4								b0988;b4516	1049833	1050530		Ecocyc:TU0-13109 
RDBECOLITUC00375	ymcE-gnsA	RDBECOLIOPC02130	ymcE-gnsA	RDBECOLIGNC02944,RDBECOLIGNC03381	gnsA;ymcE								b4517;b0991	1051847	1052240		Ecocyc:TU0-13110 
RDBECOLITUC00376	yccM	RDBECOLIOPC02129	yccM	RDBECOLIGNC03382	yccM						RDBECOLITFC00135	Nac	b0992	1053362	1052289		Ecocyc:TU0-13111 
RDBECOLITUC00377	torS	RDBECOLIOPC01141	torS	RDBECOLIGNC03383	torS								b0993	1056178	1053434		Ecocyc:TU0-13112 
RDBECOLITUC00378	yccE	RDBECOLIOPC00285	yccE	RDBECOLIGNC02080	yccE	RDBECOLIPMC03241	yccEp			sigma32			b1001	1064036	1065292		Ecocyc:TU0-13113 
RDBECOLITUC00379	wrbA-yccJ	RDBECOLIOPC01755	wrbA-yccJ	RDBECOLIGNC01493,RDBECOLIGNC02357	wrbA;yccJ	RDBECOLIPMC00053	wrbAp	1067758		sigma38	RDBECOLITFC00018,RDBECOLITFC00018,RDBECOLITFC00018	CsgD,CsgD,CsgD	b1004;b1003	1067708	1066864		Ecocyc:TU0-13114 
RDBECOLITUC00380	efeU	RDBECOLIOPC00786	efeU	RDBECOLIGNC03393	efeU	RDBECOLIPMC03027	efeUp	1081307		sigma70	RDBECOLITFC00170	CpxR	b4490	1081356	1082185		Ecocyc:TU0-13115 
RDBECOLITUC00381	efeOB	RDBECOLIOPC00022	efeOB	RDBECOLIGNC01672,RDBECOLIGNC03394	efeB;efeO						RDBECOLITFC00093	Fur	b1019;b1018	1082243	1084647		Ecocyc:TU0-13116 
RDBECOLITUC00382	insE4F4EF4	RDBECOLIOPC01405	insE4F4EF4	RDBECOLIGNC03401,RDBECOLIGNC03400,RDBECOLIGNC02620	insE4;insF4;insEF4								b1027;b1026	1095437	1094275		Ecocyc:TU0-13117 
RDBECOLITUC00383	ymdE-ycdU	RDBECOLIOPC00508	ymdE-ycdU	RDBECOLIGNC03403,RDBECOLIGNC03402	ycdU;ymdE								b1029;b1028	1095544	1096829		Ecocyc:TU0-13118 
RDBECOLITUC00384	ghrA	RDBECOLIOPC02182	ghrA	RDBECOLIGNC03404	ghrA								b1033	1097886	1098824		Ecocyc:TU0-13119 
RDBECOLITUC00385	ycdXY	RDBECOLIOPC01087	ycdXY	RDBECOLIGNC03406,RDBECOLIGNC03405	ycdY;ycdX								b1035;b1034	1098879	1100194		Ecocyc:TU0-13120 
RDBECOLITUC00386	ycdZ	RDBECOLIOPC00233	ycdZ	RDBECOLIGNC03407	ycdZ	RDBECOLIPMC01006	ycdZp4	1100252		sigma70	RDBECOLITFC00189,RDBECOLITFC00114,RDBECOLITFC00189,RDBECOLITFC00189,RDBECOLITFC00189	CRP,CytR,CRP,CRP,CRP	b1036	1100296	1100787		Ecocyc:TU0-13121 
RDBECOLITUC00387	ymdA	RDBECOLIOPC03372	ymdAB-clsC	RDBECOLIGNC03414	ymdA	RDBECOLIPMC02544	ymdAp	1105201					b1044	1105414	1105725		Ecocyc:TU0-13122 
RDBECOLITUC00388	ymdB-clsC	RDBECOLIOPC03372	ymdAB-clsC	RDBECOLIGNC03416,RDBECOLIGNC03415	clsC;ymdB	RDBECOLIPMC02545	ymdBp	1105803					b1046;b1045	1105820	1107776		Ecocyc:TU0-13123 
RDBECOLITUC00389	yceK	RDBECOLIOPC02541	yceK	RDBECOLIGNC02349	yceK								b1050	1113579	1113806		Ecocyc:TU0-13124 
RDBECOLITUC00390	mdtG	RDBECOLIOPC01446	mdtG	RDBECOLIGNC01313	mdtG						RDBECOLITFC00135	Nac	b1053	1115490	1114264		Ecocyc:TU0-13125 
RDBECOLITUC00391	yceJI	RDBECOLIOPC02354	yceJI	RDBECOLIGNC03419,RDBECOLIGNC01749	yceJ;yceI	RDBECOLIPMC03147	yceJp	1119071		sigma70			b1057;b1056	1119046	1117901		Ecocyc:TU0-13126 
RDBECOLITUC00392	solA-yceO	RDBECOLIOPC02108	solA-yceO	RDBECOLIGNC03421,RDBECOLIGNC03420	solA;yceO	RDBECOLIPMC00055	solAp	1120609					b1059;b1058	1120586	1119307		Ecocyc:TU0-13127 
RDBECOLITUC00393	dinI	RDBECOLIOPC01126	dinI	RDBECOLIGNC03423	dinI	RDBECOLIPMC00238	dinIp	1121509		sigma70	RDBECOLITFC00027,RDBECOLITFC00214	NagC,LexA	b1061	1121487	1121242		Ecocyc:TU0-13128 
RDBECOLITUC00394	yceB	RDBECOLIOPC00274	yceB	RDBECOLIGNC01100	yceB				RDBECOLITMC00223				b1063	1123273	1122713	1122675-1122729	Ecocyc:TU0-13129 
RDBECOLITUC00395	grxB	RDBECOLIOPC01742	grxB	RDBECOLIGNC02348	grxB	RDBECOLIPMC00526	grxBp	1124103		sigma70			b1064	1124054	1123407		Ecocyc:TU0-13130 
RDBECOLITUC00396	mdtH	RDBECOLIOPC00772	mdtH	RDBECOLIGNC03424	mdtH								b1065	1125326	1124118		Ecocyc:TU0-13131 
RDBECOLITUC00397	murJ	RDBECOLIOPC00005	murJ	RDBECOLIGNC03426	murJ								b1069	1127839	1129374		Ecocyc:TU0-13132 
RDBECOLITUC00398	yceQ	RDBECOLIOPC01388	yceQ	RDBECOLIGNC03428	yceQ								b1085	1144502	1144822		Ecocyc:TU0-13133 
RDBECOLITUC00399	rluC	RDBECOLIOPC00492	rluC	RDBECOLIGNC01101	rluC								b1086	1144940	1145899		Ecocyc:TU0-13134 
RDBECOLITUC00400	pabC-mltG-tmk-holB-ycfH	RDBECOLIOPC02161	pabC-mltG-tmk-holB-ycfH	RDBECOLIGNC02177,RDBECOLIGNC01455,RDBECOLIGNC02176,RDBECOLIGNC01449,RDBECOLIGNC01448	ycfH;holB;tmk;mltG;pabC								b1100;b1099;b1098;b1097;b1096	1153300	1157574		Ecocyc:TU0-13135 
RDBECOLITUC00401	hinT-ycfL-lpoB-thiK-nagZ-ycfP	RDBECOLIOPC01080	hinT-ycfL-lpoB-thiK-nagZ-ycfP	RDBECOLIGNC03433,RDBECOLIGNC03432,RDBECOLIGNC03431,RDBECOLIGNC03430,RDBECOLIGNC03429,RDBECOLIGNC02062	ycfP;nagZ;thiK;lpoB;ycfL;hinT								b1108;b1107;b1106;b1105;b1104;b1103	1161885	1165685		Ecocyc:TU0-13136 
RDBECOLITUC00402	ycfJ	RDBECOLIOPC00219	ycfJ	RDBECOLIGNC02292	ycfJ								b1110	1167599	1168138		Ecocyc:TU0-13137 
RDBECOLITUC00403	ldtC	RDBECOLIOPC01783	ldtC	RDBECOLIGNC03436	ldtC	RDBECOLIPMC03026	ldtCp	1170417		sigma70	RDBECOLITFC00170	CpxR	b1113	1170374	1169412		Ecocyc:TU0-13138 
RDBECOLITUC00404	ycfT	RDBECOLIOPC00814	ycfT	RDBECOLIGNC03437	ycfT								b1115	1175165	1174092		Ecocyc:TU0-13140 
RDBECOLITUC00405	lolCDE	RDBECOLIOPC02519	lolCDE	RDBECOLIGNC03440,RDBECOLIGNC03439,RDBECOLIGNC03438	lolE;lolD;lolC								b1118;b1117;b1116	1175427	1178564		Ecocyc:TU0-13141 
RDBECOLITUC00406	nagK-cobB	RDBECOLIOPC01431	nagK-cobB	RDBECOLIGNC03442,RDBECOLIGNC03441	cobB;nagK								b1120;b1119	1178593	1180359		Ecocyc:TU0-13142 
RDBECOLITUC00407	ymfA-ycfZ	RDBECOLIOPC00532	ymfA-ycfZ	RDBECOLIGNC03444,RDBECOLIGNC03443	ymfA;ycfZ								b1122;b1121	1181725	1180479		Ecocyc:TU0-13143 
RDBECOLITUC00408	roxA	RDBECOLIOPC02087	roxA	RDBECOLIGNC01393	roxA								b1128	1188240	1187119		Ecocyc:TU0-13144 
RDBECOLITUC00409	rluE-nudJ	RDBECOLIOPC01110	rluE-nudJ	RDBECOLIGNC03446,RDBECOLIGNC03445	rluE;nudJ								b1135;b1134	1194951	1193827		Ecocyc:TU0-13145 
RDBECOLITUC00410	ymfED	RDBECOLIOPC00262	ymfED	RDBECOLIGNC03448,RDBECOLIGNC03447	ymfE;ymfD								b1138;b1137	1198237	1196867		Ecocyc:TU0-13147 
RDBECOLITUC00411	ymfH-xisE-intE	RDBECOLIOPC01726	ymfH-xisE-intE	RDBECOLIGNC03450,RDBECOLIGNC03449,RDBECOLIGNC02233	ymfH;xisE;intE								b1142;b1141;b1140	1201380	1199679		Ecocyc:TU0-13148 
RDBECOLITUC00412	ymfJ	RDBECOLIOPC00760	ymfJ	RDBECOLIGNC03452	ymfJ								b1144	1202084	1201776		Ecocyc:TU0-13149 
RDBECOLITUC00413	ymfK	RDBECOLIOPC02585	ymfK	RDBECOLIGNC03453	ymfK								b1145	1202933	1202259		Ecocyc:TU0-13150 
RDBECOLITUC00414	ymfTLMNR-beeE-jayE-ymfQ-ycfK-tfaP	RDBECOLIOPC01373	ymfTLMNR-beeE-jayE-ymfQ-ycfK-tfaP	RDBECOLIGNC03462,RDBECOLIGNC02411,RDBECOLIGNC03461,RDBECOLIGNC03460,RDBECOLIGNC03459,RDBECOLIGNC03458,RDBECOLIGNC03457,RDBECOLIGNC03456,RDBECOLIGNC03455,RDBECOLIGNC03454	tfaP;ycfK;ymfQ;jayE;beeE;ymfR;ymfN;ymfM;ymfL;ymfT								b1155;b1154;b1153;b1152;b1151;b1150;b1149;b1148;b1147;b1146	1203024	1208545		Ecocyc:TU0-13151 
RDBECOLITUC00415	stfE-tfaE	RDBECOLIOPC00477	stfE-tfaE	RDBECOLIGNC03463,RDBECOLIGNC01103	stfE;tfaE								b1157;b1156	1209655	1208517		Ecocyc:TU0-13152 
RDBECOLITUC00416	pinE	RDBECOLIOPC02145	pinE	RDBECOLIGNC00727	pinE								b1158	1209685	1210239		Ecocyc:TU0-13153 
RDBECOLITUC00417	mcrA	RDBECOLIOPC01073	mcrA	RDBECOLIGNC00565	mcrA								b1159	1210346	1211179		Ecocyc:TU0-13154 
RDBECOLITUC00418	icdC	RDBECOLIOPC00207	icdC	RDBECOLIGNC02635	icdC								b4519	1211413	1211577		Ecocyc:TU0-13155 
RDBECOLITUC00419	iraM	RDBECOLIOPC03181	iraM	RDBECOLIGNC03464	iraM	RDBECOLIPMC00059	iraMp1	1212090			RDBECOLITFC00098,RDBECOLITFC00128,RDBECOLITFC00098,RDBECOLITFC00166,RDBECOLITFC00166	ArcA,FNR,ArcA,PhoP,PhoP	b1160	1212003	1211680		Ecocyc:TU0-13156 
RDBECOLITUC00420	ycgX	RDBECOLIOPC00801	ycgX	RDBECOLIGNC03465	ycgX						RDBECOLITFC00135	Nac	b1161	1213107	1212703		Ecocyc:TU0-13157 
RDBECOLITUC00421	bluR	RDBECOLIOPC02499	bluR	RDBECOLIGNC03466	bluR	RDBECOLIPMC00060	bluRp	1214113		sigma70			b1162	1214059	1213328		Ecocyc:TU0-13158 
RDBECOLITUC00422	ycgZ	RDBECOLIOPC03596	ycgZ-ymgA-ariR-ymgC	RDBECOLIGNC03468	ycgZ								b1164	1215789	1216025		Ecocyc:TU0-13160 
RDBECOLITUC00423	ymgA-ariR	RDBECOLIOPC03596	ycgZ-ymgA-ariR-ymgC	RDBECOLIGNC03470,RDBECOLIGNC03469	ariR;ymgA								b1166;b1165	1216068	1216635		Ecocyc:TU0-13161 
RDBECOLITUC00424	ymgC	RDBECOLIOPC03596	ycgZ-ymgA-ariR-ymgC	RDBECOLIGNC03471	ymgC								b1167	1216748	1216996		Ecocyc:TU0-13162 
RDBECOLITUC00425	pdeG	RDBECOLIOPC01099	pdeG	RDBECOLIGNC03472	pdeG						RDBECOLITFC00080	GlaR	b1168	1217328	1218851		Ecocyc:TU0-13163 
RDBECOLITUC00426	ymgF	RDBECOLIOPC00251	ymgF	RDBECOLIGNC02569	ymgF								b4520	1218983	1219201		Ecocyc:TU0-13164 
RDBECOLITUC00427	None	RDBECOLIOPC01710	ycgH	RDBECOLIGNC03473	ycgH								b4491	1219601	1222248		Ecocyc:TU0-13165 
RDBECOLITUC00428	ymgGD	RDBECOLIOPC00751	ymgGD	RDBECOLIGNC03475,RDBECOLIGNC03474	ymgG;ymgD								b1172;b1171	1222988	1222305		Ecocyc:TU0-13167 
RDBECOLITUC00429	ycgI	RDBECOLIOPC02565	ycgI	RDBECOLIGNC02583	ycgI								b4521	1223564	1223907		Ecocyc:TU0-13168 
RDBECOLITUC00430	ycgL	RDBECOLIOPC01361	ycgL	RDBECOLIGNC03478	ycgL	RDBECOLIPMC00061	ycgLp	1227609					b1179	1227681	1228007		Ecocyc:TU0-13169 
RDBECOLITUC00431	ycgM	RDBECOLIOPC00466	ycgM	RDBECOLIGNC03479	ycgM								b1180	1228079	1228738		Ecocyc:TU0-13170 
RDBECOLITUC00432	ycgN	RDBECOLIOPC02128	ycgN	RDBECOLIGNC03480	ycgN								b1181	1228815	1229276		Ecocyc:TU0-13171 
RDBECOLITUC00433	dsbB	RDBECOLIOPC01065	dsbB	RDBECOLIGNC01359	dsbB						RDBECOLITFC00098	ArcA	b1185	1233030	1232500		Ecocyc:TU0-13172 
RDBECOLITUC00434	nhaB	RDBECOLIOPC00195	nhaB	RDBECOLIGNC01358	nhaB								b1186	1234717	1233176		Ecocyc:TU0-13173 
RDBECOLITUC00435	cvrA	RDBECOLIOPC01752	cvrA	RDBECOLIGNC03482	cvrA								b1191	1242071	1240335		Ecocyc:TU0-13174 
RDBECOLITUC00436	ldcA	RDBECOLIOPC00787	ldcA	RDBECOLIGNC03483	ldcA								b1192	1243080	1242166		Ecocyc:TU0-13175 
RDBECOLITUC00437	ymgE	RDBECOLIOPC00193	ymgE	RDBECOLIGNC03486	ymgE								b1195	1244728	1244982		Ecocyc:TU0-13176 
RDBECOLITUC00438	ycgY	RDBECOLIOPC01749	ycgY	RDBECOLIGNC03487	ycgY								b1196	1245160	1245600		Ecocyc:TU0-13177 
RDBECOLITUC00439	ycgV	RDBECOLIOPC00785	ycgV	RDBECOLIGNC03491	ycgV						RDBECOLITFC00135,RDBECOLITFC00080	Nac,GlaR	b1202	1255952	1253085		Ecocyc:TU0-13178 
RDBECOLITUC00440	dauA	RDBECOLIOPC02478	dauA	RDBECOLIGNC02250	dauA								b1206	1260803	1259124		Ecocyc:TU0-13179 
RDBECOLITUC00441	ychS	RDBECOLIOPC01403	ychS	RDBECOLIGNC03493	ychS								b1228	1286709	1286984		Ecocyc:TU0-13180 
RDBECOLITUC00442	rttR	RDBECOLIOPC00509	rttR	RDBECOLIGNC02939	rttR								b4425	1287236	1287066		Ecocyc:TU0-13181 
RDBECOLITUC00443	purU	RDBECOLIOPC03444	ychJ-purU	RDBECOLIGNC01748	purU	RDBECOLIPMC04046	purUp	1288754		sigma70			b1232	1288624	1287782		Ecocyc:TU0-13182 
RDBECOLITUC00444	ychJ	RDBECOLIOPC03444	ychJ-purU	RDBECOLIGNC02017	ychJ								b1233	1289132	1288674		Ecocyc:TU0-13183 
RDBECOLITUC00445	insZ	RDBECOLIOPC00235	insZ	RDBECOLIGNC03494	insZ								b4573	1295322	1294426		Ecocyc:TU0-13184 
RDBECOLITUC00446	ychE	RDBECOLIOPC01691	ychE	RDBECOLIGNC01312	ychE								b1242	1298598	1299245		Ecocyc:TU0-13185 
RDBECOLITUC00447	yciI	RDBECOLIOPC00737	yciI	RDBECOLIGNC01554	yciI	RDBECOLIPMC00065	yciIp	1310892					b1251	1310865	1310569		Ecocyc:TU0-13188 
RDBECOLITUC00448	yciA	RDBECOLIOPC02542	yciA	RDBECOLIGNC01104	yciA								b1253	1312246	1311848		Ecocyc:TU0-13189 
RDBECOLITUC00449	yciCB	RDBECOLIOPC01346	yciCB	RDBECOLIGNC01106,RDBECOLIGNC01105	yciC;yciB	RDBECOLIPMC00502	yciCp	1313698	RDBECOLITMC00115	sigma70			b1255;b1254	1313663	1312351	1312261-1312300	Ecocyc:TU0-13190 
RDBECOLITUC00450	yciGFE	RDBECOLIOPC03423	yciGFE	RDBECOLIGNC01108,RDBECOLIGNC01109,RDBECOLIGNC01110	yciE;yciF;yciG	RDBECOLIPMC02999	yciGp	1316092	RDBECOLITMC00114	sigma38	RDBECOLITFC00089,RDBECOLITFC00089,RDBECOLITFC00020,RDBECOLITFC00020	McbR,McbR,H-NS,H-NS	b1257;b1258;b1259	1316035	1314718	1314668-1314698	Ecocyc:TU0-13193 
RDBECOLITUC00451	yciVOQ	RDBECOLIOPC02104	yciVOQ	RDBECOLIGNC03498,RDBECOLIGNC03497,RDBECOLIGNC03496	yciQ;yciO;rnm	RDBECOLIPMC00066	yciVp	1323188					b1268;b1267;b1266	1323220	1326641		Ecocyc:TU0-13194 
RDBECOLITUC00452	rluB	RDBECOLIOPC00774	rluB	RDBECOLIGNC02283	rluB								b1269	1326852	1327727		Ecocyc:TU0-13195 
RDBECOLITUC00453	yciK-btuR	RDBECOLIOPC02461	yciK-btuR	RDBECOLIGNC01693,RDBECOLIGNC00126	yciK;btuR								b1271;b1270	1329112	1327767		Ecocyc:TU0-13196 
RDBECOLITUC00454	ymiA-yciX	RDBECOLIOPC01389	ymiA-yciX	RDBECOLIGNC02615,RDBECOLIGNC02614	yciX;ymiA	RDBECOLIPMC02514	ymiAp	1335090		sigma70	RDBECOLITFC00101	YjjQ	b4523;b4522	1335148	1335458		Ecocyc:TU0-13198 
RDBECOLITUC00455	pgpB	RDBECOLIOPC00496	pgpB	RDBECOLIGNC00696	pgpB	RDBECOLIPMC02492	pgpBp	1339309		sigma70			b1278	1339330	1340094		Ecocyc:TU0-13199 
RDBECOLITUC00456	lapAB	RDBECOLIOPC02036	yciSM-pyrF-yciH	RDBECOLIGNC02351,RDBECOLIGNC03499	lapB;lapA	RDBECOLIPMC03148	lapAp1	1340135		sigma70			b1280;b1279	1340243	1341727		Ecocyc:TU0-13200 
RDBECOLITUC00457	yciW	RDBECOLIOPC01020	yciW	RDBECOLIGNC03502	yciW	RDBECOLIPMC02499	yciWp	1350132		sigma70	RDBECOLITFC00152	CysB	b1287	1350107	1348980		Ecocyc:TU0-13203 
RDBECOLITUC00458	fabI	RDBECOLIOPC02133	fabI	RDBECOLIGNC01481	fabI	RDBECOLIPMC00068	fabIp1	1351118					b1288	1351039	1350251		Ecocyc:TU0-13204 
RDBECOLITUC00459	ycjD	RDBECOLIOPC01675	ycjD	RDBECOLIGNC03503	ycjD								b1289	1351760	1351407		Ecocyc:TU0-13205 
RDBECOLITUC00460	sapABCDF	RDBECOLIOPC00725	sapABCDF	RDBECOLIGNC02954,RDBECOLIGNC02953,RDBECOLIGNC02952,RDBECOLIGNC02178,RDBECOLIGNC02179	sapA;sapB;sapC;sapD;sapF								b1294;b1293;b1292;b1291;b1290	1357110	1351828		Ecocyc:TU0-13206 
RDBECOLITUC00461	ymjA	RDBECOLIOPC02524	ymjA	RDBECOLIGNC03504	ymjA						RDBECOLITFC00135	Nac	b1295	1357668	1357423		Ecocyc:TU0-13207 
RDBECOLITUC00462	puuAP	RDBECOLIOPC03123	puuAP	RDBECOLIGNC02797,RDBECOLIGNC03505,RDBECOLIGNC03506	ymjE;puuP;puuA	RDBECOLIPMC00273	puuAp	1360968		sigma38	RDBECOLITFC00098,RDBECOLITFC00128,RDBECOLITFC00206,RDBECOLITFC00206,RDBECOLITFC00206,RDBECOLITFC00206	ArcA,FNR,PuuR,PuuR,PuuR,PuuR	b4742;b1296;b1297	1360908	1357802		Ecocyc:TU0-13209 
RDBECOLITUC00463	puuDRCBE	RDBECOLIOPC03386	puuDRCBE	RDBECOLIGNC03508,RDBECOLIGNC01751,RDBECOLIGNC00033,RDBECOLIGNC02281,RDBECOLIGNC03507	puuE;puuB;puuC;puuR;puuD	RDBECOLIPMC00069	puuDp	1361052		sigma38	RDBECOLITFC00098,RDBECOLITFC00206,RDBECOLITFC00206,RDBECOLITFC00206,RDBECOLITFC00206,RDBECOLITFC00189	ArcA,PuuR,PuuR,PuuR,PuuR,CRP	b1302;b1301;b1300;b1299;b1298	1361120	1366815		Ecocyc:TU0-13210 
RDBECOLITUC00464	puuCBE	RDBECOLIOPC03386	puuDRCBE	RDBECOLIGNC03508,RDBECOLIGNC01751,RDBECOLIGNC00033	puuE;puuB;puuC	RDBECOLIPMC02405	puuCp	1362728		sigma38	RDBECOLITFC00237	PtrR	b1302;b1301;b1300	1362743	1366815		Ecocyc:TU0-13211 
RDBECOLITUC00465	ycjMNOPQRSTUV-ymjB-ompG	RDBECOLIOPC02947	ycjMNOPQRSTUV-ymjB-ompG	RDBECOLIGNC03519,RDBECOLIGNC02584,RDBECOLIGNC03518,RDBECOLIGNC03517,RDBECOLIGNC03516,RDBECOLIGNC03515,RDBECOLIGNC03514,RDBECOLIGNC03513,RDBECOLIGNC03512,RDBECOLIGNC03511,RDBECOLIGNC03510,RDBECOLIGNC03509	ompG;ymjB;ycjV;ycjU;ycjT;ycjS;ycjR;ycjQ;ycjP;ycjO;ycjN;ycjM						RDBECOLITFC00139	YcjW	b1319;b4524;b1318;b1317;b1316;b1315;b1314;b1313;b1312;b1311;b1310;b1309	1370216	1382852		Ecocyc:TU0-13212 
RDBECOLITUC00466	ompG	RDBECOLIOPC02947	ycjMNOPQRSTUV-ymjB-ompG	RDBECOLIGNC03519	ompG								b1319	1381947	1382852		Ecocyc:TU0-13213 
RDBECOLITUC00467	ycjXF	RDBECOLIOPC03235	ycjXF-tyrR	RDBECOLIGNC02407,RDBECOLIGNC03521	ycjF;ycjX								b1322;b1321	1384117	1386572		Ecocyc:TU0-13214 
RDBECOLITUC00468	ymjC-mpaA	RDBECOLIOPC03456	ycjY-ymjDC-mpaA	RDBECOLIGNC02585,RDBECOLIGNC03524	ymjC;mpaA								b4525;b1326	1390862	1389870		Ecocyc:TU0-13215 
RDBECOLITUC00469	ycjY	RDBECOLIOPC03456	ycjY-ymjDC-mpaA	RDBECOLIGNC03525	ycjY	RDBECOLIPMC01150	ycjYp6	1392072		sigma32	RDBECOLITFC00054	PgrR	b1327	1391853	1390933		Ecocyc:TU0-13216 
RDBECOLITUC00470	pgrR	RDBECOLIOPC01374	pgrR	RDBECOLIGNC03526	pgrR								b1328	1391991	1392890		Ecocyc:TU0-13217 
RDBECOLITUC00471	mppA	RDBECOLIOPC00480	mppA	RDBECOLIGNC03527	mppA						RDBECOLITFC00054	PgrR	b1329	1393227	1394840		Ecocyc:TU0-13218 
RDBECOLITUC00472	insH4	RDBECOLIOPC02019	insH4	RDBECOLIGNC03529	insH4								b1331	1396112	1397092		Ecocyc:TU0-13219 
RDBECOLITUC00473	ynaJ	RDBECOLIOPC01006	ynaJ	RDBECOLIGNC03530	ynaJ						RDBECOLITFC00098	ArcA	b1332	1397365	1397622		Ecocyc:TU0-13220 
RDBECOLITUC00474	uspE	RDBECOLIOPC00210	uspE	RDBECOLIGNC01221	uspE	RDBECOLIPMC00072	uspEp	1398659			RDBECOLITFC00187	GadX	b1333	1398622	1397672		Ecocyc:TU0-13221 
RDBECOLITUC00475	abgABT-ogt	RDBECOLIOPC03210	abgABT-ogt	RDBECOLIGNC03532,RDBECOLIGNC03531,RDBECOLIGNC02396,RDBECOLIGNC00660	abgA;abgB;abgT;ogt								b1338;b1337;b1336;b1335	1404565	1399721		Ecocyc:TU0-13222 
RDBECOLITUC00476	zntB	RDBECOLIOPC00710	zntB	RDBECOLIGNC03536	zntB	RDBECOLIPMC00073	zntBp	1408024					b1342	1408050	1409033		Ecocyc:TU0-13223 
RDBECOLITUC00477	ttcA	RDBECOLIOPC02504	ttcA	RDBECOLIGNC03537	ttcA								b1344	1411948	1411013		Ecocyc:TU0-13225 
RDBECOLITUC00478	recET-ralR-rcbA-xisR-intR	RDBECOLIOPC01321	recET-ralR-rcbA-xisR-intR	RDBECOLIGNC00817,RDBECOLIGNC01825,RDBECOLIGNC01826,RDBECOLIGNC01827,RDBECOLIGNC03539,RDBECOLIGNC03538	recE;recT;ralR;rcbA;xisR;intR								b1350;b1349;b1348;b1347;b1346;b1345	1417386	1412000		Ecocyc:TU0-13226 
RDBECOLITUC00479	racC	RDBECOLIOPC00433	racC	RDBECOLIGNC00803	racC								b1351	1417763	1417488		Ecocyc:TU0-13227 
RDBECOLITUC00480	kilR-ydaE	RDBECOLIOPC02070	kilR-ydaE	RDBECOLIGNC02049,RDBECOLIGNC02916	kilR;ydaE								b1352;b4526	1418229	1417838		Ecocyc:TU0-13228 
RDBECOLITUC00481	ydaGF	RDBECOLIOPC01044	ydaGF	RDBECOLIGNC03541,RDBECOLIGNC02586	ydaG;ydaF								b1355;b4527	1419456	1419156		Ecocyc:TU0-13229 
RDBECOLITUC00482	racR	RDBECOLIOPC00161	racR	RDBECOLIGNC03542	racR								b1356	1420241	1419765		Ecocyc:TU0-13230 
RDBECOLITUC00483	ydaSTUVW-rzpR	RDBECOLIOPC01709	ydaSTUVW-rzpR	RDBECOLIGNC03548,RDBECOLIGNC03547,RDBECOLIGNC03546,RDBECOLIGNC03545,RDBECOLIGNC03544,RDBECOLIGNC03543	rzpR;ydaW;ydaV;ydaU;ydaT;ydaS						RDBECOLITFC00208,RDBECOLITFC00208,RDBECOLITFC00208,RDBECOLITFC00208	RacR,RacR,RacR,RacR	b1362;b1361;b1360;b1359;b1358;b1357	1420365	1423644		Ecocyc:TU0-13231 
RDBECOLITUC00484	rzoR	RDBECOLIOPC00752	rzoR	RDBECOLIGNC02587	rzoR								b4528	1423400	1423585		Ecocyc:TU0-13232 
RDBECOLITUC00485	trkG	RDBECOLIOPC02422	trkG	RDBECOLIGNC01008	trkG								b1363	1423782	1425239		Ecocyc:TU0-13233 
RDBECOLITUC00486	ynaK-ydaY	RDBECOLIOPC01362	ynaK-ydaY	RDBECOLIGNC03551,RDBECOLIGNC03550	ydaY;ynaK								b1366;b1365	1425377	1425980		Ecocyc:TU0-13234 
RDBECOLITUC00487	ynaA-lomR	RDBECOLIOPC03560	stfR-tfaR	RDBECOLIGNC03554,RDBECOLIGNC03553	lomR;ynaA								b4570;b1368	1426454	1428984		Ecocyc:TU0-13235 
RDBECOLITUC00488	stfR-tfaR	RDBECOLIOPC02003	stfR-tfaR	RDBECOLIGNC03557,RDBECOLIGNC03556	tfaR;stfR								b1373;b1372	1429049	1432986		Ecocyc:TU0-13236 
RDBECOLITUC00489	pinR	RDBECOLIOPC00993	pinR	RDBECOLIGNC03558	pinR						RDBECOLITFC00135	Nac	b1374	1433674	1433084		Ecocyc:TU0-13237 
RDBECOLITUC00490	ynaE	RDBECOLIOPC00198	ynaE	RDBECOLIGNC03559	ynaE						RDBECOLITFC00080	GlaR	b1375	1434224	1433991		Ecocyc:TU0-13238 
RDBECOLITUC00491	uspF	RDBECOLIOPC01645	uspF	RDBECOLIGNC03560	uspF	RDBECOLIPMC00074	uspFp	1435641					b1376	1435619	1435185		Ecocyc:TU0-13239 
RDBECOLITUC00492	ompN	RDBECOLIOPC02722	ydbK-ompN	RDBECOLIGNC03561	ompN	RDBECOLIPMC02549	ompNp	1437013		sigma70			b1377	1436893	1435760		Ecocyc:TU0-13240 
RDBECOLITUC00493	hslJ	RDBECOLIOPC02484	hslJ	RDBECOLIGNC03563	hslJ	RDBECOLIPMC03032	hslJp	1441780		sigma70	RDBECOLITFC00152	CysB	b1379	1441743	1441321		Ecocyc:TU0-13241 
RDBECOLITUC00494	ydbH-ynbE-ydbL	RDBECOLIOPC01303	ydbH-ynbE-ydbL	RDBECOLIGNC03566,RDBECOLIGNC03565,RDBECOLIGNC03564	ydbL;ynbE;ydbH								b1383;b1382;b1381	1443051	1446206		Ecocyc:TU0-13242 
RDBECOLITUC00495	ydbA	RDBECOLIOPC00420	ydbA	RDBECOLIGNC03582	ydbA								b4492	1465392	1474013		Ecocyc:TU0-13244 
RDBECOLITUC00496	insC2D2CD2	RDBECOLIOPC02051	insC2D2CD2	RDBECOLIGNC03584,RDBECOLIGNC03583,RDBECOLIGNC02628	insC2;insD2;insCD2								b1403;b1402	1469149	1467921		Ecocyc:TU0-13245 
RDBECOLITUC00497	insI2	RDBECOLIOPC01037	insI2	RDBECOLIGNC03585	insI2								b1404	1469358	1470509		Ecocyc:TU0-13246 
RDBECOLITUC00498	pdxI	RDBECOLIOPC00150	pdxI	RDBECOLIGNC01279	pdxI								b1406	1474221	1475081		Ecocyc:TU0-13248 
RDBECOLITUC00499	ydbD	RDBECOLIOPC01694	ydbD	RDBECOLIGNC01280	ydbD	RDBECOLIPMC03180	ydbDp	1475066		sigma38	RDBECOLITFC00038	NsrR	b1407	1475144	1477450		Ecocyc:TU0-13249 
RDBECOLITUC00500	ynbABCD	RDBECOLIOPC00740	ynbABCD	RDBECOLIGNC03589,RDBECOLIGNC03588,RDBECOLIGNC03587,RDBECOLIGNC03586	ynbD;ynbC;ynbB;ynbA	RDBECOLIPMC02477	ynbAp	1477597			RDBECOLITFC00095	RcsB-BglJ	b1411;b1410;b1409;b1408	1477621	1482201		Ecocyc:TU0-13250 
RDBECOLITUC00501	hrpA	RDBECOLIOPC02404	hrpA	RDBECOLIGNC03591	hrpA								b1413	1483061	1486963		Ecocyc:TU0-13251 
RDBECOLITUC00502	ydcF	RDBECOLIOPC01348	ydcF	RDBECOLIGNC02009	ydcF								b1414	1487235	1488035		Ecocyc:TU0-13252 
RDBECOLITUC00503	cybB	RDBECOLIOPC00460	cybB	RDBECOLIGNC00167	cybB								b1418	1490902	1491432		Ecocyc:TU0-13253 
RDBECOLITUC00504	ydcA	RDBECOLIOPC01990	ydcA	RDBECOLIGNC01197	ydcA								b1419	1491677	1491850		Ecocyc:TU0-13254 
RDBECOLITUC00505	hokB	RDBECOLIOPC00979	hokB	RDBECOLIGNC02940	hokB								b4428	1492071	1491922		Ecocyc:TU0-13255 
RDBECOLITUC00506	mokB	RDBECOLIOPC00188	mokB	RDBECOLIGNC03592	mokB						RDBECOLITFC00189	CRP	b1420	1492129	1491962		Ecocyc:TU0-13256 
RDBECOLITUC00507	sokB	RDBECOLIOPC01630	sokB	RDBECOLIGNC02941	sokB	RDBECOLIPMC02526	sokBp	1492119		sigma70			b4429	1492119	1492175		Ecocyc:TU0-13257 
RDBECOLITUC00508	ydcJ	RDBECOLIOPC00687	ydcJ	RDBECOLIGNC03594	ydcJ								b1423	1495288	1496631		Ecocyc:TU0-13258 
RDBECOLITUC00509	opgD	RDBECOLIOPC02466	opgD	RDBECOLIGNC02400	opgD								b1424	1496856	1498511		Ecocyc:TU0-13259 
RDBECOLITUC00510	ydcH	RDBECOLIOPC01288	ydcH	RDBECOLIGNC02403	ydcH								b1426	1498651	1498875		Ecocyc:TU0-13260 
RDBECOLITUC00511	ydcL	RDBECOLIOPC00408	ydcL	RDBECOLIGNC03597	ydcL						RDBECOLITFC00051	Rob	b1431	1502457	1503125		Ecocyc:TU0-13261 
RDBECOLITUC00512	yncK	RDBECOLIOPC02033	yncK	RDBECOLIGNC02636	yncK								b4578	1503649	1503218		Ecocyc:TU0-13263 
RDBECOLITUC00513	sutR	RDBECOLIOPC01021	sutR	RDBECOLIGNC03600	sutR	RDBECOLIPMC02501	sutRp	1506150		sigma70	RDBECOLITFC00103,RDBECOLITFC00103	SutR,SutR	b1434	1506172	1506708		Ecocyc:TU0-13264 
RDBECOLITUC00514	rlhA	RDBECOLIOPC00138	rlhA	RDBECOLIGNC03601	rlhA								b1435	1506781	1508742		Ecocyc:TU0-13265 
RDBECOLITUC00515	hicAB	RDBECOLIOPC02632	hicAB	RDBECOLIGNC03604,RDBECOLIGNC02589	hicB;hicA	RDBECOLIPMC00297	hicAp1	1509221		sigma70	RDBECOLITFC00189	CRP	b1438;b4532	1509286	1509924		Ecocyc:TU0-13266 
RDBECOLITUC00516	ydcR	RDBECOLIOPC00729	ydcR	RDBECOLIGNC03605	ydcR	RDBECOLIPMC00076	ydcRp	1509978					b1439	1510003	1511409		Ecocyc:TU0-13267 
RDBECOLITUC00517	patD	RDBECOLIOPC02910	ydcSTUV-patD	RDBECOLIGNC03610	patD								b1444	1515578	1517002		Ecocyc:TU0-13268 
RDBECOLITUC00518	ortT	RDBECOLIOPC01334	ortT	RDBECOLIGNC03611	ortT						RDBECOLITFC00189	CRP	b1445	1517389	1517562		Ecocyc:TU0-13269 
RDBECOLITUC00519	ydcY	RDBECOLIOPC00449	ydcY	RDBECOLIGNC03612	ydcY								b1446	1517648	1517881		Ecocyc:TU0-13270 
RDBECOLITUC00520	mnaT-ydcZ	RDBECOLIOPC01975	mnaT-ydcZ	RDBECOLIGNC03614,RDBECOLIGNC03613	mnaT;ydcZ								b1448;b1447	1518846	1517882		Ecocyc:TU0-13271 
RDBECOLITUC00521	curA	RDBECOLIOPC00970	curA	RDBECOLIGNC03615	curA						RDBECOLITFC00135	Nac	b1449	1519027	1520064		Ecocyc:TU0-13272 
RDBECOLITUC00522	mcbR	RDBECOLIOPC00174	mcbR	RDBECOLIGNC03616	mcbR						RDBECOLITFC00118	YgiV	b1450	1520262	1520927		Ecocyc:TU0-13273 
RDBECOLITUC00523	yncG	RDBECOLIOPC01617	yncG	RDBECOLIGNC03620	yncG	RDBECOLIPMC00078	yncGp	1526228					b1454	1526247	1526864		Ecocyc:TU0-13274 
RDBECOLITUC00524	yncH	RDBECOLIOPC00678	yncH	RDBECOLIGNC03621	yncH								b1455	1526940	1527152		Ecocyc:TU0-13275 
RDBECOLITUC00525	rhsE-ydcD	RDBECOLIOPC02449	rhsE-ydcD	RDBECOLIGNC01694,RDBECOLIGNC00008	ydcD;rhsE								b1457;b1456	1527890	1530404		Ecocyc:TU0-13276 
RDBECOLITUC00526	yncI	RDBECOLIOPC01276	yncI	RDBECOLIGNC03622	yncI								b1459	1530586	1531639		Ecocyc:TU0-13277 
RDBECOLITUC00527	ydcC	RDBECOLIOPC00400	ydcC	RDBECOLIGNC01479	ydcC								b1460	1531816	1532952		Ecocyc:TU0-13279 
RDBECOLITUC00528	pptA	RDBECOLIOPC02018	pptA	RDBECOLIGNC01695	pptA								b1461	1533052	1533285		Ecocyc:TU0-13280 
RDBECOLITUC00529	yddE	RDBECOLIOPC01010	yddE	RDBECOLIGNC01754	yddE								b1464	1535858	1534965		Ecocyc:TU0-13281 
RDBECOLITUC00530	yddLKJ	RDBECOLIOPC00129	yddLKJ	RDBECOLIGNC03627,RDBECOLIGNC03626,RDBECOLIGNC03625	yddL;yddK;yddJ								b1472;b1471;b1470	1546028	1544384		Ecocyc:TU0-13283 
RDBECOLITUC00531	yddG	RDBECOLIOPC01664	yddG	RDBECOLIGNC02365	yddG	RDBECOLIPMC00295	yddGp	1547205		sigma38			b1473	1547169	1546288		Ecocyc:TU0-13284 
RDBECOLITUC00532	yddM	RDBECOLIOPC00718	yddM	RDBECOLIGNC03628	yddM								b1477	1552682	1552398		Ecocyc:TU0-13285 
RDBECOLITUC00533	adhP	RDBECOLIOPC02370	adhP	RDBECOLIGNC03629	adhP								b1478	1553838	1552828		Ecocyc:TU0-13286 
RDBECOLITUC00534	maeA	RDBECOLIOPC01325	maeA	RDBECOLIGNC00936	maeA								b1479	1555669	1553972		Ecocyc:TU0-13287 
RDBECOLITUC00535	digH	RDBECOLIOPC00438	digH	RDBECOLIGNC03639	digH								b1491	1568823	1567504		Ecocyc:TU0-13288 
RDBECOLITUC00536	pqqL	RDBECOLIOPC01958	pqqL	RDBECOLIGNC01681	pqqL								b1494	1575202	1572407		Ecocyc:TU0-13289 
RDBECOLITUC00537	yddAB	RDBECOLIOPC00958	yddAB	RDBECOLIGNC01679,RDBECOLIGNC01680	yddA;yddB						RDBECOLITFC00093	Fur	b1496;b1495	1579342	1575247		Ecocyc:TU0-13290 
RDBECOLITUC00538	ydeM	RDBECOLIOPC02963	ydeNM	RDBECOLIGNC03641	ydeM								b1497	1580790	1579633		Ecocyc:TU0-13291 
RDBECOLITUC00539	ydeN	RDBECOLIOPC02963	ydeNM	RDBECOLIGNC03642	ydeN								b1498	1582524	1580842		Ecocyc:TU0-13292 
RDBECOLITUC00540	ydeQ	RDBECOLIOPC00666	ydeQ	RDBECOLIGNC03646	ydeQ	RDBECOLIPMC03179	ydeQp						b1502	1587734	1586820		Ecocyc:TU0-13293 
RDBECOLITUC00541	ydeTSR	RDBECOLIOPC02431	ydeTSR	RDBECOLIGNC03649,RDBECOLIGNC03648,RDBECOLIGNC03647	ydeT;ydeS;ydeR								b1505;b1504;b1503	1590001	1587793		Ecocyc:TU0-13294 
RDBECOLITUC00542	yneL	RDBECOLIOPC01263	yneL	RDBECOLIGNC03650	yneL								b1506	1590536	1590334		Ecocyc:TU0-13295 
RDBECOLITUC00543	yneO	RDBECOLIOPC00387	yneO	RDBECOLIGNC01711	yneO								b4696	1598086	1592665		Ecocyc:TU0-13297 
RDBECOLITUC00544	lsrK	RDBECOLIOPC02708	lsrRK	RDBECOLIGNC03651	lsrK								b1511	1600209	1598617		Ecocyc:TU0-13298 
RDBECOLITUC00545	lsrRK	RDBECOLIOPC02708	lsrRK	RDBECOLIGNC03651,RDBECOLIGNC03652	lsrK;lsrR	RDBECOLIPMC00233	lsrRp	1601257		sigma70	RDBECOLITFC00189,RDBECOLITFC00165,RDBECOLITFC00189	CRP,LsrR,CRP	b1511;b1512	1601241	1598617		Ecocyc:TU0-13299 
RDBECOLITUC00546	tam	RDBECOLIOPC01305	lsrACDBFG-tam	RDBECOLIGNC03659	tam	RDBECOLIPMC03172	tamp	1607221		sigma38			b1519	1607346	1608104		Ecocyc:TU0-13300 
RDBECOLITUC00547	yneE	RDBECOLIOPC01651	yneE	RDBECOLIGNC03660	yneE								b1520	1609022	1608108		Ecocyc:TU0-13301 
RDBECOLITUC00548	dgcF	RDBECOLIOPC00705	dgcF	RDBECOLIGNC03661	dgcF								b1522	1611854	1610907		Ecocyc:TU0-13302 
RDBECOLITUC00549	glsB-yneG	RDBECOLIOPC03564	sad-glsB-yneG	RDBECOLIGNC03663,RDBECOLIGNC03662	glsB;yneG								b1524;b1523	1613251	1611966		Ecocyc:TU0-13303 
RDBECOLITUC00550	sad	RDBECOLIOPC03564	sad-glsB-yneG	RDBECOLIGNC03664	sad								b1525	1614703	1613315		Ecocyc:TU0-13304 
RDBECOLITUC00551	yneJ	RDBECOLIOPC00428	yneJ	RDBECOLIGNC03665	ptrR								b1526	1614804	1615685		Ecocyc:TU0-13305 
RDBECOLITUC00552	yneK	RDBECOLIOPC01944	yneK	RDBECOLIGNC03666	yneK								b1527	1615763	1616878		Ecocyc:TU0-13306 
RDBECOLITUC00553	mgtS	RDBECOLIOPC00948	mgtS	RDBECOLIGNC02892	mgtS	RDBECOLIPMC00344	mgtSp	1622588	RDBECOLITMC00103	sigma70	RDBECOLITFC00166	PhoP	b4599	1622646	1622741	1622766-1622799	Ecocyc:TU0-13307 
RDBECOLITUC00554	dgcZ	RDBECOLIOPC00157	dgcZ	RDBECOLIGNC01585	dgcZ	RDBECOLIPMC03029	dgcZp	1623879		sigma70	RDBECOLITFC00152,RDBECOLITFC00170	CysB,CpxR	b1535	1623850	1622960		Ecocyc:TU0-13308 
RDBECOLITUC00555	ydfG	RDBECOLIOPC01588	ydfG	RDBECOLIGNC02215	ydfG	RDBECOLIPMC00079	ydfGp	1627491					b1539	1627517	1628263		Ecocyc:TU0-13310 
RDBECOLITUC00556	ydfH	RDBECOLIOPC00654	ydfH	RDBECOLIGNC03667	rspR	RDBECOLIPMC00080	ydfHp	1628326			RDBECOLITFC00202	PhoB	b1540	1628352	1629038		Ecocyc:TU0-13311 
RDBECOLITUC00557	ydfZ	RDBECOLIOPC02413	ydfZ	RDBECOLIGNC03668	ydfZ						RDBECOLITFC00128	FNR	b1541	1629215	1629418		Ecocyc:TU0-13312 
RDBECOLITUC00558	ydfI	RDBECOLIOPC01252	ydfI	RDBECOLIGNC03669	ydfI						RDBECOLITFC00080	GlaR	b1542	1630913	1629453		Ecocyc:TU0-13313 
RDBECOLITUC00559	ydfJ	RDBECOLIOPC00379	ydfJ	RDBECOLIGNC03670	ydfJ								b1543	1632285	1631002		Ecocyc:TU0-13314 
RDBECOLITUC00560	yntF-ydfK	RDBECOLIOPC01993	yntF-ydfK	RDBECOLIGNC02802,RDBECOLIGNC03671	ynfT;ydfK	RDBECOLIPMC00549	ynfTp	1632723					b4748;b1544	1632890	1633305		Ecocyc:TU0-13315 
RDBECOLITUC00561	pinQ	RDBECOLIOPC00986	pinQ	RDBECOLIGNC03672	pinQ						RDBECOLITFC00135	Nac	b1545	1633622	1634212		Ecocyc:TU0-13316 
RDBECOLITUC00562	ynfO-ydfO	RDBECOLIOPC00106	ynfO-ydfO	RDBECOLIGNC03675,RDBECOLIGNC02590	ydfO;ynfO								b1549;b4533	1636756	1637457		Ecocyc:TU0-13318 
RDBECOLITUC00563	gnsB	RDBECOLIOPC01637	gnsB	RDBECOLIGNC03676	gnsB	RDBECOLIPMC00081	gnsBp	1637846					b1550	1637782	1637609		Ecocyc:TU0-13319 
RDBECOLITUC00564	ynfN	RDBECOLIOPC00694	ynfN	RDBECOLIGNC03677	ynfN								b1551	1638109	1637954		Ecocyc:TU0-13320 
RDBECOLITUC00565	essQ-ydfR-rrrQ-rzpQ-rzoQ	RDBECOLIOPC02335	essQ-ydfR-rrrQ-rzpQ-rzoQ	RDBECOLIGNC02754,RDBECOLIGNC03682,RDBECOLIGNC03681,RDBECOLIGNC03680,RDBECOLIGNC03679	rzoQ;essQ;ydfR;rrrQ;rzpQ								b4689;b1556;b1555;b1554;b1553	1640585	1639030		Ecocyc:TU0-13321 
RDBECOLITUC00566	ydfUT	RDBECOLIOPC01295	ydfUT	RDBECOLIGNC03684,RDBECOLIGNC03683	ydfU;ydfT								b1560;b1559	1644304	1642489		Ecocyc:TU0-13322 
RDBECOLITUC00567	rem	RDBECOLIOPC00417	rem	RDBECOLIGNC01112	rem								b1561	1644902	1644651		Ecocyc:TU0-13323 
RDBECOLITUC00568	hokD	RDBECOLIOPC02721	relBE-hokD	RDBECOLIGNC01113	hokD								b1562	1645274	1645119		Ecocyc:TU0-13324 
RDBECOLITUC00569	relBE	RDBECOLIOPC02721	relBE-hokD	RDBECOLIGNC00826,RDBECOLIGNC01114	relB;relE								b1564;b1563	1645872	1645346		Ecocyc:TU0-13325 
RDBECOLITUC00570	ydfV	RDBECOLIOPC00146	ydfV	RDBECOLIGNC03685	ydfV								b1565	1645897	1646202		Ecocyc:TU0-13326 
RDBECOLITUC00571	dicC-ydfXW	RDBECOLIOPC01575	dicC-ydfXW	RDBECOLIGNC00222,RDBECOLIGNC03688,RDBECOLIGNC03687	dicC;ydfX;ydfW	RDBECOLIPMC02454	dicCp	1647876		sigma70	RDBECOLITFC00217	DicA	b1569;b1568;b1567	1647850	1647174		Ecocyc:TU0-13327 
RDBECOLITUC00572	dicA	RDBECOLIOPC00643	dicA	RDBECOLIGNC00220	dicA						RDBECOLITFC00217	DicA	b1570	1647934	1648341		Ecocyc:TU0-13328 
RDBECOLITUC00573	ydfABC	RDBECOLIOPC03328	dicB-ydfDE-insD-intQ	RDBECOLIGNC01274,RDBECOLIGNC01273,RDBECOLIGNC01272	ydfC;ydfB;ydfA	RDBECOLIPMC01276	ydfAp8	1648438		sigma70			b1573;b1572;b1571	1648508	1649041		Ecocyc:TU0-13329 
RDBECOLITUC00574	dicF	RDBECOLIOPC03328	dicB-ydfDE-insD-intQ	RDBECOLIGNC02552	dicF								b1574	1649382	1649434		Ecocyc:TU0-13330 
RDBECOLITUC00575	dicB-ydfDE-insD-intQ	RDBECOLIOPC03328	dicB-ydfDE-insD-intQ	RDBECOLIGNC03690,RDBECOLIGNC03689,RDBECOLIGNC01276,RDBECOLIGNC01275,RDBECOLIGNC00221	intQ;insD7;ydfE;ydfD;dicB	RDBECOLIPMC03002	dicBp	1649597		sigma70	RDBECOLITFC00217	DicA	b1579;b1578;b1577;b1576;b1575	1649609	1652708		Ecocyc:TU0-13331 
RDBECOLITUC00576	ynfP	RDBECOLIOPC01979	ynfP	RDBECOLIGNC02637	ynfP								b4534	1652838	1652728		Ecocyc:TU0-13332 
RDBECOLITUC00577	rspA-rspB	RDBECOLIOPC00976	rspA-rspB	RDBECOLIGNC03692,RDBECOLIGNC03691	rspA;rspB	RDBECOLIPMC04044	rspAp	1655171			RDBECOLITFC00131,RDBECOLITFC00189	YdfH,CRP	b1581;b1580	1655141	1652896		Ecocyc:TU0-13333 
RDBECOLITUC00578	ynfA	RDBECOLIOPC00095	ynfA	RDBECOLIGNC03693	ynfA						RDBECOLITFC00135	Nac	b1582	1655673	1655347		Ecocyc:TU0-13334 
RDBECOLITUC00579	ynfB-speG	RDBECOLIOPC01622	ynfB-speG	RDBECOLIGNC03695,RDBECOLIGNC03694	speG;ynfB	RDBECOLIPMC00082	ynfBp	1655709		sigma38	RDBECOLITFC00187	GadX	b1584;b1583	1655808	1656744		Ecocyc:TU0-13335 
RDBECOLITUC00580	ynfD	RDBECOLIOPC00684	ynfD	RDBECOLIGNC03697	ynfD								b1586	1657565	1657870		Ecocyc:TU0-13336 
RDBECOLITUC00581	clcB	RDBECOLIOPC02317	clcB	RDBECOLIGNC03703	clcB								b1592	1665315	1666571		Ecocyc:TU0-13337 
RDBECOLITUC00582	ynfK	RDBECOLIOPC02994	mlc-ynfK	RDBECOLIGNC03704	bidA								b1593	1667219	1666524		Ecocyc:TU0-13338 
RDBECOLITUC00583	ynfL	RDBECOLIOPC00406	ynfL	RDBECOLIGNC03706	ynfL								b1595	1669592	1668699		Ecocyc:TU0-13340 
RDBECOLITUC00584	ynfM	RDBECOLIOPC01913	ynfM	RDBECOLIGNC03707	ynfM	RDBECOLIPMC00551	ynfMp	1669672					b1596	1669699	1670952		Ecocyc:TU0-13341 
RDBECOLITUC00585	ydgD	RDBECOLIOPC00925	ydgD	RDBECOLIGNC03709	ydgD								b1598	1671960	1672781		Ecocyc:TU0-13342 
RDBECOLITUC00586	mdtUJI	RDBECOLIOPC00136	mdtUJI	RDBECOLIGNC02825,RDBECOLIGNC03711,RDBECOLIGNC03710	mdtU;mdtJ;mdtI	RDBECOLIPMC02538	mdtJp	1673779		sigma70	RDBECOLITFC00065,RDBECOLITFC00065,RDBECOLITFC00020,RDBECOLITFC00020,RDBECOLITFC00020	AcrR,AcrR,H-NS,H-NS,H-NS	b4777;b1600;b1599	1673709	1672820		Ecocyc:TU0-13343 
RDBECOLITUC00587	ydgH	RDBECOLIOPC01555	ydgH	RDBECOLIGNC03713	ydgH						RDBECOLITFC00135	Nac	b1604	1678427	1679371		Ecocyc:TU0-13344 
RDBECOLITUC00588	ydgI-folM	RDBECOLIOPC00632	ydgI-folM	RDBECOLIGNC03715,RDBECOLIGNC03714	folM;ydgI								b1606;b1605	1679557	1681698		Ecocyc:TU0-13345 
RDBECOLITUC00589	tus	RDBECOLIOPC02377	tus	RDBECOLIGNC01026	tus								b1610	1684259	1685188		Ecocyc:TU0-13346 
RDBECOLITUC00590	ydgA	RDBECOLIOPC01224	ydgA	RDBECOLIGNC03718	ydgA	RDBECOLIPMC00084	ydgAp	1689794					b1614	1689852	1691360		Ecocyc:TU0-13348 
RDBECOLITUC00591	hdhA	RDBECOLIOPC00355	hdhA	RDBECOLIGNC00418	hdhA	RDBECOLIPMC00085	hdhAp	1698122					b1619	1698040	1697273		Ecocyc:TU0-13349 
RDBECOLITUC00592	add	RDBECOLIOPC01961	add	RDBECOLIGNC00027	add	RDBECOLIPMC01295	addp6	1702202		sigma70	RDBECOLITFC00058	RbsR	b1623	1702233	1703234		Ecocyc:TU0-13350 
RDBECOLITUC00593	blr	RDBECOLIOPC00964	blr	RDBECOLIGNC02928	blr	RDBECOLIPMC00302	blrp	1704512		sigma38			b4409	1704551	1704676		Ecocyc:TU0-13351 
RDBECOLITUC00594	cnu	RDBECOLIOPC00085	cnu	RDBECOLIGNC03722	cnu								b1625	1704949	1705164		Ecocyc:TU0-13352 
RDBECOLITUC00595	gstA	RDBECOLIOPC01609	gstA	RDBECOLIGNC03731	gstA	RDBECOLIPMC00086	gstAp	1714327					b1635	1714377	1714982		Ecocyc:TU0-13353 
RDBECOLITUC00596	mliC	RDBECOLIOPC00674	mliC	RDBECOLIGNC01443	mliC								b1639	1718395	1718066		Ecocyc:TU0-13354 
RDBECOLITUC00597	anmK	RDBECOLIOPC02298	anmK	RDBECOLIGNC03733	anmK								b1640	1719602	1718493		Ecocyc:TU0-13355 
RDBECOLITUC00598	sodC	RDBECOLIOPC01266	sodC	RDBECOLIGNC03739	sodC	RDBECOLIPMC00088	sodCp	1724679		sigma38			b1646	1724655	1724134		Ecocyc:TU0-13356 
RDBECOLITUC00599	ydhF	RDBECOLIOPC00394	ydhF	RDBECOLIGNC03740	ydhF								b1647	1725632	1724736		Ecocyc:TU0-13357 
RDBECOLITUC00600	ydhL	RDBECOLIOPC01900	ydhL	RDBECOLIGNC03741	ydhL								b1648	1725920	1725681		Ecocyc:TU0-13358 
RDBECOLITUC00601	mepH	RDBECOLIOPC00914	mepH	RDBECOLIGNC03745	mepH	RDBECOLIPMC00308	mepHp	1734357		sigma70	RDBECOLITFC00038	NsrR	b1655	1734435	1735250		Ecocyc:TU0-13359 
RDBECOLITUC00602	ydhC	RDBECOLIOPC00125	ydhC	RDBECOLIGNC02037	punC								b1660	1739911	1741122		Ecocyc:TU0-13360 
RDBECOLITUC00603	ydhR	RDBECOLIOPC01539	ydhR	RDBECOLIGNC03748	ydhR								b1667	1746700	1747005		Ecocyc:TU0-13361 
RDBECOLITUC00604	ydhS	RDBECOLIOPC00619	ydhS	RDBECOLIGNC03749	ydhS						RDBECOLITFC00080	GlaR	b1668	1747131	1748735		Ecocyc:TU0-13362 
RDBECOLITUC00605	ydhXUT	RDBECOLIOPC02850	ydhYVWXUT	RDBECOLIGNC03752,RDBECOLIGNC03751,RDBECOLIGNC03750	ydhX;ydhU;ydhT								b1671;b1670;b1669	1751013	1748747		Ecocyc:TU0-13363 
RDBECOLITUC00606	ydhYVW	RDBECOLIOPC02850	ydhYVWXUT	RDBECOLIGNC03755,RDBECOLIGNC03754,RDBECOLIGNC03753	ydhY;ydhV;ydhW								b1674;b1673;b1672	1754477	1751077		Ecocyc:TU0-13364 
RDBECOLITUC00607	fumD	RDBECOLIOPC00343	fumD	RDBECOLIGNC03756	fumD						RDBECOLITFC00135	Nac	b1675	1755141	1754932		Ecocyc:TU0-13365 
RDBECOLITUC00608	ldtE	RDBECOLIOPC01945	ldtE	RDBECOLIGNC03757	ldtE								b1678	1758725	1757721		Ecocyc:TU0-13366 
RDBECOLITUC00609	rydB	RDBECOLIOPC00952	rydB	RDBECOLIGNC02879	rydB								b4430	1764780	1764713		Ecocyc:TU0-13367 
RDBECOLITUC00610	ydiJ-menI-ydiH	RDBECOLIOPC00074	ydiJ-menI-ydiH	RDBECOLIGNC03765,RDBECOLIGNC03764,RDBECOLIGNC03763	ydiJ;menI;ydiH								b1687;b1686;b1685	1768685	1764934		Ecocyc:TU0-13368 
RDBECOLITUC00611	ydiK	RDBECOLIOPC01593	ydiK	RDBECOLIGNC03766	ydiK								b1688	1769074	1770186		Ecocyc:TU0-13369 
RDBECOLITUC00612	rprA	RDBECOLIOPC00661	rprA	RDBECOLIGNC02867	rprA	RDBECOLIPMC03086	rprAp	1770372			RDBECOLITFC00170,RDBECOLITFC00042	CpxR,RcsB	b4431	1770372	1770477		Ecocyc:TU0-13370 
RDBECOLITUC00613	ydiL	RDBECOLIOPC02280	ydiL	RDBECOLIGNC03767	ydiL								b1689	1770615	1770971		Ecocyc:TU0-13371 
RDBECOLITUC00614	ydiM	RDBECOLIOPC01254	ydiM	RDBECOLIGNC03768	ydiM								b1690	1771071	1772285		Ecocyc:TU0-13372 
RDBECOLITUC00615	ydiNB-aroD	RDBECOLIOPC00533	ydiNB-aroD	RDBECOLIGNC00072,RDBECOLIGNC01211,RDBECOLIGNC03769	aroD;ydiB;ydiN								b1693;b1692;b1691	1772512	1775444		Ecocyc:TU0-13373 
RDBECOLITUC00616	ydiFO	RDBECOLIOPC01884	ydiFO	RDBECOLIGNC03770,RDBECOLIGNC02282	ydiO;ydiF								b1695;b1694	1775587	1778347		Ecocyc:TU0-13374 
RDBECOLITUC00617	ppsR	RDBECOLIOPC00900	ppsR	RDBECOLIGNC01115	ppsR								b1703	1787445	1788278		Ecocyc:TU0-13375 
RDBECOLITUC00618	ydiE	RDBECOLIOPC00112	ydiE	RDBECOLIGNC02249	ydiE								b1705	1789613	1789804		Ecocyc:TU0-13376 
RDBECOLITUC00619	ydiV	RDBECOLIOPC01526	ydiV	RDBECOLIGNC03777	rflP	RDBECOLIPMC00242	ydiVp	1792087		sigma24	RDBECOLITFC00021	SdiA	b1707	1792020	1791307		Ecocyc:TU0-13377 
RDBECOLITUC00620	nlpC	RDBECOLIOPC00606	nlpC	RDBECOLIGNC01116	nlpC								b1708	1792731	1792267		Ecocyc:TU0-13378 
RDBECOLITUC00621	arpB	RDBECOLIOPC02338	arpB	RDBECOLIGNC03778	arpB								b4494	1803094	1804993		Ecocyc:TU0-13379 
RDBECOLITUC00622	yniD	RDBECOLIOPC01200	yniD	RDBECOLIGNC02591	yniD								b4535	1805165	1805272		Ecocyc:TU0-13380 
RDBECOLITUC00623	ydiZ	RDBECOLIOPC00332	ydiZ	RDBECOLIGNC03780	ydiZ								b1724	1807400	1807690		Ecocyc:TU0-13381 
RDBECOLITUC00624	yniA	RDBECOLIOPC01928	yniA	RDBECOLIGNC03781	yniA								b1725	1807796	1808656		Ecocyc:TU0-13382 
RDBECOLITUC00625	hxpB	RDBECOLIOPC00938	hxpB	RDBECOLIGNC03783	hxpB	RDBECOLIPMC00093	hxpBp	1809326					b1727	1809380	1810048		Ecocyc:TU0-13383 
RDBECOLITUC00626	tcyP	RDBECOLIOPC00063	tcyP	RDBECOLIGNC03785	tcyP	RDBECOLIPMC02525	tcyPp	1810882			RDBECOLITFC00152	CysB	b1729	1810934	1812325		Ecocyc:TU0-13384 
RDBECOLITUC00627	ydjO	RDBECOLIOPC01576	ydjO	RDBECOLIGNC03786	ydjO								b1730	1813132	1812329		Ecocyc:TU0-13385 
RDBECOLITUC00628	nadE	RDBECOLIOPC00646	nadE	RDBECOLIGNC00655	nadE	RDBECOLIPMC00232	nadEp	1822302		sigma70			b1740	1822458	1823285		Ecocyc:TU0-13386 
RDBECOLITUC00629	ydjXYZ-ynjABCD	RDBECOLIOPC02262	ydjXYZ-ynjABCD	RDBECOLIGNC03802,RDBECOLIGNC03801,RDBECOLIGNC03800,RDBECOLIGNC03799,RDBECOLIGNC03798,RDBECOLIGNC03797,RDBECOLIGNC03796	ynjD;ynjC;ynjB;ynjA;ydjZ;ydjY;ydjX								b1756;b1755;b1754;b1753;b1752;b1751;b1750	1833401	1839400		Ecocyc:TU0-13388 
RDBECOLITUC00630	ynjE	RDBECOLIOPC01241	ynjE	RDBECOLIGNC03803	ynjE	RDBECOLIPMC00094	ynjEp	1839440					b1757	1839467	1840774		Ecocyc:TU0-13389 
RDBECOLITUC00631	ynjI	RDBECOLIOPC00370	ynjI	RDBECOLIGNC03807	ynjI	RDBECOLIPMC02476	ynjIp	1844900			RDBECOLITFC00095	RcsB-BglJ	b1762	1844871	1843831		Ecocyc:TU0-13390 
RDBECOLITUC00632	sppA	RDBECOLIOPC01869	sppA	RDBECOLIGNC00956	sppA				RDBECOLITMC00175				b1766	1848837	1850693	1850701-1850738	Ecocyc:TU0-13391 
RDBECOLITUC00633	ydjE	RDBECOLIOPC00886	ydjE	RDBECOLIGNC02232	ydjE								b1769	1853979	1852621		Ecocyc:TU0-13392 
RDBECOLITUC00634	ydjF	RDBECOLIOPC00097	ydjF	RDBECOLIGNC03808	ydjF								b1770	1854854	1854096		Ecocyc:TU0-13393 
RDBECOLITUC00635	ydjLKJIHG	RDBECOLIOPC01510	ydjLKJIHG	RDBECOLIGNC03814,RDBECOLIGNC03813,RDBECOLIGNC03812,RDBECOLIGNC03811,RDBECOLIGNC03810,RDBECOLIGNC03809	ydjL;ydjK;ydjJ;ydjI;ydjH;ydjG								b1776;b1775;b1774;b1773;b1772;b1771	1861332	1854991		Ecocyc:TU0-13394 
RDBECOLITUC00636	yeaC	RDBECOLIOPC00589	yeaC	RDBECOLIGNC03815	yeaC								b1777	1861974	1861702		Ecocyc:TU0-13395 
RDBECOLITUC00637	yeaD	RDBECOLIOPC03265	gapA-yeaD	RDBECOLIGNC03816	yeaD								b1780	1863850	1864734		Ecocyc:TU0-13398 
RDBECOLITUC00638	yeaE	RDBECOLIOPC01187	yeaE	RDBECOLIGNC03817	yeaE	RDBECOLIPMC00312	yeaEp	1865724		sigma70	RDBECOLITFC00153	NtrC	b1781	1865636	1864782		Ecocyc:TU0-13399 
RDBECOLITUC00639	mipA	RDBECOLIOPC00321	mipA	RDBECOLIGNC03818	mipA	RDBECOLIPMC00095	mipAp	1866506			RDBECOLITFC00202	PhoB	b1782	1866472	1865726		Ecocyc:TU0-13400 
RDBECOLITUC00640	cdgI	RDBECOLIOPC01912	cdgI	RDBECOLIGNC03821	cdgI								b1785	1870385	1871860		Ecocyc:TU0-13401 
RDBECOLITUC00641	dgcJ	RDBECOLIOPC00927	dgcJ	RDBECOLIGNC03822	dgcJ								b1786	1872041	1873531		Ecocyc:TU0-13402 
RDBECOLITUC00642	yeaK	RDBECOLIOPC00052	yeaK	RDBECOLIGNC03823	yeaK								b1787	1873574	1874077		Ecocyc:TU0-13403 
RDBECOLITUC00643	nimT	RDBECOLIOPC01558	nimT	RDBECOLIGNC03827	nimT	RDBECOLIPMC02505	nimTp	1875657			RDBECOLITFC00083,RDBECOLITFC00083,RDBECOLITFC00083	NimR,NimR,NimR	b1791	1875673	1876854		Ecocyc:TU0-13404 
RDBECOLITUC00644	yeaO	RDBECOLIOPC00637	yeaO	RDBECOLIGNC03828	yeaO								b1792	1876909	1877256		Ecocyc:TU0-13405 
RDBECOLITUC00645	yeaQ	RDBECOLIOPC02244	yeaQ	RDBECOLIGNC03831	yeaQ								b1795	1879255	1879007		Ecocyc:TU0-13406 
RDBECOLITUC00646	yeaR-yoaG	RDBECOLIOPC01226	yeaR-yoaG	RDBECOLIGNC03833,RDBECOLIGNC03832	yeaR;yoaG	RDBECOLIPMC03122	yeaRp	1879994		sigma70	RDBECOLITFC00053,RDBECOLITFC00053,RDBECOLITFC00038,RDBECOLITFC00009,RDBECOLITFC00085,RDBECOLITFC00009,RDBECOLITFC00085	Fis,Fis,NsrR,NarL,NarP,NarL,NarP	b1797;b1796	1879948	1879403		Ecocyc:TU0-13407 
RDBECOLITUC00647	dmlR	RDBECOLIOPC00359	dmlR	RDBECOLIGNC03835	dmlR								b1799	1881809	1880886		Ecocyc:TU0-13409 
RDBECOLITUC00648	dmlA	RDBECOLIOPC00871	dmlA	RDBECOLIGNC03836	dmlA								b1800	1881912	1882997		Ecocyc:TU0-13410 
RDBECOLITUC00649	yeaVW	RDBECOLIOPC00088	yeaVW	RDBECOLIGNC03838,RDBECOLIGNC03837	yeaW;yeaV								b1802;b1801	1883188	1885789		Ecocyc:TU0-13411 
RDBECOLITUC00650	yeaX	RDBECOLIOPC01492	yeaX	RDBECOLIGNC03839	yeaX								b1803	1885845	1886810		Ecocyc:TU0-13412 
RDBECOLITUC00651	tsaB-yeaY	RDBECOLIOPC01785	tsaB-yeaY	RDBECOLIGNC03841,RDBECOLIGNC03840	tsaB;yeaY	RDBECOLIPMC03173	tsaBp						b1807;b1806	1891267	1889951		Ecocyc:TU0-13413 
RDBECOLITUC00652	yoaA	RDBECOLIOPC02300	yoaA	RDBECOLIGNC03842	yoaA								b1808	1893235	1891325		Ecocyc:TU0-13414 
RDBECOLITUC00653	yoaB	RDBECOLIOPC01173	yoaB	RDBECOLIGNC03843	yoaB								b1809	1893367	1893711		Ecocyc:TU0-13415 
RDBECOLITUC00654	yoaC	RDBECOLIOPC00308	yoaC	RDBECOLIGNC03844	yoaC	RDBECOLIPMC01383	yoaCp1	1893966		sigma24	RDBECOLITFC00152	CysB	b1810	1894133	1894432		Ecocyc:TU0-13416 
RDBECOLITUC00655	pabB-nudL	RDBECOLIOPC01899	pabB-nudL	RDBECOLIGNC02353,RDBECOLIGNC00675	nudL;pabB								b1813;b1812	1894805	1896748		Ecocyc:TU0-13417 
RDBECOLITUC00656	pdeD	RDBECOLIOPC00917	pdeD	RDBECOLIGNC03846	pdeD								b1815	1898427	1900025		Ecocyc:TU0-13418 
RDBECOLITUC00657	yobD	RDBECOLIOPC03499	manXYZ-yobD	RDBECOLIGNC03848	yobD								b1820	1904801	1905259		Ecocyc:TU0-13419 
RDBECOLITUC00658	argP	RDBECOLIOPC01853	argP	RDBECOLIGNC00483	argP	RDBECOLIPMC00412	argPp	3059730	RDBECOLITMC00056		RDBECOLITFC00076,RDBECOLITFC00076,RDBECOLITFC00202	ArgP,ArgP,PhoB	b2916	3059753	3060646	3060660-3060680	Ecocyc:TU0-1341 
RDBECOLITUC00659	mntP	RDBECOLIOPC00624	mntP	RDBECOLIGNC03849	mntP	RDBECOLIPMC02420	mntPp	1905459		sigma70	RDBECOLITFC00143,RDBECOLITFC00143,RDBECOLITFC00093	MntR,MntR,Fur	b1821	1905688	1906254		Ecocyc:TU0-13420 
RDBECOLITUC00660	rlmA	RDBECOLIOPC02224	rlmA	RDBECOLIGNC02089	rlmA								b1822	1907060	1906251		Ecocyc:TU0-13421 
RDBECOLITUC00661	yobF-cspC	RDBECOLIOPC01213	yobF-cspC	RDBECOLIGNC03850,RDBECOLIGNC02087	yobF;cspC	RDBECOLIPMC00098	yobFp2	1907617					b1824;b1823	1907591	1907226		Ecocyc:TU0-13422 
RDBECOLITUC00662	yebO	RDBECOLIOPC00348	yebO	RDBECOLIGNC03851	yebO								b1825	1908548	1908261		Ecocyc:TU0-13423 
RDBECOLITUC00663	proQ-prc	RDBECOLIOPC01838	proQ-prc	RDBECOLIGNC02404,RDBECOLIGNC00750	proQ;prc								b1831;b1830	1915534	1912768		Ecocyc:TU0-13425 
RDBECOLITUC00664	msrC	RDBECOLIOPC00855	msrC	RDBECOLIGNC03855	msrC								b1832	1916128	1915631		Ecocyc:TU0-13426 
RDBECOLITUC00665	letAB	RDBECOLIOPC00078	letAB	RDBECOLIGNC03857,RDBECOLIGNC03856	letB;letA								b1834;b1833	1916258	1920143		Ecocyc:TU0-13427 
RDBECOLITUC00666	rsmF	RDBECOLIOPC01477	rsmF	RDBECOLIGNC03858	rsmF						RDBECOLITFC00135	Nac	b1835	1920223	1921662		Ecocyc:TU0-13428 
RDBECOLITUC00667	yebV	RDBECOLIOPC00565	yebV	RDBECOLIGNC03859	yebV								b1836	1921780	1922016		Ecocyc:TU0-13429 
RDBECOLITUC00668	cbl	RDBECOLIOPC01542	cbl	RDBECOLIGNC03915	cbl	RDBECOLIPMC03937	cblp	2060941		sigma70	RDBECOLITFC00152	CysB	b1987	2060914	2059964		Ecocyc:TU0-1342 
RDBECOLITUC00669	yebW	RDBECOLIOPC02283	yebW	RDBECOLIGNC03860	yebW								b1837	1922121	1922312		Ecocyc:TU0-13430 
RDBECOLITUC00670	sdsR	RDBECOLIOPC02602	sdsR-pphA	RDBECOLIGNC02885	sdsR	RDBECOLIPMC03105	sdsRp	1923207		sigma38			b4433	1923207	1923104		Ecocyc:TU0-13431 
RDBECOLITUC00671	yobA-yebZY	RDBECOLIOPC00297	yobA-yebZY	RDBECOLIGNC03864,RDBECOLIGNC03863,RDBECOLIGNC03862	yobA;yebZ;yebY								b1841;b1840;b1839	1924969	1923365		Ecocyc:TU0-13432 
RDBECOLITUC00672	holE	RDBECOLIOPC01883	holE	RDBECOLIGNC01460	holE								b1842	1925108	1925338		Ecocyc:TU0-13433 
RDBECOLITUC00673	yobB-exoX	RDBECOLIOPC00904	yobB-exoX	RDBECOLIGNC03866,RDBECOLIGNC03865	exoX;yobB						RDBECOLITFC00040	OmpR	b1844;b1843	1925440	1926782		Ecocyc:TU0-13434 
RDBECOLITUC00674	ptrB	RDBECOLIOPC00036	ptrB	RDBECOLIGNC00992	ptrB	RDBECOLIPMC00099	ptrBp	1928865					b1845	1928839	1926779		Ecocyc:TU0-13435 
RDBECOLITUC00675	yebE	RDBECOLIOPC01528	yebE	RDBECOLIGNC01737	yebE	RDBECOLIPMC03028	yebEp	1929732		sigma70	RDBECOLITFC00170	CpxR	b1846	1929707	1929048		Ecocyc:TU0-13436 
RDBECOLITUC00676	yebF	RDBECOLIOPC00611	yebF	RDBECOLIGNC01738	yebF								b1847	1930390	1930034		Ecocyc:TU0-13437 
RDBECOLITUC00677	yebG	RDBECOLIOPC02206	yebG	RDBECOLIGNC01739	yebG	RDBECOLIPMC00237	yebGp	1930765		sigma70	RDBECOLITFC00214	LexA	b1848	1930747	1930457		Ecocyc:TU0-13438 
RDBECOLITUC00678	yebK	RDBECOLIOPC01202	yebK	RDBECOLIGNC02401	yebK						RDBECOLITFC00192	YebK	b1853	1936652	1937521		Ecocyc:TU0-13439 
RDBECOLITUC00679	pykA	RDBECOLIOPC01323	pykA	RDBECOLIGNC00793	pykA	RDBECOLIPMC00100	pykAp1	1937544		sigma70			b1854	1937649	1939091		Ecocyc:TU0-13440 
RDBECOLITUC00680	lpxM	RDBECOLIOPC01823	lpxM	RDBECOLIGNC00606	lpxM								b1855	1940193	1939222		Ecocyc:TU0-13441 
RDBECOLITUC00681	yecDE	RDBECOLIOPC00844	yecDE	RDBECOLIGNC02241,RDBECOLIGNC02240	yecE;yecD								b1868;b1867	1950832	1952213		Ecocyc:TU0-13442 
RDBECOLITUC00682	yecN-cmoAB	RDBECOLIOPC00066	yecN-cmoAB	RDBECOLIGNC03871,RDBECOLIGNC03870,RDBECOLIGNC03869	cmoB;cmoA;yecN								b1871;b1870;b1869	1952266	1954413		Ecocyc:TU0-13443 
RDBECOLITUC00683	argS	RDBECOLIOPC01463	argS	RDBECOLIGNC00067	argS	RDBECOLIPMC01427	argSp	1960001	RDBECOLITMC00138	sigma70			b1876	1960062	1961795	1961817-1961843	Ecocyc:TU0-13444 
RDBECOLITUC00684	yecT	RDBECOLIOPC00553	yecT	RDBECOLIGNC03876	yecT	RDBECOLIPMC02481	yecTp	1961935			RDBECOLITFC00095	RcsB-BglJ	b1877	1961972	1962460		Ecocyc:TU0-13445 
RDBECOLITUC00685	insA5B5AB5	RDBECOLIOPC02265	insA5B5AB5	RDBECOLIGNC03880,RDBECOLIGNC03879,RDBECOLIGNC02625	insA5;insB5;insAB5	RDBECOLIPMC00103	insA-5p	1979226					b1894;b1893	1979215	1978518		Ecocyc:TU0-13446 
RDBECOLITUC00686	yecJ	RDBECOLIOPC01144	yecJ	RDBECOLIGNC02593	yecJ								b4537	1987758	1987507		Ecocyc:TU0-13447 
RDBECOLITUC00687	ftnA	RDBECOLIOPC00286	ftnA	RDBECOLIGNC00911	ftnA	RDBECOLIPMC00340	ftnAp	1988682		sigma70	RDBECOLITFC00093,RDBECOLITFC00093,RDBECOLITFC00093,RDBECOLITFC00093,RDBECOLITFC00093,RDBECOLITFC00020,RDBECOLITFC00020,RDBECOLITFC00020,RDBECOLITFC00020,RDBECOLITFC00020,RDBECOLITFC00020	Fur,Fur,Fur,Fur,Fur,H-NS,H-NS,H-NS,H-NS,H-NS,H-NS	b1905	1988716	1989213		Ecocyc:TU0-13449 
RDBECOLITUC00688	yecA	RDBECOLIOPC01868	yecA	RDBECOLIGNC01122	yecA								b1908	1991619	1990954		Ecocyc:TU0-13450 
RDBECOLITUC00689	pgsA	RDBECOLIOPC00890	pgsA	RDBECOLIGNC00697	pgsA	RDBECOLIPMC03183	pgsAp						b1912	1992817	1992269		Ecocyc:TU0-13451 
RDBECOLITUC00690	sdiA	RDBECOLIOPC03301	sdiA	RDBECOLIGNC00923	sdiA						RDBECOLITFC00135	Nac	b1916	1996832	1996110		Ecocyc:TU0-13452 
RDBECOLITUC00691	dcyD-tcyLN	RDBECOLIOPC01513	dcyD-tcyLN	RDBECOLIGNC03887,RDBECOLIGNC03886,RDBECOLIGNC02216	dcyD;tcyL;tcyN	RDBECOLIPMC00104	dcyDp	1999508					b1919;b1918;b1917	1999480	1997062		Ecocyc:TU0-13453 
RDBECOLITUC00692	yedEF	RDBECOLIOPC00595	yedEF	RDBECOLIGNC01602,RDBECOLIGNC01601	yedF;yedE								b1930;b1929	2008277	2009712		Ecocyc:TU0-13455 
RDBECOLITUC00693	yedK	RDBECOLIOPC02189	yedK	RDBECOLIGNC01603	yedK								b1931	2009821	2010489		Ecocyc:TU0-13456 
RDBECOLITUC00694	yedL	RDBECOLIOPC01190	yedL	RDBECOLIGNC03889	yedL						RDBECOLITFC00135	Nac	b1932	2010600	2011079		Ecocyc:TU0-13457 
RDBECOLITUC00695	yedN	RDBECOLIOPC00324	yedN	RDBECOLIGNC03890	yedN								b4495	2012351	2011223		Ecocyc:TU0-13458 
RDBECOLITUC00696	dgcQ	RDBECOLIOPC01808	dgcQ	RDBECOLIGNC03896	dgcQ								b1956	2028017	2026323		Ecocyc:TU0-13460 
RDBECOLITUC00697	yodC	RDBECOLIOPC00830	yodC	RDBECOLIGNC03897	yodC								b1957	2028370	2028188		Ecocyc:TU0-13461 
RDBECOLITUC00698	yedI	RDBECOLIOPC00056	yedI	RDBECOLIGNC02362	yedI								b1958	2029366	2028449		Ecocyc:TU0-13462 
RDBECOLITUC00699	yedRJ	RDBECOLIOPC01449	yedRJ	RDBECOLIGNC03898,RDBECOLIGNC02363	drpB;yedJ								b1963;b1962	2033421	2032384		Ecocyc:TU0-13463 
RDBECOLITUC00700	yedS	RDBECOLIOPC00543	yedS	RDBECOLIGNC03899	yedS								b4496	2034051	2035243		Ecocyc:TU0-13464 
RDBECOLITUC00701	hchA	RDBECOLIOPC02247	hchA	RDBECOLIGNC03900	hchA	RDBECOLIPMC03076	hchAp1	2035780		sigma70	RDBECOLITFC00020	H-NS	b1967	2035835	2036686		Ecocyc:TU0-13466 
RDBECOLITUC00702	hprRS	RDBECOLIOPC01131	hprRS	RDBECOLIGNC03902,RDBECOLIGNC03901	hprR;hprS								b1969;b1968	2038823	2036794		Ecocyc:TU0-13467 
RDBECOLITUC00703	hiuH-msrPQ	RDBECOLIOPC03567	hiuH-msrPQ	RDBECOLIGNC03905,RDBECOLIGNC03904,RDBECOLIGNC03903	msrQ;msrP;hiuH	RDBECOLIPMC01456	hiuHp	2038840		sigma70	RDBECOLITFC00202,RDBECOLITFC00120,RDBECOLITFC00073	PhoB,CusR,HprR	b1972;b1971;b1970	2038956	2041118		Ecocyc:TU0-13468 
RDBECOLITUC00704	msrPQ	RDBECOLIOPC03567	hiuH-msrPQ	RDBECOLIGNC03905,RDBECOLIGNC03904	msrQ;msrP								b1972;b1971	2039478	2041118		Ecocyc:TU0-13469 
RDBECOLITUC00705	yodB	RDBECOLIOPC00875	yodB	RDBECOLIGNC03907	yodB						RDBECOLITFC00080	GlaR	b1974	2042368	2042898		Ecocyc:TU0-13470 
RDBECOLITUC00706	mtfA	RDBECOLIOPC00008	mtfA	RDBECOLIGNC03908	mtfA						RDBECOLITFC00135	Nac	b1976	2043651	2044448		Ecocyc:TU0-13471 
RDBECOLITUC00707	yeeJ	RDBECOLIOPC01495	yeeJ	RDBECOLIGNC03909	yeeJ								b1978	2044995	2052014		Ecocyc:TU0-13472 
RDBECOLITUC00708	yeeL	RDBECOLIOPC00582	yeeL	RDBECOLIGNC03910	yeeL								b4497	2053328	2052276		Ecocyc:TU0-13473 
RDBECOLITUC00709	yeeN	RDBECOLIOPC02169	yeeN	RDBECOLIGNC03912	yeeN								b1983	2056858	2057574		Ecocyc:TU0-13476 
RDBECOLITUC00710	yeeO	RDBECOLIOPC01175	yeeO	RDBECOLIGNC03914	yeeO								b1985	2059846	2058203		Ecocyc:TU0-13477 
RDBECOLITUC00711	ldtA	RDBECOLIOPC00313	ldtA	RDBECOLIGNC03917	ldtA								b1990	2063323	2062391		Ecocyc:TU0-13478 
RDBECOLITUC00712	insH6	RDBECOLIOPC01793	insH6	RDBECOLIGNC03918	insH6								b1994	2067285	2066305		Ecocyc:TU0-13479 
RDBECOLITUC00713	insC3D3CD3	RDBECOLIOPC00819	insC3D3CD3	RDBECOLIGNC03921,RDBECOLIGNC03920,RDBECOLIGNC02629	insC3;insD3;insCD3								b1997;b1996	2070180	2068952		Ecocyc:TU0-13480 
RDBECOLITUC00714	yeeP	RDBECOLIOPC00047	yeeP	RDBECOLIGNC03922	yeeP								b1999	2070786	2071211		Ecocyc:TU0-13482 
RDBECOLITUC00715	yeeRST-cbeA-cbtA-yeeW	RDBECOLIOPC01436	yeeRST-cbeA-cbtA-yeeW	RDBECOLIGNC03929,RDBECOLIGNC03928,RDBECOLIGNC03927,RDBECOLIGNC03926,RDBECOLIGNC03925,RDBECOLIGNC03924	yeeW;cbtA;cbeA;yeeT;yeeS;yeeR								b2006;b2005;b2004;b2003;b2002;b2001	2074779	2078134		Ecocyc:TU0-13483 
RDBECOLITUC00716	yoeF	RDBECOLIOPC00534	yoeF	RDBECOLIGNC02594	yoeF								b4538	2078575	2078931		Ecocyc:TU0-13484 
RDBECOLITUC00717	tmaR	RDBECOLIOPC02227	tmaR	RDBECOLIGNC03930	tmaR								b2007	2079361	2079032		Ecocyc:TU0-13485 
RDBECOLITUC00718	yeeA	RDBECOLIOPC01115	yeeA	RDBECOLIGNC01818	yeeA								b2008	2080591	2079533		Ecocyc:TU0-13486 
RDBECOLITUC00719	sbmC	RDBECOLIOPC01306	sbmC	RDBECOLIGNC01819	sbmC	RDBECOLIPMC00107	sbmCp1	2081325					b2009	2081262	2080789		Ecocyc:TU0-13487 
RDBECOLITUC00720	dacD	RDBECOLIOPC01837	dacD	RDBECOLIGNC01820	dacD				RDBECOLITMC00074				b2010	2082547	2081381	2081341-2081369	Ecocyc:TU0-13488 
RDBECOLITUC00721	yeeED	RDBECOLIOPC00860	yeeED	RDBECOLIGNC01822,RDBECOLIGNC01821	tsuA;tsuB	RDBECOLIPMC00109	yeeEp	2085552					b2013;b2012	2085525	2084226		Ecocyc:TU0-13489 
RDBECOLITUC00722	plaP	RDBECOLIOPC02590	plaP	RDBECOLIGNC01823	plaP								b2014	2087062	2085704		Ecocyc:TU0-13490 
RDBECOLITUC00723	yeeY	RDBECOLIOPC01480	yeeY	RDBECOLIGNC03931	yeeY								b2015	2088258	2087329		Ecocyc:TU0-13491 
RDBECOLITUC00724	yeeZ	RDBECOLIOPC00570	yeeZ	RDBECOLIGNC03932	yeeZ						RDBECOLITFC00135	Nac	b2016	2089128	2088304		Ecocyc:TU0-13492 
RDBECOLITUC00725	yefM-yoeB	RDBECOLIOPC02153	yefM-yoeB	RDBECOLIGNC02392,RDBECOLIGNC02917	yefM;yoeB	RDBECOLIPMC00264	yefMp	2089733		sigma70	RDBECOLITFC00168,RDBECOLITFC00168,RDBECOLITFC00129,RDBECOLITFC00129	YefMB,YefMB,YefM,YefM	b2017;b4539	2089713	2089211		Ecocyc:TU0-13493 
RDBECOLITUC00726	wzzB	RDBECOLIOPC01159	wzzB	RDBECOLIGNC03933	wzzB								b2027	2098301	2097321		Ecocyc:TU0-13494 
RDBECOLITUC00727	ugd	RDBECOLIOPC00301	ugd	RDBECOLIGNC03934	ugd						RDBECOLITFC00135	Nac	b2028	2099613	2098447		Ecocyc:TU0-13495 
RDBECOLITUC00728	wcaKLM	RDBECOLIOPC01777	wcaKLM	RDBECOLIGNC03939,RDBECOLIGNC03938,RDBECOLIGNC03937	wcaK;wcaL;wcaM								b2045;b2044;b2043	2118404	2114502		Ecocyc:TU0-13498 
RDBECOLITUC00729	wcaCDEF-gmd-fcl-gmm-wcaI-cpsBG-wcaJ-wzxC	RDBECOLIOPC00805	wcaCDEF-gmd-fcl-gmm-wcaI-cpsBG-wcaJ-wzxC	RDBECOLIGNC03945,RDBECOLIGNC03944,RDBECOLIGNC03943,RDBECOLIGNC03942,RDBECOLIGNC01718,RDBECOLIGNC01719,RDBECOLIGNC01720,RDBECOLIGNC01721,RDBECOLIGNC00157,RDBECOLIGNC00158,RDBECOLIGNC03941,RDBECOLIGNC03940	wcaC;wcaD;wcaE;wcaF;gmd;fcl;gmm;wcaI;cpsB;cpsG;wcaJ;wzxC								b2057;b2056;b2055;b2054;b2053;b2052;b2051;b2050;b2049;b2048;b2047;b2046	2132070	2118680		Ecocyc:TU0-13499 
RDBECOLITUC00730	asmA	RDBECOLIOPC00040	asmA	RDBECOLIGNC01329	asmA								b2064	2141612	2139759		Ecocyc:TU0-13500 
RDBECOLITUC00731	yegL-pphC	RDBECOLIOPC01424	yegL-pphC	RDBECOLIGNC03955,RDBECOLIGNC03954	yegL;pphC								b2073;b2072	2153128	2151711		Ecocyc:TU0-13501 
RDBECOLITUC00732	sibA	RDBECOLIOPC00520	sibA	RDBECOLIGNC02886	sibA	RDBECOLIPMC00253	sibAp	2153311		sigma70			b4436	2153311	2153454		Ecocyc:TU0-13502 
RDBECOLITUC00733	sibB	RDBECOLIOPC02209	sibB	RDBECOLIGNC02887	sibB	RDBECOLIPMC00257	sibBp	2153646		sigma70			b4437	2153646	2153781		Ecocyc:TU0-13503 
RDBECOLITUC00734	yegP	RDBECOLIOPC01103	yegP	RDBECOLIGNC03959	yegP								b2080	2165189	2165521		Ecocyc:TU0-13504 
RDBECOLITUC00735	trhP	RDBECOLIOPC00253	trhP	RDBECOLIGNC03960	trhP								b2081	2165668	2167029		Ecocyc:TU0-13505 
RDBECOLITUC00736	cyaR	RDBECOLIOPC02050	cyaR	RDBECOLIGNC02880	cyaR	RDBECOLIPMC00228	cyaRp	2167114	RDBECOLITMC00077	sigma70	RDBECOLITFC00170,RDBECOLITFC00189	CpxR,CRP	b4438	2167114	2167200	2167162-2167200	Ecocyc:TU0-13506 
RDBECOLITUC00737	insE5EF5F5	RDBECOLIOPC00848	insE5EF5F5	RDBECOLIGNC03967,RDBECOLIGNC03966,RDBECOLIGNC02617	insF5;insE5;insEF5								b2089;b2088	2170236	2171398		Ecocyc:TU0-13507 
RDBECOLITUC00738	yegTUV	RDBECOLIOPC02570	yegTUV	RDBECOLIGNC03972,RDBECOLIGNC03971,RDBECOLIGNC03970	yegV;yegU;yegT	RDBECOLIPMC00113	yegTp	2178781			RDBECOLITFC00242	YegW	b2100;b2099;b2098	2178821	2182061		Ecocyc:TU0-13509 
RDBECOLITUC00739	yegW	RDBECOLIOPC01465	yegW	RDBECOLIGNC03973	yegW	RDBECOLIPMC03187	yegWp						b2101	2182781	2182035		Ecocyc:TU0-13510 
RDBECOLITUC00740	yegX	RDBECOLIOPC00557	yegX	RDBECOLIGNC03974	yegX								b2102	2183651	2182833		Ecocyc:TU0-13511 
RDBECOLITUC00741	thiMD	RDBECOLIOPC02137	thiMD	RDBECOLIGNC04704,RDBECOLIGNC03975	thiM;thiD	RDBECOLIPMC00114	thiMp	2185451					b2104;b2103	2185301	2183716		Ecocyc:TU0-13512 
RDBECOLITUC00742	rcnR	RDBECOLIOPC01146	rcnR	RDBECOLIGNC03976	rcnR	RDBECOLIPMC03098	rcnRp	2185903		sigma70	RDBECOLITFC00124,RDBECOLITFC00124	RcnR,RcnR	b2105	2185796	2185524		Ecocyc:TU0-13513 
RDBECOLITUC00743	rcnAB	RDBECOLIOPC03571	rcnAB	RDBECOLIGNC03978,RDBECOLIGNC03977	rcnB;rcnA	RDBECOLIPMC03097	rcnAp	2185827		sigma70	RDBECOLITFC00093,RDBECOLITFC00093,RDBECOLITFC00124,RDBECOLITFC00124,RDBECOLITFC00093	Fur,Fur,RcnR,RcnR,Fur	b2107;b2106	2185917	2187298		Ecocyc:TU0-13514 
RDBECOLITUC00744	rcnB	RDBECOLIOPC03571	rcnAB	RDBECOLIGNC03978	rcnB								b2107	2186960	2187298		Ecocyc:TU0-13515 
RDBECOLITUC00745	yehDCBA	RDBECOLIOPC00791	yehDCBA	RDBECOLIGNC01912,RDBECOLIGNC01911,RDBECOLIGNC01910,RDBECOLIGNC01909	yehD;yehC;yehB;yehA						RDBECOLITFC00020,RDBECOLITFC00189	H-NS,CRP	b2111;b2110;b2109;b2108	2192222	2187380		Ecocyc:TU0-13516 
RDBECOLITUC00746	yehE	RDBECOLIOPC00027	yehE	RDBECOLIGNC01913	yehE						RDBECOLITFC00135,RDBECOLITFC00080	Nac,GlaR	b2112	2192796	2192515		Ecocyc:TU0-13517 
RDBECOLITUC00747	mrp	RDBECOLIOPC01410	mrp	RDBECOLIGNC00603	mrp	RDBECOLIPMC02506	mrpp	2194203	RDBECOLITMC00149	sigma70			b2113	2194168	2193059	2192993-2193034	Ecocyc:TU0-13518 
RDBECOLITUC00748	metG	RDBECOLIOPC03052	metG	RDBECOLIGNC00578	metG	RDBECOLIPMC00115	metGp1	2194269	RDBECOLITMC00150	sigma70			b2114	2194300	2196333	2196343-2196366	Ecocyc:TU0-13519 
RDBECOLITUC00749	yehHI	RDBECOLIOPC02190	yehHI	RDBECOLIGNC04698,RDBECOLIGNC01915	yehH;yehI								b4499;b2118	2197410	2203911		Ecocyc:TU0-13521 
RDBECOLITUC00750	yehK	RDBECOLIOPC01089	yehK	RDBECOLIGNC02595	yehK								b4541	2203972	2204289		Ecocyc:TU0-13522 
RDBECOLITUC00751	yehLMPQ	RDBECOLIOPC00236	yehLMPQ	RDBECOLIGNC01919,RDBECOLIGNC01918,RDBECOLIGNC01917,RDBECOLIGNC01916	yehQ;yehP;yehM;yehL								b2122;b2121;b2120;b2119	2204596	2210944		Ecocyc:TU0-13523 
RDBECOLITUC00752	yehR	RDBECOLIOPC01805	yehR	RDBECOLIGNC01920	yehR	RDBECOLIPMC03237	yehRp			sigma32			b2123	2211225	2211686		Ecocyc:TU0-13524 
RDBECOLITUC00753	yehS	RDBECOLIOPC00833	yehS	RDBECOLIGNC01921	yehS	RDBECOLIPMC03165	yehSp						b2124	2212196	2211726		Ecocyc:TU0-13525 
RDBECOLITUC00754	btsSR	RDBECOLIOPC02549	btsSR	RDBECOLIGNC01923,RDBECOLIGNC01922	btsS;btsR								b2126;b2125	2214644	2212243		Ecocyc:TU0-13526 
RDBECOLITUC00755	mlrA	RDBECOLIOPC01450	mlrA	RDBECOLIGNC01924	mlrA	RDBECOLIPMC00506	mlrAp	2214840		sigma70	RDBECOLITFC00013	FliZ	b2127	2214866	2215597		Ecocyc:TU0-13527 
RDBECOLITUC00756	yohO	RDBECOLIOPC00546	yohO	RDBECOLIGNC02596	yohO						RDBECOLITFC00135	Nac	b4542	2215657	2215764		Ecocyc:TU0-13528 
RDBECOLITUC00757	pbpG	RDBECOLIOPC02115	pbpG	RDBECOLIGNC01930	pbpG								b2134	2224870	2223938		Ecocyc:TU0-13529 
RDBECOLITUC00758	yohC	RDBECOLIOPC01132	yohC	RDBECOLIGNC01931	yohC								b2135	2225631	2225044		Ecocyc:TU0-13530 
RDBECOLITUC00759	yohF	RDBECOLIOPC00280	yohF	RDBECOLIGNC01933	yohF								b2137	2227270	2226509		Ecocyc:TU0-13531 
RDBECOLITUC00760	mdtQ	RDBECOLIOPC01746	mdtQ	RDBECOLIGNC01934	mdtQ								b2139	2228758	2227323		Ecocyc:TU0-13532 
RDBECOLITUC00761	dusC	RDBECOLIOPC00778	dusC	RDBECOLIGNC01935	dusC	RDBECOLIPMC00554	dusCp	2230395					b2140	2230385	2229438		Ecocyc:TU0-13534 
RDBECOLITUC00762	yohJK	RDBECOLIOPC00012	yohJK	RDBECOLIGNC01937,RDBECOLIGNC01936	yohK;yohJ	RDBECOLIPMC00555	yohJp	2230509					b2142;b2141	2230624	2231714		Ecocyc:TU0-13535 
RDBECOLITUC00763	sanA-yeiS	RDBECOLIOPC01395	sanA-yeiS	RDBECOLIGNC03979,RDBECOLIGNC01938	yeiS;sanA								b2145;b2144	2232878	2233839		Ecocyc:TU0-13537 
RDBECOLITUC00764	preTA	RDBECOLIOPC00498	preTA	RDBECOLIGNC01261,RDBECOLIGNC03980	preA;preT	RDBECOLIPMC00116	preTp	2233989		sigma70	RDBECOLITFC00189	CRP	b2147;b2146	2234033	2236500		Ecocyc:TU0-13538 
RDBECOLITUC00765	folE-yeiB	RDBECOLIOPC02168	folE-yeiB	RDBECOLIGNC01342,RDBECOLIGNC01262	folE;yeiB	RDBECOLIPMC00259	folEp	2243848		sigma70	RDBECOLITFC00218,RDBECOLITFC00218,RDBECOLITFC00218,RDBECOLITFC00218	MetJ,MetJ,MetJ,MetJ	b2153;b2152	2243652	2241810		Ecocyc:TU0-13539 
RDBECOLITUC00766	yeiE	RDBECOLIOPC01083	yeiE	RDBECOLIGNC02005	yeiE						RDBECOLITFC00135	Nac	b2157	2249618	2248737		Ecocyc:TU0-13541 
RDBECOLITUC00767	yeiH	RDBECOLIOPC00221	yeiH	RDBECOLIGNC01940	yeiH						RDBECOLITFC00135	Nac	b2158	2249717	2250766		Ecocyc:TU0-13542 
RDBECOLITUC00768	nupX	RDBECOLIOPC01789	nupX	RDBECOLIGNC01942	nupX								b2161	2254145	2252895		Ecocyc:TU0-13543 
RDBECOLITUC00769	psuT	RDBECOLIOPC00820	psuT	RDBECOLIGNC01945	psuT								b2164	2257335	2256085		Ecocyc:TU0-13545 
RDBECOLITUC00770	psuKG	RDBECOLIOPC02527	psuKG	RDBECOLIGNC01588,RDBECOLIGNC01946	psuK;psuG						RDBECOLITFC00189	CRP	b2166;b2165	2259296	2257429		Ecocyc:TU0-13546 
RDBECOLITUC00771	yeiP	RDBECOLIOPC01435	yeiP	RDBECOLIGNC01948	yeiP	RDBECOLIPMC00557	yeiPp	2265417			RDBECOLITFC00189	CRP	b2171	2265450	2266022		Ecocyc:TU0-13547 
RDBECOLITUC00772	yeiQ	RDBECOLIOPC00536	yeiQ	RDBECOLIGNC01949	yeiQ								b2172	2266245	2267711		Ecocyc:TU0-13548 
RDBECOLITUC00773	yeiR-lpxT	RDBECOLIOPC02095	yeiR-lpxT	RDBECOLIGNC03981,RDBECOLIGNC02004	lpxT;yeiR								b2174;b2173	2267829	2269567		Ecocyc:TU0-13549 
RDBECOLITUC00774	mepS	RDBECOLIOPC02650	mepS	RDBECOLIGNC03982	mepS	RDBECOLIPMC00117	mepSp1	2269920					b2175	2269979	2270545		Ecocyc:TU0-13550 
RDBECOLITUC00775	pdeN	RDBECOLIOPC00267	pdeN	RDBECOLIGNC03983	pdeN								b2176	2270726	2272282		Ecocyc:TU0-13551 
RDBECOLITUC00776	yejABEF	RDBECOLIOPC01732	yejABEF	RDBECOLIGNC01953,RDBECOLIGNC01952,RDBECOLIGNC01951,RDBECOLIGNC01950	yejF;yejE;yejB;yejA								b2180;b2179;b2178;b2177	2272364	2277889		Ecocyc:TU0-13552 
RDBECOLITUC00777	yejG	RDBECOLIOPC02783	yejG	RDBECOLIGNC01954	yejG	RDBECOLIPMC02484	yejGp1	2278277					b2181	2278237	2277893		Ecocyc:TU0-13553 
RDBECOLITUC00778	bcr	RDBECOLIOPC02593	bcr	RDBECOLIGNC01383	bcr								b2182	2279760	2278570		Ecocyc:TU0-13554 
RDBECOLITUC00779	rsuA	RDBECOLIOPC01377	rsuA	RDBECOLIGNC01956	rsuA								b2183	2280483	2279788		Ecocyc:TU0-13555 
RDBECOLITUC00780	radD	RDBECOLIOPC00481	radD	RDBECOLIGNC01957	radD	RDBECOLIPMC00331	radDp	2280622		sigma54			b2184	2280632	2282392		Ecocyc:TU0-13556 
RDBECOLITUC00781	None	RDBECOLIOPC02150	rplY	RDBECOLIGNC00875	rplY	RDBECOLIPMC02523	rplVp	2282440	RDBECOLITMC00152	sigma70	RDBECOLITFC00039	DksA	b2185	2282517	2282801	2282824-2282836	Ecocyc:TU0-13557 
RDBECOLITUC00782	yejLM	RDBECOLIOPC01075	yejLM	RDBECOLIGNC01959,RDBECOLIGNC01955	lapC;yejL								b2188;b2187	2284129	2286136		Ecocyc:TU0-13558 
RDBECOLITUC00783	mqo	RDBECOLIOPC00209	mqo	RDBECOLIGNC01974	mqo						RDBECOLITFC00098	ArcA	b2210	2306754	2305108		Ecocyc:TU0-13559 
RDBECOLITUC00784	yojI	RDBECOLIOPC01772	yojI	RDBECOLIGNC01975	yojI	RDBECOLIPMC00267	yojIp	2308641		sigma70	RDBECOLITFC00014,RDBECOLITFC00014,RDBECOLITFC00014,RDBECOLITFC00014,RDBECOLITFC00014,RDBECOLITFC00014	Lrp,Lrp,Lrp,Lrp,Lrp,Lrp	b2211	2308615	2306972		Ecocyc:TU0-13560 
RDBECOLITUC00785	ftp	RDBECOLIOPC00804	ftp	RDBECOLIGNC01976	ftp								b2214	2311534	2310479		Ecocyc:TU0-13561 
RDBECOLITUC00786	atoSC	RDBECOLIOPC02505	atoSC	RDBECOLIGNC01609,RDBECOLIGNC01608	atoC;atoS								b2220;b2219	2320043	2323251		Ecocyc:TU0-13562 
RDBECOLITUC00787	yfaATSQP	RDBECOLIOPC01421	yfaATSQP	RDBECOLIGNC01125,RDBECOLIGNC03989,RDBECOLIGNC03988,RDBECOLIGNC03987,RDBECOLIGNC03986	yfaA;yfaT;yfaS;yfaQ;yfaP								b2230;b2229;b4500;b2226;b2225	2336644	2327367		Ecocyc:TU0-13563 
RDBECOLITUC00788	rpnE-ypaA	RDBECOLIOPC00521	rpnE-ypaA	RDBECOLIGNC02638,RDBECOLIGNC02194	ypaA;rpnE								b4543;b2244	2356904	2358001		Ecocyc:TU0-13564 
RDBECOLITUC00789	yfaVU	RDBECOLIOPC02853	yfaX-rhmD	RDBECOLIGNC03991,RDBECOLIGNC03990	yfaV;yfaU								b2246;b2245	2360152	2358042		Ecocyc:TU0-13565 
RDBECOLITUC00790	yfaX-rhmD	RDBECOLIOPC02853	yfaX-rhmD	RDBECOLIGNC03993,RDBECOLIGNC03992	yfaX;rhmD								b2248;b2247	2362211	2360209		Ecocyc:TU0-13566 
RDBECOLITUC00791	yfaY	RDBECOLIOPC00254	yfaY	RDBECOLIGNC03994	yfaY	RDBECOLIPMC00118	yfaYp	2363655					b2249	2363633	2362431		Ecocyc:TU0-13567 
RDBECOLITUC00792	yfaZ	RDBECOLIOPC01716	yfaZ	RDBECOLIGNC03995	yfaZ								b2250	2364275	2363733		Ecocyc:TU0-13568 
RDBECOLITUC00793	arnBCADTEF	RDBECOLIOPC00753	arnBCADTEF	RDBECOLIGNC04003,RDBECOLIGNC02597,RDBECOLIGNC04002,RDBECOLIGNC04001,RDBECOLIGNC04000,RDBECOLIGNC03999,RDBECOLIGNC03998	arnF;arnE;arnT;arnD;arnA;arnC;arnB						RDBECOLITFC00196	BasR	b2258;b4544;b2257;b2256;b2255;b2254;b2253	2365910	2373278		Ecocyc:TU0-13569 
RDBECOLITUC00794	pmrD	RDBECOLIOPC02571	pmrD	RDBECOLIGNC04004	pmrD								b2259	2373538	2373272		Ecocyc:TU0-13570 
RDBECOLITUC00795	elaB	RDBECOLIOPC01366	elaB	RDBECOLIGNC04005	elaB	RDBECOLIPMC03168	elaBp	2381053		sigma38	RDBECOLITFC00216,RDBECOLITFC00216,RDBECOLITFC00051	OxyR,OxyR,Rob	b2266	2381027	2380722		Ecocyc:TU0-13571 
RDBECOLITUC00796	elaA	RDBECOLIOPC00469	elaA	RDBECOLIGNC04006	elaA								b2267	2381543	2381082		Ecocyc:TU0-13572 
RDBECOLITUC00797	rbn	RDBECOLIOPC02134	rbn	RDBECOLIGNC04007	rbn	RDBECOLIPMC02612	rbnp	2381582		sigma70			b2268	2381608	2382525		Ecocyc:TU0-13573 
RDBECOLITUC00798	elaD	RDBECOLIOPC01068	elaD	RDBECOLIGNC04008	elaD								b2269	2382713	2383924		Ecocyc:TU0-13574 
RDBECOLITUC00799	yfbL	RDBECOLIOPC00197	yfbL	RDBECOLIGNC04010	yfbL						RDBECOLITFC00135	Nac	b2271	2385860	2386831		Ecocyc:TU0-13575 
RDBECOLITUC00800	yfbM	RDBECOLIOPC01756	yfbM	RDBECOLIGNC04011	yfbM								b2272	2386934	2387437		Ecocyc:TU0-13576 
RDBECOLITUC00801	yfbO	RDBECOLIOPC00790	yfbO	RDBECOLIGNC04013	yfbO								b2274	2388635	2389057		Ecocyc:TU0-13577 
RDBECOLITUC00802	yfbP	RDBECOLIOPC02485	yfbP	RDBECOLIGNC04014	yfbP								b2275	2389116	2389964		Ecocyc:TU0-13578 
RDBECOLITUC00803	alaA	RDBECOLIOPC02331	alaA-yfbR	RDBECOLIGNC04015	alaA	RDBECOLIPMC01611	alaAp9	2407408		sigma32	RDBECOLITFC00014	Lrp	b2290	2407561	2408778		Ecocyc:TU0-13579 
RDBECOLITUC00804	yfbR	RDBECOLIOPC02331	alaA-yfbR	RDBECOLIGNC04016	yfbR	RDBECOLIPMC01612	yfbRp3	2408831		sigma32	RDBECOLITFC00152	CysB	b2291	2408862	2409461		Ecocyc:TU0-13580 
RDBECOLITUC00805	yfbS	RDBECOLIOPC02058	yfbS	RDBECOLIGNC04017	yfbS								b2292	2411352	2409520		Ecocyc:TU0-13581 
RDBECOLITUC00806	yfbU-hxpA	RDBECOLIOPC01090	yfbU-hxpA	RDBECOLIGNC04019,RDBECOLIGNC04018	yfbU;hxpA	RDBECOLIPMC02494	yfbUp	2412594					b2294;b2293	2412594	2411439		Ecocyc:TU0-13582 
RDBECOLITUC00807	yfbV	RDBECOLIOPC00241	yfbV	RDBECOLIGNC04020	yfbV						RDBECOLITFC00135	Nac	b2295	2413132	2412677		Ecocyc:TU0-13583 
RDBECOLITUC00808	yfcC	RDBECOLIOPC01702	yfcC	RDBECOLIGNC04021	yfcC								b2298	2417081	2418601		Ecocyc:TU0-13584 
RDBECOLITUC00809	yfcD	RDBECOLIOPC01038	yfcD	RDBECOLIGNC04022	yfcD	RDBECOLIPMC03167	yfcDp						b2299	2419176	2418634		Ecocyc:TU0-13585 
RDBECOLITUC00810	yfcE	RDBECOLIOPC00237	yfcE	RDBECOLIGNC04023	yfcE	RDBECOLIPMC03181	yfcEp						b2300	2419788	2419234		Ecocyc:TU0-13586 
RDBECOLITUC00811	yfcF	RDBECOLIOPC01695	yfcF	RDBECOLIGNC04024	yfcF								b2301	2420485	2419841		Ecocyc:TU0-13587 
RDBECOLITUC00812	yfcG	RDBECOLIOPC00738	yfcG	RDBECOLIGNC04025	yfcG								b2302	2420621	2421268		Ecocyc:TU0-13588 
RDBECOLITUC00813	folX-yfcH	RDBECOLIOPC02548	folX-yfcH	RDBECOLIGNC04027,RDBECOLIGNC04026	yfcH;folX	RDBECOLIPMC03170	folXp						b2304;b2303	2421325	2422601		Ecocyc:TU0-13589 
RDBECOLITUC00814	rpnB	RDBECOLIOPC01350	rpnB	RDBECOLIGNC04028	rpnB								b2305	2423539	2422649		Ecocyc:TU0-13590 
RDBECOLITUC00815	folC-dedD	RDBECOLIOPC00457	folC-dedD	RDBECOLIGNC00321,RDBECOLIGNC00212	folC;dedD				RDBECOLITMC00214				b2315;b2314	2432942	2431022	2430850-2430904	Ecocyc:TU0-13591 
RDBECOLITUC00816	yfcJ	RDBECOLIOPC02109	yfcJ	RDBECOLIGNC04029	yfcJ								b2322	2440120	2438942		Ecocyc:TU0-13592 
RDBECOLITUC00817	prmB-aroC-mepA-yfcA-epmC-yfcL	RDBECOLIOPC01060	prmB-aroC-mepA-yfcA-epmC-yfcL	RDBECOLIGNC02296,RDBECOLIGNC00071,RDBECOLIGNC00572,RDBECOLIGNC01127,RDBECOLIGNC04032,RDBECOLIGNC04031	prmB;aroC;mepA;yfcA;epmC;yfcL								b2330;b2329;b2328;b2327;b2326;b2325	2448440	2443891		Ecocyc:TU0-13593 
RDBECOLITUC00818	yfcUSRQPO	RDBECOLIOPC00185	yfcUSRQPO	RDBECOLIGNC04039,RDBECOLIGNC04038,RDBECOLIGNC04037,RDBECOLIGNC04036,RDBECOLIGNC04035,RDBECOLIGNC04034	yfcU;yfcS;yfcR;yfcQ;yfcP;yfcO								b4661;b2336;b2335;b2334;b2333;b2332	2455001	2449228		Ecocyc:TU0-13594 
RDBECOLITUC00819	yfcV	RDBECOLIOPC01741	yfcV	RDBECOLIGNC04040	yfcV								b2339	2455646	2455083		Ecocyc:TU0-13595 
RDBECOLITUC00820	yfcZ	RDBECOLIOPC00777	yfcZ	RDBECOLIGNC04044	yfcZ	RDBECOLIPMC00119	yfcZp	2460979					b2343	2460934	2460650		Ecocyc:TU0-13597 
RDBECOLITUC00821	yfdF	RDBECOLIOPC02465	yfdF	RDBECOLIGNC04045	yfdF								b2345	2463012	2464070		Ecocyc:TU0-13598 
RDBECOLITUC00822	yfdC	RDBECOLIOPC01392	yfdC	RDBECOLIGNC04047	yfdC						RDBECOLITFC00080	GlaR	b2347	2465301	2466233		Ecocyc:TU0-13599 
RDBECOLITUC00823	intS	RDBECOLIOPC00499	intS	RDBECOLIGNC04048	intS	RDBECOLIPMC00515	intSp	2466515		sigma70			b2349	2466545	2467702		Ecocyc:TU0-13600 
RDBECOLITUC00824	yfdGHI	RDBECOLIOPC02040	yfdGHI	RDBECOLIGNC04051,RDBECOLIGNC04050,RDBECOLIGNC04049	yfdI;yfdH;yfdG								b2352;b2351;b2350	2467855	2470462		Ecocyc:TU0-13601 
RDBECOLITUC00825	tfaS	RDBECOLIOPC01022	tfaS	RDBECOLIGNC04052	tfaS								b2353	2470803	2471105		Ecocyc:TU0-13602 
RDBECOLITUC00826	yfdONMLK	RDBECOLIOPC00224	yfdONMLK	RDBECOLIGNC04057,RDBECOLIGNC04056,RDBECOLIGNC04055,RDBECOLIGNC04054,RDBECOLIGNC04053	yfdO;yfdN;yfdM;yfdL;yfdK						RDBECOLITFC00234,RDBECOLITFC00234,RDBECOLITFC00234,RDBECOLITFC00234	SrsR,SrsR,SrsR,SrsR	b2358;b2357;b2356;b2355;b2354	2473246	2471077		Ecocyc:TU0-13603 
RDBECOLITUC00827	yfdPQ	RDBECOLIOPC01679	yfdPQ	RDBECOLIGNC04059,RDBECOLIGNC04058	yfdQ;yfdP						RDBECOLITFC00234,RDBECOLITFC00234,RDBECOLITFC00234,RDBECOLITFC00234	SrsR,SrsR,SrsR,SrsR	b2360;b2359	2473604	2474856		Ecocyc:TU0-13604 
RDBECOLITUC00828	yfdRST	RDBECOLIOPC00727	yfdRST	RDBECOLIGNC04062,RDBECOLIGNC04061,RDBECOLIGNC04060	yfdT;yfdS;yfdR								b2363;b2362;b2361	2474984	2476178		Ecocyc:TU0-13605 
RDBECOLITUC00829	ypdJ	RDBECOLIOPC02528	ypdJ	RDBECOLIGNC02598	ypdJ								b4545	2476094	2476234		Ecocyc:TU0-13606 
RDBECOLITUC00830	torI	RDBECOLIOPC01336	torI	RDBECOLIGNC02943	torI						RDBECOLITFC00135	Nac	b4501	2476310	2476510		Ecocyc:TU0-13607 
RDBECOLITUC00831	yfdE	RDBECOLIOPC03522	yfdV	RDBECOLIGNC04064	yfdE						RDBECOLITFC00135	Nac	b2371	2489168	2488023		Ecocyc:TU0-13608 
RDBECOLITUC00832	yfdV	RDBECOLIOPC03522	yfdV	RDBECOLIGNC04065	yfdV						RDBECOLITFC00135	Nac	b2372	2490186	2489242		Ecocyc:TU0-13609 
RDBECOLITUC00833	oxc	RDBECOLIOPC03522	yfdV	RDBECOLIGNC04066	oxc								b2373	2491950	2490256		Ecocyc:TU0-13610 
RDBECOLITUC00834	tpke70	RDBECOLIOPC00172	tpke70	RDBECOLIGNC02906	tpke70									2496629	2496194		Ecocyc:TU0-13611 
RDBECOLITUC00835	alaC	RDBECOLIOPC01729	alaC	RDBECOLIGNC04072	alaC	RDBECOLIPMC03084	alaCp	2498399		sigma70	RDBECOLITFC00107	SgrR	b2379	2498295	2497057		Ecocyc:TU0-13612 
RDBECOLITUC00836	pyrSR-ypdC	RDBECOLIOPC00765	pyrSR-ypdC	RDBECOLIGNC04075,RDBECOLIGNC04074,RDBECOLIGNC04073	ypdC;pyrR;pyrS								b2382;b2381;b2380	2498671	2501987		Ecocyc:TU0-13613 
RDBECOLITUC00837	fryBC-ypdFE-fryA	RDBECOLIOPC02446	fryBC-ypdFE-fryA	RDBECOLIGNC04080,RDBECOLIGNC04079,RDBECOLIGNC04078,RDBECOLIGNC04077,RDBECOLIGNC04076	fryB;fryC;ypdF;ypdE;fryA								b2387;b2386;b2385;b2384;b2383	2508242	2501990		Ecocyc:TU0-13614 
RDBECOLITUC00838	yfeO	RDBECOLIOPC01376	yfeO	RDBECOLIGNC04081	yfeO								b2389	2509630	2510886		Ecocyc:TU0-13615 
RDBECOLITUC00839	ypeC	RDBECOLIOPC00484	ypeC	RDBECOLIGNC04082	ypeC								b2390	2511001	2511327		Ecocyc:TU0-13616 
RDBECOLITUC00840	insL3	RDBECOLIOPC02023	insL3	RDBECOLIGNC04084	insL3								b2394	2514331	2515443		Ecocyc:TU0-13617 
RDBECOLITUC00841	pdeA	RDBECOLIOPC01009	pdeA	RDBECOLIGNC01128	pdeA								b2395	2517832	2515643		Ecocyc:TU0-13618 
RDBECOLITUC00842	ligA-ypeB	RDBECOLIOPC00213	ligA-ypeB	RDBECOLIGNC00526,RDBECOLIGNC02599	ligA;ypeB	RDBECOLIPMC00122	ligAp	2530201					b2411;b4546	2530176	2527941		Ecocyc:TU0-13620 
RDBECOLITUC00843	zipA	RDBECOLIOPC01663	zipA	RDBECOLIGNC04087	zipA								b2412	2531233	2530247		Ecocyc:TU0-13621 
RDBECOLITUC00844	cysZ	RDBECOLIOPC00713	cysZ	RDBECOLIGNC00003	cysZ								b2413	2531463	2532224		Ecocyc:TU0-13622 
RDBECOLITUC00845	ucpA	RDBECOLIOPC03141	ucpA	RDBECOLIGNC02030	ucpA	RDBECOLIPMC00125	ucpAp1	2544664					b2426	2544623	2543832		Ecocyc:TU0-13623 
RDBECOLITUC00846	murR	RDBECOLIOPC02675	murR	RDBECOLIGNC04091	murR	RDBECOLIPMC00250	murRp	2545793		sigma70	RDBECOLITFC00159,RDBECOLITFC00159	MurR,MurR	b2427	2545609	2544752		Ecocyc:TU0-13624 
RDBECOLITUC00847	murQP-yfeW	RDBECOLIOPC03139	murQP-yfeW	RDBECOLIGNC04094,RDBECOLIGNC04093,RDBECOLIGNC04092	yfeW;murP;murQ								b2430;b2429;b2428	2545773	2549406		Ecocyc:TU0-13625 
RDBECOLITUC00848	ypeA-yfeZ	RDBECOLIOPC02072	ypeA-yfeZ	RDBECOLIGNC04098,RDBECOLIGNC04097	ypeA;yfeZ								b2434;b2433	2552138	2551277		Ecocyc:TU0-13626 
RDBECOLITUC00849	eutBCLKR	RDBECOLIOPC01046	eutBCLKR	RDBECOLIGNC02560,RDBECOLIGNC02561,RDBECOLIGNC04100,RDBECOLIGNC04099,RDBECOLIGNC02074	eutB;eutC;eutL;eutK;eutR								b2441;b2440;b2439;b2438;b2437	2558679	2554130		Ecocyc:TU0-13627 
RDBECOLITUC00850	intZ	RDBECOLIOPC00164	intZ	RDBECOLIGNC04101	intZ								b2442	2558858	2560066		Ecocyc:TU0-13628 
RDBECOLITUC00851	yffL	RDBECOLIOPC01713	yffL	RDBECOLIGNC04102	yffL								b2443	2560257	2560898		Ecocyc:TU0-13629 
RDBECOLITUC00852	yffMN	RDBECOLIOPC00755	yffMN	RDBECOLIGNC04104,RDBECOLIGNC04103	yffN;yffM								b2445;b2444	2561368	2561993		Ecocyc:TU0-13630 
RDBECOLITUC00853	yffQR	RDBECOLIOPC02426	yffQR	RDBECOLIGNC04108,RDBECOLIGNC04107	yffR;yffQ								b2449;b2448	2563592	2564372		Ecocyc:TU0-13632 
RDBECOLITUC00854	yffS	RDBECOLIOPC01365	yffS	RDBECOLIGNC04109	yffS								b2450	2564523	2565332		Ecocyc:TU0-13633 
RDBECOLITUC00855	eutHA	RDBECOLIOPC00471	eutHA	RDBECOLIGNC04111,RDBECOLIGNC04110	eutH;eutA						RDBECOLITFC00220,RDBECOLITFC00220	HipB,HipB	b2452;b2451	2568107	2565481		Ecocyc:TU0-13634 
RDBECOLITUC00856	eutNEJG	RDBECOLIOPC02006	eutNEJG	RDBECOLIGNC04115,RDBECOLIGNC04114,RDBECOLIGNC04113,RDBECOLIGNC04112	eutN;eutE;eutJ;eutG								b2456;b2455;b2454;b2453	2572050	2568324		Ecocyc:TU0-13635 
RDBECOLITUC00857	eutSPQTDM	RDBECOLIOPC00996	eutSPQTDM	RDBECOLIGNC04121,RDBECOLIGNC04120,RDBECOLIGNC04119,RDBECOLIGNC04118,RDBECOLIGNC04117,RDBECOLIGNC04116	eutS;eutP;eutQ;eutT;eutD;eutM						RDBECOLITFC00027	NagC	b2462;b2461;b2460;b2459;b2458;b2457	2575805	2572157		Ecocyc:TU0-13636 
RDBECOLITUC00858	maeB	RDBECOLIOPC00202	maeB	RDBECOLIGNC04122	maeB								b2463	2578377	2576098		Ecocyc:TU0-13637 
RDBECOLITUC00859	ypfG	RDBECOLIOPC01649	ypfG	RDBECOLIGNC04123	ypfG								b2466	2582777	2581734		Ecocyc:TU0-13638 
RDBECOLITUC00860	nudK	RDBECOLIOPC00699	nudK	RDBECOLIGNC02266	nudK								b2467	2583478	2582903		Ecocyc:TU0-13639 
RDBECOLITUC00861	aegA	RDBECOLIOPC02488	aegA	RDBECOLIGNC02265	aegA						RDBECOLITFC00189	CRP	b2468	2585525	2583546		Ecocyc:TU0-13640 
RDBECOLITUC00862	narQ	RDBECOLIOPC01307	narQ	RDBECOLIGNC01422	narQ	RDBECOLIPMC00558	narQp	2585577			RDBECOLITFC00189	CRP	b2469	2585731	2587431		Ecocyc:TU0-13641 
RDBECOLITUC00863	yffB-dapE-ypfN	RDBECOLIOPC02936	yffB-dapE-ypfN	RDBECOLIGNC02600,RDBECOLIGNC00202,RDBECOLIGNC01130	ypfN;dapE;yffB	RDBECOLIPMC03066	yffBp			sigma70			b4547;b2472;b2471	2591247	2592962		Ecocyc:TU0-13642 
RDBECOLITUC00864	ypfH	RDBECOLIOPC02055	ypfH	RDBECOLIGNC04124	ypfH								b2473	2593770	2593072		Ecocyc:TU0-13643 
RDBECOLITUC00865	ypfJ-tmcA	RDBECOLIOPC01040	ypfJ-tmcA	RDBECOLIGNC04126,RDBECOLIGNC04125	ypfJ;tmcA								b2475;b2474	2596737	2593844		Ecocyc:TU0-13644 
RDBECOLITUC00866	hda	RDBECOLIOPC00152	hda	RDBECOLIGNC04140	hda	RDBECOLIPMC03169	hdap						b2496	2618776	2618075		Ecocyc:TU0-13646 
RDBECOLITUC00867	yfgG	RDBECOLIOPC01697	yfgG	RDBECOLIGNC04142	yfgG	RDBECOLIPMC00560	yfgGp	2629252		sigma70			b2504	2629290	2629481		Ecocyc:TU0-13647 
RDBECOLITUC00868	yfgHI	RDBECOLIOPC00744	yfgHI	RDBECOLIGNC04144,RDBECOLIGNC04143	yfgI;yfgH								b2506;b2505	2629792	2630865		Ecocyc:TU0-13648 
RDBECOLITUC00869	yfgJ	RDBECOLIOPC02408	yfgJ	RDBECOLIGNC04145	yfgJ								b2510	2635814	2635599		Ecocyc:TU0-13649 
RDBECOLITUC00870	rlmN	RDBECOLIOPC01351	rlmN	RDBECOLIGNC02258	rlmN								b2517	2644283	2643129		Ecocyc:TU0-13650 
RDBECOLITUC00871	ndk	RDBECOLIOPC00461	ndk	RDBECOLIGNC00642	ndk						RDBECOLITFC00098	ArcA	b2518	2644864	2644433		Ecocyc:TU0-13651 
RDBECOLITUC00872	yfhM-pbpC	RDBECOLIOPC01992	yfhM-pbpC	RDBECOLIGNC04150,RDBECOLIGNC04149	yfhM;pbpC	RDBECOLIPMC00132	yfhMp	2652324					b2520;b2519	2652287	2645013		Ecocyc:TU0-13652 
RDBECOLITUC00873	ryfA-timP	RDBECOLIOPC00981	ryfA-timP	RDBECOLIGNC02861,RDBECOLIGNC02881	timP;ryfA								b4812;b4440	2653855	2654158		Ecocyc:TU0-13654 
RDBECOLITUC00874	sseB	RDBECOLIOPC00190	sseB	RDBECOLIGNC01548	sseB								b2522	2654933	2654157		Ecocyc:TU0-13655 
RDBECOLITUC00875	pepB	RDBECOLIOPC01633	pepB	RDBECOLIGNC02182	pepB								b2523	2656358	2655075		Ecocyc:TU0-13656 
RDBECOLITUC00876	trmJ	RDBECOLIOPC00690	trmJ	RDBECOLIGNC04154	trmJ								b2532	2663323	2662583		Ecocyc:TU0-13657 
RDBECOLITUC00877	suhB	RDBECOLIOPC02469	suhB	RDBECOLIGNC00971	suhB								b2533	2663442	2664245		Ecocyc:TU0-13658 
RDBECOLITUC00878	yfhR	RDBECOLIOPC01291	yfhR	RDBECOLIGNC04155	yfhR								b2534	2664390	2665244		Ecocyc:TU0-13659 
RDBECOLITUC00879	hcaT	RDBECOLIOPC00411	hcaT	RDBECOLIGNC04157	hcaT								b2536	2667846	2666707		Ecocyc:TU0-13660 
RDBECOLITUC00880	yphA	RDBECOLIOPC02037	yphA	RDBECOLIGNC04162	yphA								b2543	2673346	2673768		Ecocyc:TU0-13661 
RDBECOLITUC00881	yphCB	RDBECOLIOPC01024	yphCB	RDBECOLIGNC04164,RDBECOLIGNC04163	yphC;yphB								b2545;b2544	2675761	2673816		Ecocyc:TU0-13662 
RDBECOLITUC00882	yphFED	RDBECOLIOPC00142	yphFED	RDBECOLIGNC04167,RDBECOLIGNC04166,RDBECOLIGNC04165	yphF;yphE;yphD								b2548;b2547;b2546	2679367	2675827		Ecocyc:TU0-13663 
RDBECOLITUC00883	yphG	RDBECOLIOPC01682	yphG	RDBECOLIGNC04168	yphG								b2549	2682745	2679464		Ecocyc:TU0-13664 
RDBECOLITUC00884	glmY	RDBECOLIOPC03365	glmY	RDBECOLIGNC02909	glmY	RDBECOLIPMC03106	glmYp1	2691340	RDBECOLITMC00089	sigma54	RDBECOLITFC00162,RDBECOLITFC00162,RDBECOLITFC00162,RDBECOLITFC00211,RDBECOLITFC00211	GlrR,GlrR,GlrR,IHF,IHF	b4441	2691340	2691157	2691157-2691185	Ecocyc:TU0-13666 
RDBECOLITUC00885	pgpC-tadA	RDBECOLIOPC02389	pgpC-tadA	RDBECOLIGNC01338,RDBECOLIGNC01339	pgpC;tadA	RDBECOLIPMC00317	pgpCp	2698638		sigma32	RDBECOLITFC00038	NsrR	b2560;b2559	2698550	2697354		Ecocyc:TU0-13667 
RDBECOLITUC00886	yfhH	RDBECOLIOPC01337	yfhH	RDBECOLIGNC02180	yfhH								b2561	2698759	2699607		Ecocyc:TU0-13668 
RDBECOLITUC00887	yfhL	RDBECOLIOPC00453	yfhL	RDBECOLIGNC04171	yfhL	RDBECOLIPMC03174	yfhLp						b2562	2699663	2699923		Ecocyc:TU0-13669 
RDBECOLITUC00888	tapT-patZ	RDBECOLIOPC01978	tapT-patZ	RDBECOLIGNC04175,RDBECOLIGNC04174	patZ;tapT								b2584;b2583	2719223	2722613		Ecocyc:TU0-13671 
RDBECOLITUC00889	pssLA	RDBECOLIOPC00972	pssLA	RDBECOLIGNC02830,RDBECOLIGNC00771	pssL;pssA	RDBECOLIPMC01702	pssAp	2722668		sigma70			b4782;b2585	2722702	2724082		Ecocyc:TU0-13672 
RDBECOLITUC00890	yfiM	RDBECOLIOPC00178	yfiM	RDBECOLIGNC02399	yfiM								b2586	2724128	2724451		Ecocyc:TU0-13673 
RDBECOLITUC00891	kgtP	RDBECOLIOPC01620	kgtP	RDBECOLIGNC00514	kgtP						RDBECOLITFC00098	ArcA	b2587	2725746	2724448		Ecocyc:TU0-13674 
RDBECOLITUC00892	rluD-pgeF	RDBECOLIOPC00680	rluD-pgeF	RDBECOLIGNC01999,RDBECOLIGNC01998	rluD;yfiH								b2594;b2593	2736011	2734303		Ecocyc:TU0-13675 
RDBECOLITUC00893	raiAZ	RDBECOLIOPC02453	raiAZ	RDBECOLIGNC02854,RDBECOLIGNC01133	raiZ;raiA	RDBECOLIPMC03235	raiAp	2737104	RDBECOLITMC00201	sigma32	RDBECOLITFC00189	CRP	b4805;b2597	2737154	2737542	2737498-2737552	Ecocyc:TU0-13677 
RDBECOLITUC00894	yfiL	RDBECOLIOPC01278	yfiL	RDBECOLIGNC02294	yfiL								b2602	2741360	2741725		Ecocyc:TU0-13678 
RDBECOLITUC00895	yfiR-dgcN-yfiB	RDBECOLIOPC01572	yfiR-dgcN-yfiB	RDBECOLIGNC01134,RDBECOLIGNC02414,RDBECOLIGNC04178	yfiB;dgcN;yfiR	RDBECOLIPMC02513	yfiRp	2741824	RDBECOLITMC00231	sigma70	RDBECOLITFC00101	YjjQ	b2605;b2604;b2603	2741875	2744107	2744115-2744169	Ecocyc:TU0-13679 
RDBECOLITUC00896	ffh	RDBECOLIOPC02022	ffh	RDBECOLIGNC00294	ffh	RDBECOLIPMC00134	ffhp	2747853	RDBECOLITMC00052				b2610	2747795	2746434	2746209-2746241	Ecocyc:TU0-13680 
RDBECOLITUC00897	ypjD	RDBECOLIOPC01013	ypjD	RDBECOLIGNC04179	ypjD								b2611	2747962	2748753		Ecocyc:TU0-13681 
RDBECOLITUC00898	yfjD	RDBECOLIOPC00132	yfjD	RDBECOLIGNC02290	yfjD						RDBECOLITFC00080	GlaR	b4461	2748774	2750060		Ecocyc:TU0-13682 
RDBECOLITUC00899	nadK	RDBECOLIOPC01668	nadK	RDBECOLIGNC02076	nadK								b2615	2750831	2751709		Ecocyc:TU0-13683 
RDBECOLITUC00900	ratA-yfjF	RDBECOLIOPC00720	ratA-yfjF	RDBECOLIGNC04181,RDBECOLIGNC04180	ratA;yfjF								b2619;b2618	2754764	2754008		Ecocyc:TU0-13685 
RDBECOLITUC00901	smpB	RDBECOLIOPC02374	smpB	RDBECOLIGNC01713	smpB								b2620	2754896	2755378		Ecocyc:TU0-13686 
RDBECOLITUC00902	intA	RDBECOLIOPC01329	intA	RDBECOLIGNC01714	intA						RDBECOLITFC00132	AlpA	b2622	2756159	2757400		Ecocyc:TU0-13688 
RDBECOLITUC00903	alpA	RDBECOLIOPC00441	alpA	RDBECOLIGNC02011	alpA								b2624	2758644	2758856		Ecocyc:TU0-13689 
RDBECOLITUC00904	yfjI	RDBECOLIOPC01962	yfjI	RDBECOLIGNC04183	yfjI						RDBECOLITFC00135	Nac	b2625	2758985	2760394		Ecocyc:TU0-13690 
RDBECOLITUC00905	yfjJ	RDBECOLIOPC00961	yfjJ	RDBECOLIGNC04184	yfjJ								b2626	2760547	2761173		Ecocyc:TU0-13691 
RDBECOLITUC00906	abpAB	RDBECOLIOPC00168	abpAB	RDBECOLIGNC04186,RDBECOLIGNC04185	abpA;abpB								b2628;b2627	2765153	2761351		Ecocyc:TU0-13692 
RDBECOLITUC00907	yfjM	RDBECOLIOPC01606	yfjM	RDBECOLIGNC04187	yfjM								b2629	2765776	2765513		Ecocyc:TU0-13693 
RDBECOLITUC00908	yfjPQ	RDBECOLIOPC00669	yfjPQ	RDBECOLIGNC04191,RDBECOLIGNC04190	yfjQ;yfjP								b2633;b2632	2767710	2769486		Ecocyc:TU0-13694 
RDBECOLITUC00909	yfjR-ypjK-yfjS-yfjT	RDBECOLIOPC02435	yfjR-ypjK-yfjS-yfjT	RDBECOLIGNC04195,RDBECOLIGNC04194,RDBECOLIGNC04193,RDBECOLIGNC04192	yfjT;yfjS;ypjK;yfjR								b2637;b2636;b2635;b2634	2769703	2771615		Ecocyc:TU0-13695 
RDBECOLITUC00910	yfjU	RDBECOLIOPC01265	yfjU	RDBECOLIGNC04196	yfjU								b2638	2772154	2771840		Ecocyc:TU0-13696 
RDBECOLITUC00911	yfjV	RDBECOLIOPC00389	yfjV	RDBECOLIGNC04197	yfjV	RDBECOLIPMC03245	yfjVp			sigma32			b2641	2773182	2772167		Ecocyc:TU0-13697 
RDBECOLITUC00912	yfjW	RDBECOLIOPC02007	yfjW	RDBECOLIGNC04198	yfjW								b2642	2773318	2775021		Ecocyc:TU0-13698 
RDBECOLITUC00913	lfgABCDE	RDBECOLIOPC01000	lfgABCDE	RDBECOLIGNC04202,RDBECOLIGNC04201,RDBECOLIGNC02601,RDBECOLIGNC04200,RDBECOLIGNC04199	ypjF;yfjZ;ypjJ;lfgB;lfgA	RDBECOLIPMC04056	lfgA	2775653			RDBECOLITFC00016	MqsA	b2646;b2645;b4548;b2644;b2643	2775919	2777782		Ecocyc:TU0-13699 
RDBECOLITUC00914	ypjA	RDBECOLIOPC00121	ypjA	RDBECOLIGNC04203	ypjA						RDBECOLITFC00080	GlaR	b2647	2782726	2778146		Ecocyc:TU0-13700 
RDBECOLITUC00915	pinH	RDBECOLIOPC01655	pinH	RDBECOLIGNC04204	pinH								b2648	2783304	2783065		Ecocyc:TU0-13701 
RDBECOLITUC00916	ypjB	RDBECOLIOPC00708	ypjB	RDBECOLIGNC04205	ypjB	RDBECOLIPMC02444	ypjBp	2784818					b2649	2784429	2783638		Ecocyc:TU0-13702 
RDBECOLITUC00917	ypjC	RDBECOLIOPC02357	ypjC	RDBECOLIGNC04206	ypjC								b2650	2785011	2784529		Ecocyc:TU0-13703 
RDBECOLITUC00918	ileY	RDBECOLIOPC01313	ileY	RDBECOLIGNC04208	ileY								b2652	2785837	2785762		Ecocyc:TU0-13704 
RDBECOLITUC00919	ygaQ	RDBECOLIOPC00431	ygaQ	RDBECOLIGNC04210	ygaQ								b4462	2786397	2788649		Ecocyc:TU0-13705 
RDBECOLITUC00920	kbp	RDBECOLIOPC01948	yqaE-kbp	RDBECOLIGNC04212	kbp	RDBECOLIPMC01737	kbpp4	2796814		sigma38			b2665	2796786	2796337		Ecocyc:TU0-13708 
RDBECOLITUC00921	yqaE	RDBECOLIOPC01948	yqaE-kbp	RDBECOLIGNC04213	yqaE	RDBECOLIPMC00262	yqaEp	2797085			RDBECOLITFC00170	CpxR	b2666	2797028	2796870		Ecocyc:TU0-13709 
RDBECOLITUC00922	ygaVP	RDBECOLIOPC00159	ygaVP	RDBECOLIGNC04215,RDBECOLIGNC04214	ygaP;ygaV								b2668;b2667	2797211	2798044		Ecocyc:TU0-13710 
RDBECOLITUC00923	ygaM	RDBECOLIOPC01592	ygaM	RDBECOLIGNC04217	ygaM	RDBECOLIPMC00135	ygaMp	2800121					b2672	2800146	2800475		Ecocyc:TU0-13711 
RDBECOLITUC00924	ygaY	RDBECOLIOPC00657	ygaY	RDBECOLIGNC04220	ygaY								b2681	2808316	2809493		Ecocyc:TU0-13712 
RDBECOLITUC00925	ygaZH	RDBECOLIOPC02417	ygaZH	RDBECOLIGNC04222,RDBECOLIGNC04221	ygaH;ygaZ								b2683;b2682	2809617	2810679		Ecocyc:TU0-13713 
RDBECOLITUC00926	gshA	RDBECOLIOPC01255	gshA	RDBECOLIGNC00411	gshA								b2688	2816439	2814883		Ecocyc:TU0-13714 
RDBECOLITUC00927	yqaBA	RDBECOLIOPC00380	yqaBA	RDBECOLIGNC04224,RDBECOLIGNC04223	yqaB;yqaA								b2690;b2689	2817503	2816512		Ecocyc:TU0-13715 
RDBECOLITUC00928	None	RDBECOLIOPC03601	csrA	RDBECOLIGNC01409	csrA	RDBECOLIPMC00136	csrAp3	2819273		sigma38	RDBECOLITFC00039	DksA	b2696	2819146	2818961		Ecocyc:TU0-13716 
RDBECOLITUC00929	pncC	RDBECOLIOPC00989	pncC	RDBECOLIGNC04225	pncC	RDBECOLIPMC03139	pncCp	2824394		sigma32			b2700	2824346	2823849		Ecocyc:TU0-13718 
RDBECOLITUC00930	mltB	RDBECOLIOPC00109	mltB	RDBECOLIGNC04226	mltB								b2701	2825576	2824491		Ecocyc:TU0-13719 
RDBECOLITUC00931	pphB	RDBECOLIOPC01641	pphB	RDBECOLIGNC04229	pphB						RDBECOLITFC00135	Nac	b2734	2859760	2860416		Ecocyc:TU0-13720 
RDBECOLITUC00932	ygbJK	RDBECOLIOPC00696	ygbJK	RDBECOLIGNC04232,RDBECOLIGNC04231	ygbK;ygbJ						RDBECOLITFC00230	YgbI	b2737;b2736	2861430	2863501		Ecocyc:TU0-13721 
RDBECOLITUC00933	ygbLM	RDBECOLIOPC02339	ygbLM	RDBECOLIGNC04234,RDBECOLIGNC04233	ygbM;ygbL								b2739;b2738	2863593	2865012		Ecocyc:TU0-13722 
RDBECOLITUC00934	ygbN	RDBECOLIOPC01298	ygbN	RDBECOLIGNC04235	ygbN								b2740	2865101	2866465		Ecocyc:TU0-13723 
RDBECOLITUC00935	ygbE	RDBECOLIOPC00419	ygbE	RDBECOLIGNC02360	ygbE								b2749	2873337	2873014		Ecocyc:TU0-13724 
RDBECOLITUC00936	casABCDE12	RDBECOLIOPC03469	casDE-ygbTF	RDBECOLIGNC04244,RDBECOLIGNC04243,RDBECOLIGNC04242,RDBECOLIGNC04241,RDBECOLIGNC04240,RDBECOLIGNC04239,RDBECOLIGNC02393	casA;casB;casC;casD;casE;cas1;cas2	RDBECOLIPMC00363	casAp	2884319		sigma70	RDBECOLITFC00020,RDBECOLITFC00212,RDBECOLITFC00212,RDBECOLITFC00212,RDBECOLITFC00212,RDBECOLITFC00189,RDBECOLITFC00136,RDBECOLITFC00066	H-NS,LeuO,LeuO,LeuO,LeuO,CRP,SlyA,StpA	b2760;b2759;b2758;b2757;b2756;b2755;b2754	2884138	2878569		Ecocyc:TU0-13725 
RDBECOLITUC00937	cas3	RDBECOLIOPC00937	cas3	RDBECOLIGNC02340	cas3	RDBECOLIPMC02607	cas3p			sigma70	RDBECOLITFC00189	CRP	b2761	2887219	2884553		Ecocyc:TU0-13726 
RDBECOLITUC00938	queD	RDBECOLIOPC00148	queD	RDBECOLIGNC04245	queD						RDBECOLITFC00135	Nac	b2765	2892214	2892579		Ecocyc:TU0-13727 
RDBECOLITUC00939	ygcNOP	RDBECOLIOPC01577	ygcNOP	RDBECOLIGNC04248,RDBECOLIGNC04247,RDBECOLIGNC04246	ygcP;ygcO;ygcN								b2768;b2767;b2766	2892657	2894771		Ecocyc:TU0-13728 
RDBECOLITUC00940	ygcRQ	RDBECOLIOPC00644	ygcRQ	RDBECOLIGNC04250,RDBECOLIGNC04249	ygcR;ygcQ								b2770;b2769	2896555	2894919		Ecocyc:TU0-13729 
RDBECOLITUC00941	ygcS	RDBECOLIOPC02399	ygcS	RDBECOLIGNC04251	ygcS						RDBECOLITFC00135	Nac	b2771	2897870	2896533		Ecocyc:TU0-13730 
RDBECOLITUC00942	ygcU	RDBECOLIOPC01242	ygcU	RDBECOLIGNC04252	ygcU								b4463	2899418	2897964		Ecocyc:TU0-13731 
RDBECOLITUC00943	ygcW	RDBECOLIOPC00369	ygcW	RDBECOLIGNC04253	ygcW						RDBECOLITFC00189	CRP	b2774	2900273	2899488		Ecocyc:TU0-13732 
RDBECOLITUC00944	yqcE-ygcE	RDBECOLIOPC01982	yqcE-ygcE	RDBECOLIGNC04254,RDBECOLIGNC02425	ygcE;yqcE								b2776;b2775	2900592	2903374		Ecocyc:TU0-13733 
RDBECOLITUC00945	rlmD	RDBECOLIOPC00977	rlmD	RDBECOLIGNC01222	rlmD	RDBECOLIPMC00143	rlmDp	2915043					b2785	2915000	2913699		Ecocyc:TU0-13735 
RDBECOLITUC00946	yqcC-truC-yqcA	RDBECOLIOPC00096	yqcC-truC-yqcA	RDBECOLIGNC04262,RDBECOLIGNC04261,RDBECOLIGNC04260	yqcC;truC;yqcA								b2792;b2791;b2790	2924113	2922535		Ecocyc:TU0-13736 
RDBECOLITUC00947	syd	RDBECOLIOPC01626	syd	RDBECOLIGNC04263	syd								b2793	2925280	2924735		Ecocyc:TU0-13737 
RDBECOLITUC00948	queF	RDBECOLIOPC00686	queF	RDBECOLIGNC04264	queF	RDBECOLIPMC00144	queFp	2925321					b2794	2925348	2926196		Ecocyc:TU0-13738 
RDBECOLITUC00949	ppnN	RDBECOLIOPC02321	ppnN	RDBECOLIGNC02236	ppnN						RDBECOLITFC00135	Nac	b2795	2926308	2927672		Ecocyc:TU0-13739 
RDBECOLITUC00950	ygdG	RDBECOLIOPC01284	ygdG	RDBECOLIGNC02235	ygdG								b2798	2931055	2931810		Ecocyc:TU0-13740 
RDBECOLITUC00951	csdAE	RDBECOLIOPC00407	csdAE	RDBECOLIGNC04267,RDBECOLIGNC04266	csdE;csdA								b2811;b2810	2943337	2944985		Ecocyc:TU0-13741 
RDBECOLITUC00952	tcdA	RDBECOLIOPC01917	tcdA	RDBECOLIGNC04268	tcdA								b2812	2945842	2945036		Ecocyc:TU0-13742 
RDBECOLITUC00953	mltA	RDBECOLIOPC00926	mltA	RDBECOLIGNC04269	mltA								b2813	2947178	2946081		Ecocyc:TU0-13743 
RDBECOLITUC00954	ptrA-recBD	RDBECOLIOPC02880	ptrA-recBD	RDBECOLIGNC00776,RDBECOLIGNC00814,RDBECOLIGNC00816	ptrA;recB;recD	RDBECOLIPMC03643	ptrAp	2959011		sigma70	RDBECOLITFC00214	LexA	b2821;b2820;b2819	2958884	2950635		Ecocyc:TU0-13744 
RDBECOLITUC00955	ppdAB-ygdB-ppdC-recC	RDBECOLIOPC01559	ppdAB-ygdB-ppdC-recC	RDBECOLIGNC01983,RDBECOLIGNC01138,RDBECOLIGNC01137,RDBECOLIGNC01136,RDBECOLIGNC00815	ppdA;ppdB;ygdB;ppdC;recC	RDBECOLIPMC03016	ppdAp	2964220		sigma28	RDBECOLITFC00052	FlhDC	b2826;b2825;b2824;b2823;b2822	2964177	2959060		Ecocyc:TU0-13745 
RDBECOLITUC00956	rppH-ptsP	RDBECOLIOPC00635	rppH-ptsP	RDBECOLIGNC04271,RDBECOLIGNC02072	rppH;ptsP	RDBECOLIPMC00562	rppHp	2968993					b2830;b2829	2968977	2966188		Ecocyc:TU0-13746 
RDBECOLITUC00957	mutH	RDBECOLIOPC02381	mutH	RDBECOLIGNC00616	mutH								b2831	2969662	2970351		Ecocyc:TU0-13747 
RDBECOLITUC00958	ygdQ	RDBECOLIOPC01227	ygdQ	RDBECOLIGNC04272	ygdQ								b2832	2970420	2971133		Ecocyc:TU0-13748 
RDBECOLITUC00959	ygdR	RDBECOLIOPC00357	ygdR	RDBECOLIGNC04273	ygdR						RDBECOLITFC00135	Nac	b2833	2971271	2971489		Ecocyc:TU0-13749 
RDBECOLITUC00960	tas	RDBECOLIOPC01965	tas	RDBECOLIGNC04274	tas								b2834	2971597	2972637		Ecocyc:TU0-13750 
RDBECOLITUC00961	aas-lplT	RDBECOLIOPC00968	aas-lplT	RDBECOLIGNC01620,RDBECOLIGNC02299	aas;lplT								b2836;b2835	2976014	2972669		Ecocyc:TU0-13751 
RDBECOLITUC00962	ygeA	RDBECOLIOPC03217	araE-ygeA	RDBECOLIGNC01139	ygeA								b2840	2980635	2979943		Ecocyc:TU0-13754 
RDBECOLITUC00963	kduD	RDBECOLIOPC01611	kduD	RDBECOLIGNC02224	kduD								b2842	2983258	2982497		Ecocyc:TU0-13755 
RDBECOLITUC00964	kduI	RDBECOLIOPC00677	kduI	RDBECOLIGNC04275	kduI						RDBECOLITFC00135	Nac	b2843	2984124	2983288		Ecocyc:TU0-13756 
RDBECOLITUC00965	yqeF	RDBECOLIOPC02301	yqeF	RDBECOLIGNC04276	yqeF						RDBECOLITFC00189	CRP	b2844	2985592	2984411		Ecocyc:TU0-13757 
RDBECOLITUC00966	yqeG	RDBECOLIOPC01270	yqeG	RDBECOLIGNC04277	yqeG								b2845	2985847	2987076		Ecocyc:TU0-13758 
RDBECOLITUC00967	yqeH	RDBECOLIOPC00398	yqeH	RDBECOLIGNC04278	yqeH								b2846	2987536	2988168		Ecocyc:TU0-13759 
RDBECOLITUC00968	yqeIJ	RDBECOLIOPC01903	yqeIJ	RDBECOLIGNC04280,RDBECOLIGNC04279	yqeJ;yqeI								b2848;b2847	2988502	2989786		Ecocyc:TU0-13760 
RDBECOLITUC00969	ygeF	RDBECOLIOPC00916	ygeF	RDBECOLIGNC04282	ygeF								b2850	2990554	2991043		Ecocyc:TU0-13761 
RDBECOLITUC00970	ygeG	RDBECOLIOPC00126	ygeG	RDBECOLIGNC04283	ygeG						RDBECOLITFC00135	Nac	b2851	2991268	2991759		Ecocyc:TU0-13762 
RDBECOLITUC00971	ygeH	RDBECOLIOPC01543	ygeH	RDBECOLIGNC04284	ygeH	RDBECOLIPMC01799	ygeHp10	2991879		sigma70	RDBECOLITFC00152	CysB	b2852	2992094	2993470		Ecocyc:TU0-13763 
RDBECOLITUC00972	ygeI	RDBECOLIOPC00621	ygeI	RDBECOLIGNC04285	ygeI								b2853	2993638	2993856		Ecocyc:TU0-13764 
RDBECOLITUC00973	pbl	RDBECOLIOPC02362	pbl	RDBECOLIGNC04286	pbl								b2854	2993939	2994441		Ecocyc:TU0-13765 
RDBECOLITUC00974	ygeLK	RDBECOLIOPC01214	ygeLK	RDBECOLIGNC04288,RDBECOLIGNC04287	ygeL;ygeK								b2856;b2855	2995092	2994460		Ecocyc:TU0-13766 
RDBECOLITUC00975	insC4D4CD4-ygeON	RDBECOLIOPC00346	insC4D4CD4-ygeON	RDBECOLIGNC04292,RDBECOLIGNC04291,RDBECOLIGNC02630,RDBECOLIGNC04290,RDBECOLIGNC04289	insC4;insD4;insCD4;ygeO;ygeN								b2861;b2860;b2859;b2858	2997600	2995314		Ecocyc:TU0-13767 
RDBECOLITUC00976	ygeP	RDBECOLIOPC01949	ygeP	RDBECOLIGNC04293	ygeP								b2862	2997988	2997689		Ecocyc:TU0-13768 
RDBECOLITUC00977	ygeQ	RDBECOLIOPC00955	ygeQ	RDBECOLIGNC04294	ygeQ								b2863	2998828	2998034		Ecocyc:TU0-13769 
RDBECOLITUC00978	glyU	RDBECOLIOPC01786	glyU	RDBECOLIGNC02474	glyU								b2864	2999057	2998984		Ecocyc:TU0-13770 
RDBECOLITUC00979	ygeR	RDBECOLIOPC01596	ygeR	RDBECOLIGNC04295	actS								b2865	2999891	2999136		Ecocyc:TU0-13771 
RDBECOLITUC00980	ygeW	RDBECOLIOPC00664	ygeW	RDBECOLIGNC04300	ygeW						RDBECOLITFC00189	CRP	b2870	3006262	3007452		Ecocyc:TU0-13773 
RDBECOLITUC00981	ygeX	RDBECOLIOPC02284	ygeX	RDBECOLIGNC04301	ygeX								b2871	3007510	3008706		Ecocyc:TU0-13774 
RDBECOLITUC00982	ygeY	RDBECOLIOPC01258	ygeY	RDBECOLIGNC04302	ygeY								b2872	3008764	3009975		Ecocyc:TU0-13775 
RDBECOLITUC00983	hyuA	RDBECOLIOPC00384	hyuA	RDBECOLIGNC04303	hyuA								b2873	3010028	3011413		Ecocyc:TU0-13776 
RDBECOLITUC00984	yqeA	RDBECOLIOPC01888	yqeA	RDBECOLIGNC04304	yqeA								b2874	3011461	3012393		Ecocyc:TU0-13777 
RDBECOLITUC00985	yqeB	RDBECOLIOPC00903	yqeB	RDBECOLIGNC04305	yqeB								b2875	3014239	3012614		Ecocyc:TU0-13778 
RDBECOLITUC00986	yqeC	RDBECOLIOPC00115	yqeC	RDBECOLIGNC04306	yqeC								b2876	3015057	3014287		Ecocyc:TU0-13779 
RDBECOLITUC00987	mocA	RDBECOLIOPC01529	mocA	RDBECOLIGNC04307	mocA								b2877	3015160	3015738		Ecocyc:TU0-13780 
RDBECOLITUC00988	ygfK-ssnA	RDBECOLIOPC00609	ygfK-ssnA	RDBECOLIGNC04309,RDBECOLIGNC04308	ssnA;ygfK	RDBECOLIPMC00330	ygfKp	3015992		sigma54			b2879;b2878	3016060	3020489		Ecocyc:TU0-13781 
RDBECOLITUC00989	ygfM-xdhD	RDBECOLIOPC02342	ygfM-xdhD	RDBECOLIGNC04311,RDBECOLIGNC04310	xdhD;ygfM								b2881;b2880	3020540	3024186		Ecocyc:TU0-13782 
RDBECOLITUC00990	xanQ-guaD-ghxQ	RDBECOLIOPC01203	xanQ-guaD-ghxQ	RDBECOLIGNC04314,RDBECOLIGNC04313,RDBECOLIGNC04312	ghxQ;guaD;xanQ								b4464;b2883;b2882	3024351	3028488		Ecocyc:TU0-13783 
RDBECOLITUC00991	ygfTS	RDBECOLIOPC00335	ygfTS	RDBECOLIGNC04316,RDBECOLIGNC04315	ygfT;ygfS								b2887;b2886	3030931	3028524		Ecocyc:TU0-13784 
RDBECOLITUC00992	uacT	RDBECOLIOPC01932	uacT	RDBECOLIGNC04317	uacT								b2888	3031367	3032815		Ecocyc:TU0-13785 
RDBECOLITUC00993	idi	RDBECOLIOPC00942	idi	RDBECOLIGNC04318	idi								b2889	3033065	3033613		Ecocyc:TU0-13786 
RDBECOLITUC00994	xerD	RDBECOLIOPC03353	xerD-dsbC-recJ	RDBECOLIGNC01059	xerD								b2894	3039743	3038847		Ecocyc:TU0-13787 
RDBECOLITUC00995	sdhE-ygfX	RDBECOLIOPC01580	sdhE-ygfX	RDBECOLIGNC04320,RDBECOLIGNC04319	sdhE;ygfX	RDBECOLIPMC00146	sdhEp	3041099					b2897;b2896	3041070	3040416		Ecocyc:TU0-13788 
RDBECOLITUC00996	yqfA	RDBECOLIOPC00650	yqfA	RDBECOLIGNC04322	trhA								b2899	3043148	3042489		Ecocyc:TU0-13789 
RDBECOLITUC00997	yqfB	RDBECOLIOPC02266	yqfB	RDBECOLIGNC04323	yqfB								b2900	3043623	3043312		Ecocyc:TU0-13790 
RDBECOLITUC00998	ygfF	RDBECOLIOPC01245	ygfF	RDBECOLIGNC04324	ygfF								b2902	3045901	3045158		Ecocyc:TU0-13791 
RDBECOLITUC00999	ygfB-pepP-ubiHI	RDBECOLIOPC00373	ygfB-pepP-ubiHI	RDBECOLIGNC01293,RDBECOLIGNC00688,RDBECOLIGNC01294,RDBECOLIGNC01303	ygfB;pepP;ubiH;ubiI	RDBECOLIPMC02461	ygfBp	3055473	RDBECOLITMC00131	sigma70			b2909;b2908;b2907;b2906	3055444	3051115	3051048-3051072	Ecocyc:TU0-13792 
RDBECOLITUC01000	zapA	RDBECOLIOPC01873	zapA	RDBECOLIGNC02412	zapA								b2910	3055612	3055941		Ecocyc:TU0-13793 
RDBECOLITUC01001	ssrS-ygfA	RDBECOLIOPC03592	ssrS-ygfA	RDBECOLIGNC01140,RDBECOLIGNC02536	fau;ssrS	RDBECOLIPMC00230	ssrSp1	3055974		sigma70	RDBECOLITFC00020,RDBECOLITFC00014,RDBECOLITFC00066,RDBECOLITFC00053	H-NS,Lrp,StpA,Fis	b2912;b2911	3055983	3056789		Ecocyc:TU0-13794 
RDBECOLITUC01002	yqfE	RDBECOLIOPC00101	yqfE	RDBECOLIGNC04325	yqfE								b2915	3059611	3059381		Ecocyc:TU0-13796 
RDBECOLITUC01003	ygfI	RDBECOLIOPC01514	ygfI	RDBECOLIGNC04328	srsR						RDBECOLITFC00135	Nac	b2921	3067173	3066277		Ecocyc:TU0-13798 
RDBECOLITUC01004	argO	RDBECOLIOPC00593	argO	RDBECOLIGNC01141	argO	RDBECOLIPMC03269	argOp	3068836		sigma70	RDBECOLITFC00014,RDBECOLITFC00014,RDBECOLITFC00014,RDBECOLITFC00076,RDBECOLITFC00076	Lrp,Lrp,Lrp,ArgP,ArgP	b2923	3068808	3068173		Ecocyc:TU0-13799 
RDBECOLITUC01005	mscS	RDBECOLIOPC02324	mscS	RDBECOLIGNC01142	mscS	RDBECOLIPMC00148	mscSp	3069871					b2924	3069807	3068947		Ecocyc:TU0-13800 
RDBECOLITUC01006	cmtBA-yggPF-fumE-yggC	RDBECOLIOPC02657	cmtBA-yggPF-fumE-yggC	RDBECOLIGNC01722,RDBECOLIGNC01723,RDBECOLIGNC04329,RDBECOLIGNC01220,RDBECOLIGNC01144,RDBECOLIGNC01143	cmtB;cmtA;yggP;yggF;fumE;yggC								b2934;b2933;b4465;b2930;b2929;b2928	3079330	3073976		Ecocyc:TU0-13801 
RDBECOLITUC01007	tktA	RDBECOLIOPC00323	tktA	RDBECOLIGNC01390	tktA	RDBECOLIPMC00149	tktAp	3081707					b2935	3081635	3079644		Ecocyc:TU0-13802 
RDBECOLITUC01008	yggI	RDBECOLIOPC01916	yggI	RDBECOLIGNC02020	yggI								b2944	3089755	3090252		Ecocyc:TU0-13804 
RDBECOLITUC01009	rsmE-gshB	RDBECOLIOPC00931	rsmE-gshB	RDBECOLIGNC00412,RDBECOLIGNC02229	gshB;rsmE								b2947;b2946	3091134	3092828		Ecocyc:TU0-13805 
RDBECOLITUC01010	yqgEF	RDBECOLIOPC00054	yqgEF	RDBECOLIGNC04334,RDBECOLIGNC04333	yqgF;yqgE								b2949;b2948	3092937	3093916		Ecocyc:TU0-13806 
RDBECOLITUC01011	yggSTU-rdgB-hemW	RDBECOLIOPC01562	yggSTU-rdgB-hemW	RDBECOLIGNC04340,RDBECOLIGNC04339,RDBECOLIGNC04338,RDBECOLIGNC04337,RDBECOLIGNC04336	hemW;rdgB;yggU;yggT;yggS								b2955;b2954;b2953;b2952;b2951	3095098	3098403		Ecocyc:TU0-13807 
RDBECOLITUC01012	yggM	RDBECOLIOPC00640	yggM	RDBECOLIGNC02358	yggM								b2956	3099565	3098558		Ecocyc:TU0-13808 
RDBECOLITUC01013	trmB-yggL	RDBECOLIOPC02248	trmB-yggL	RDBECOLIGNC01710,RDBECOLIGNC02291	trmB;yggL								b2960;b2959	3102852	3101807		Ecocyc:TU0-13809 
RDBECOLITUC01014	yqgA	RDBECOLIOPC01230	yqgA	RDBECOLIGNC04343	yqgA								b2966	3109553	3110260		Ecocyc:TU0-13810 
RDBECOLITUC01015	yghED	RDBECOLIOPC00362	yghED	RDBECOLIGNC04345,RDBECOLIGNC04344	yghE;yghD								b2969;b2968	3111988	3110590		Ecocyc:TU0-13811 
RDBECOLITUC01016	yghG	RDBECOLIOPC01857	yghG	RDBECOLIGNC04347	yghG						RDBECOLITFC00135	Nac	b2971	3113477	3113067		Ecocyc:TU0-13813 
RDBECOLITUC01017	pppA	RDBECOLIOPC00874	pppA	RDBECOLIGNC04348	pppA								b2972	3114352	3113543		Ecocyc:TU0-13814 
RDBECOLITUC01018	yghJ	RDBECOLIOPC00091	yghJ	RDBECOLIGNC04349	yghJ						RDBECOLITFC00179	PdeL	b4466	3119112	3114550		Ecocyc:TU0-13815 
RDBECOLITUC01019	yghQ	RDBECOLIOPC01496	yghQ	RDBECOLIGNC04357	yghQ								b2983	3132408	3131341		Ecocyc:TU0-13816 
RDBECOLITUC01020	yghSR	RDBECOLIOPC00579	yghSR	RDBECOLIGNC04359,RDBECOLIGNC04358	yghS;yghR						RDBECOLITFC00212	LeuO	b2985;b2984	3133957	3132454		Ecocyc:TU0-13817 
RDBECOLITUC01021	pitB	RDBECOLIOPC02304	pitB	RDBECOLIGNC02417	pitB	RDBECOLIPMC03013	pitBp	3136403		sigma70	RDBECOLITFC00202	PhoB	b2987	3136371	3134872		Ecocyc:TU0-13818 
RDBECOLITUC01022	gss	RDBECOLIOPC01176	gss	RDBECOLIGNC02416	gss	RDBECOLIPMC00150	gssp	3138610					b2988	3138522	3136663		Ecocyc:TU0-13819 
RDBECOLITUC01023	yghW	RDBECOLIOPC00311	yghW	RDBECOLIGNC04363	yghW								b2998	3146737	3146450		Ecocyc:TU0-13820 
RDBECOLITUC01024	yghX	RDBECOLIOPC01902	yghX	RDBECOLIGNC04364	yghX								b4658	3147691	3146856		Ecocyc:TU0-13821 
RDBECOLITUC01025	yghB	RDBECOLIOPC00921	yghB	RDBECOLIGNC01753	yghB	RDBECOLIPMC00152	yghBp	3153529					b3009	3153563	3154222		Ecocyc:TU0-13822 
RDBECOLITUC01026	yqhD-dkgA	RDBECOLIOPC03561	yqhD-dkgA	RDBECOLIGNC04371,RDBECOLIGNC04370	dkgA;yqhD	RDBECOLIPMC00494	yqhDp	3155302		sigma70	RDBECOLITFC00093,RDBECOLITFC00171,RDBECOLITFC00171	Fur,YqhC,YqhC	b3012;b3011	3155355	3157450		Ecocyc:TU0-13823 
RDBECOLITUC01027	None	RDBECOLIOPC03561	yqhD-dkgA	RDBECOLIGNC04371	dkgA	RDBECOLIPMC00153	dkgAp	3156571		sigma38			b3012	3156623	3157450		Ecocyc:TU0-13824 
RDBECOLITUC01028	yqhG	RDBECOLIOPC00627	yqhG	RDBECOLIGNC04372	yqhG	RDBECOLIPMC02480	yqhGp	3157545			RDBECOLITFC00095	RcsB-BglJ	b3013	3157650	3158576		Ecocyc:TU0-13825 
RDBECOLITUC01029	yqhH	RDBECOLIOPC02228	yqhH	RDBECOLIGNC04373	yqhH								b3014	3158627	3158884		Ecocyc:TU0-13826 
RDBECOLITUC01030	ygiQ	RDBECOLIOPC01217	ygiQ	RDBECOLIGNC04374	ygiQ								b4469	3161146	3158927		Ecocyc:TU0-13827 
RDBECOLITUC01031	ftsP	RDBECOLIOPC00351	ftsP	RDBECOLIGNC01343	ftsP								b3017	3162669	3161257		Ecocyc:TU0-13828 
RDBECOLITUC01032	plsC	RDBECOLIOPC01841	plsC	RDBECOLIGNC01344	plsC								b3018	3163481	3162744		Ecocyc:TU0-13829 
RDBECOLITUC01033	parC	RDBECOLIOPC00859	parC	RDBECOLIGNC00678	parC								b3019	3165973	3163715		Ecocyc:TU0-13830 
RDBECOLITUC01034	ygiS	RDBECOLIOPC00081	ygiS	RDBECOLIGNC04375	ygiS								b3020	3167718	3166111		Ecocyc:TU0-13831 
RDBECOLITUC01035	mqsRA	RDBECOLIOPC03047	mqsRA	RDBECOLIGNC04377,RDBECOLIGNC04376	mqsR;mqsA	RDBECOLIPMC00304	mqsRp1	3168653		sigma70	RDBECOLITFC00016,RDBECOLITFC00016	MqsA,MqsA	b3022;b3021	3168544	3167851		Ecocyc:TU0-13832 
RDBECOLITUC01036	ygiV	RDBECOLIOPC00568	ygiV	RDBECOLIGNC04378	ygiV						RDBECOLITFC00080	GlaR	b3023	3169231	3168749		Ecocyc:TU0-13833 
RDBECOLITUC01037	ygiW	RDBECOLIOPC02287	ygiW	RDBECOLIGNC04379	ygiW								b3024	3169676	3169284		Ecocyc:TU0-13834 
RDBECOLITUC01038	mdaB	RDBECOLIOPC01160	mdaB	RDBECOLIGNC02341	mdaB						RDBECOLITFC00074,RDBECOLITFC00051,RDBECOLITFC00201	MarA,Rob,SoxS	b3028	3172530	3173111		Ecocyc:TU0-13835 
RDBECOLITUC01039	ygiN	RDBECOLIOPC00299	ygiN	RDBECOLIGNC02342	ygiN						RDBECOLITFC00135	Nac	b3029	3173142	3173456		Ecocyc:TU0-13836 
RDBECOLITUC01040	nudF-yqiB-cpdA-yqiA-parE	RDBECOLIOPC01887	nudF-yqiB-cpdA-yqiA-parE	RDBECOLIGNC02339,RDBECOLIGNC04384,RDBECOLIGNC04383,RDBECOLIGNC04382,RDBECOLIGNC00679	nudF;yqiB;cpdA;yqiA;parE						RDBECOLITFC00112	CreB	b3034;b3033;b3032;b3031;b3030	3177910	3173504		Ecocyc:TU0-13837 
RDBECOLITUC01041	tolC-ygiBC	RDBECOLIOPC01896	tolC-ygiBC	RDBECOLIGNC01147,RDBECOLIGNC01146,RDBECOLIGNC00997	ygiC;ygiB;tolC	RDBECOLIPMC00224	tolCp4	3178074		sigma38	RDBECOLITFC00074,RDBECOLITFC00201,RDBECOLITFC00051	MarA,SoxS,Rob	b3038;b3037;b3035	3178115	3181581		Ecocyc:TU0-13838 
RDBECOLITUC01042	sroG-ribB	RDBECOLIOPC00038	sroG-ribB	RDBECOLIGNC02924,RDBECOLIGNC00458	sroG;ribB	RDBECOLIPMC00154	ribBp	3184718	RDBECOLITMC00148				b3041	3184718	3183813	3184478-3184520	Ecocyc:TU0-13839 
RDBECOLITUC01043	ubiK	RDBECOLIOPC01531	ubiK	RDBECOLIGNC04385	ubiK								b3042	3184840	3185130		Ecocyc:TU0-13841 
RDBECOLITUC01044	ygiL	RDBECOLIOPC00613	ygiL	RDBECOLIGNC02226	ygiL								b3043	3185414	3185965		Ecocyc:TU0-13842 
RDBECOLITUC01045	insC5CD5D5-yqiHIG	RDBECOLIOPC02210	insC5CD5D5-yqiHIG	RDBECOLIGNC04390,RDBECOLIGNC04389,RDBECOLIGNC04388,RDBECOLIGNC04387,RDBECOLIGNC04386,RDBECOLIGNC02631	yqiI;yqiH;yqiG;insD5;insC5;insCD5	RDBECOLIPMC02409	insC-5p	3186040		sigma38			b3048;b3047;b3046;b3045;b3044	3186025	3191696		Ecocyc:TU0-13843 
RDBECOLITUC01046	yqiJK	RDBECOLIOPC01205	yqiJK	RDBECOLIGNC04392,RDBECOLIGNC04391	yqiK;yqiJ								b3051;b3050	3192208	3194525		Ecocyc:TU0-13844 
RDBECOLITUC01047	sibD	RDBECOLIOPC00339	sibD	RDBECOLIGNC02912	sibD	RDBECOLIPMC00254	sibDp	3194865		sigma70			b4447	3194865	3194721		Ecocyc:TU0-13845 
RDBECOLITUC01048	hldE	RDBECOLIOPC01827	hldE	RDBECOLIGNC04393	hldE								b3052	3196753	3195320		Ecocyc:TU0-13846 
RDBECOLITUC01049	ygiF-glnE	RDBECOLIOPC00847	ygiF-glnE	RDBECOLIGNC01550,RDBECOLIGNC01549	ygiF;glnE								b3054;b3053	3200965	3196801		Ecocyc:TU0-13847 
RDBECOLITUC01050	folB	RDBECOLIOPC00069	folB	RDBECOLIGNC01614	folB								b3058	3204589	3204221		Ecocyc:TU0-13848 
RDBECOLITUC01051	ebgR	RDBECOLIOPC01466	ebgR	RDBECOLIGNC00248	ebgR	RDBECOLIPMC00155	ebgRp	3221437					b3075	3221466	3222449		Ecocyc:TU0-13850 
RDBECOLITUC01052	ygjI	RDBECOLIOPC00555	ygjI	RDBECOLIGNC02368	ygjI						RDBECOLITFC00135,RDBECOLITFC00080	Nac,GlaR	b3078	3226234	3227667		Ecocyc:TU0-13851 
RDBECOLITUC01053	ygjJK	RDBECOLIOPC02269	ygjJK	RDBECOLIGNC04400,RDBECOLIGNC04399	ygjK;ygjJ								b3080;b3079	3227801	3231239		Ecocyc:TU0-13852 
RDBECOLITUC01054	fadH	RDBECOLIOPC01147	fadH	RDBECOLIGNC02967	fadH	RDBECOLIPMC00500	fadHp	3231624			RDBECOLITFC00126,RDBECOLITFC00098,RDBECOLITFC00189,RDBECOLITFC00220	FadR,ArcA,CRP,HipB	b3081	3231665	3233683		Ecocyc:TU0-13853 
RDBECOLITUC01055	higBA	RDBECOLIOPC00289	higBA	RDBECOLIGNC04402,RDBECOLIGNC04401	higB;higA	RDBECOLIPMC02419	higBp	3234480		sigma70	RDBECOLITFC00194,RDBECOLITFC00122,RDBECOLITFC00122	HigA,HigBA,HigBA	b3083;b3082	3234455	3233728		Ecocyc:TU0-13854 
RDBECOLITUC01056	rlmG	RDBECOLIOPC01872	rlmG	RDBECOLIGNC04403	rlmG								b3084	3235875	3234739		Ecocyc:TU0-13855 
RDBECOLITUC01057	ygjP	RDBECOLIOPC00894	ygjP	RDBECOLIGNC04404	ygjP								b3085	3235960	3236463		Ecocyc:TU0-13856 
RDBECOLITUC01058	ygjQ	RDBECOLIOPC00025	ygjQ	RDBECOLIGNC04405	ygjQ								b3086	3236540	3237232		Ecocyc:TU0-13857 
RDBECOLITUC01059	ygjR	RDBECOLIOPC01517	ygjR	RDBECOLIGNC04406	ygjR	RDBECOLIPMC00156	ygjRp	3237282					b3087	3237311	3238297		Ecocyc:TU0-13858 
RDBECOLITUC01060	alx	RDBECOLIOPC00599	alx	RDBECOLIGNC04407	alx								b3088	3238580	3239545		Ecocyc:TU0-13859 
RDBECOLITUC01061	sstT	RDBECOLIOPC02193	sstT	RDBECOLIGNC02369	sstT	RDBECOLIPMC00157	sstTp	3239863					b3089	3239944	3241188		Ecocyc:TU0-13860 
RDBECOLITUC01062	ygjV	RDBECOLIOPC01193	ygjV	RDBECOLIGNC04408	ygjV								b3090	3241744	3241193		Ecocyc:TU0-13861 
RDBECOLITUC01063	yqjCDEK	RDBECOLIOPC03531	yqjCDEK	RDBECOLIGNC04414,RDBECOLIGNC04413,RDBECOLIGNC04412,RDBECOLIGNC04411	yqjK;yqjE;yqjD;yqjC	RDBECOLIPMC04054	yqjCp	3248887		sigma28			b3100;b3099;b3098;b3097	3248969	3250376		Ecocyc:TU0-13863 
RDBECOLITUC01064	yqjF	RDBECOLIOPC01812	yqjF	RDBECOLIGNC04415	yqjF						RDBECOLITFC00185	YhaJ	b3101	3250562	3250954		Ecocyc:TU0-13864 
RDBECOLITUC01065	yqjG	RDBECOLIOPC00834	yqjG	RDBECOLIGNC04416	yqjG								b3102	3251024	3252010		Ecocyc:TU0-13865 
RDBECOLITUC01066	yhaH	RDBECOLIOPC00059	yhaH	RDBECOLIGNC04417	yhaH								b3103	3252304	3252669		Ecocyc:TU0-13866 
RDBECOLITUC01067	yhaI	RDBECOLIOPC01453	yhaI	RDBECOLIGNC04418	yhaI						RDBECOLITFC00135	Nac	b3104	3252911	3253267		Ecocyc:TU0-13867 
RDBECOLITUC01068	yhaKL	RDBECOLIOPC00545	yhaKL	RDBECOLIGNC04421,RDBECOLIGNC04420	yhaL;yhaK						RDBECOLITFC00185	YhaJ	b3107;b3106	3254319	3255207		Ecocyc:TU0-13868 
RDBECOLITUC01069	cyuPA	RDBECOLIOPC02251	cyuPA	RDBECOLIGNC02373,RDBECOLIGNC04422	cyuP;cyuA						RDBECOLITFC00047	DecR	b3110;b4470	3258010	3255341		Ecocyc:TU0-13869 
RDBECOLITUC01070	tdcR	RDBECOLIOPC01135	tdcR	RDBECOLIGNC00980	tdcR						RDBECOLITFC00135	Nac	b3119	3267380	3267598		Ecocyc:TU0-13870 
RDBECOLITUC01071	yhaBC	RDBECOLIOPC00279	yhaBC	RDBECOLIGNC01155,RDBECOLIGNC01154	yhaC;yhaB								b3121;b3120	3267854	3269602		Ecocyc:TU0-13871 
RDBECOLITUC01072	sohA-yhaV	RDBECOLIOPC01856	sohA-yhaV	RDBECOLIGNC04426,RDBECOLIGNC00943	yhaV;prlF	RDBECOLIPMC03123	sohAp	3276972		sigma70			b3130;b3129	3277002	3277801		Ecocyc:TU0-13872 
RDBECOLITUC01073	yraH	RDBECOLIOPC00879	yraH	RDBECOLIGNC04434	yraH						RDBECOLITFC00135	Nac	b3142	3287426	3288010		Ecocyc:TU0-13873 
RDBECOLITUC01074	yraIJK	RDBECOLIOPC00011	yraIJK	RDBECOLIGNC04437,RDBECOLIGNC04436,RDBECOLIGNC04435	yraK;yraJ;yraI								b3145;b3144;b3143	3288090	3292432		Ecocyc:TU0-13874 
RDBECOLITUC01075	yraQ	RDBECOLIOPC01499	yraQ	RDBECOLIGNC04442	yraQ								b3151	3298138	3297098		Ecocyc:TU0-13875 
RDBECOLITUC01076	yraR	RDBECOLIOPC00585	yraR	RDBECOLIGNC04443	yraR	RDBECOLIPMC00564	yraRp	3298897					b3152	3298846	3298211		Ecocyc:TU0-13876 
RDBECOLITUC01077	ubiT-yhbS	RDBECOLIOPC03434	ubiT-yhbS	RDBECOLIGNC04448,RDBECOLIGNC04447	ubiT;yhbS	RDBECOLIPMC00158	ubiTp1	3301368					b3157;b3156	3301276	3300255		Ecocyc:TU0-13877 
RDBECOLITUC01078	ubiUV	RDBECOLIOPC01179	ubiUV	RDBECOLIGNC04450,RDBECOLIGNC04449	ubiV;ubiU								b3159;b3158	3301485	3303367		Ecocyc:TU0-13878 
RDBECOLITUC01079	yhbW	RDBECOLIOPC00316	yhbW	RDBECOLIGNC04451	yhbW						RDBECOLITFC00074,RDBECOLITFC00051,RDBECOLITFC00201	MarA,Rob,SoxS	b3160	3303448	3304455		Ecocyc:TU0-13879 
RDBECOLITUC01080	deaD	RDBECOLIOPC01795	yrbN-deaD	RDBECOLIGNC00209	deaD								b3162	3307860	3305971		Ecocyc:TU0-13880 
RDBECOLITUC01081	nlpI	RDBECOLIOPC00822	nlpI	RDBECOLIGNC02234	nlpI								b3163	3308924	3308040		Ecocyc:TU0-13881 
RDBECOLITUC01082	yhbX	RDBECOLIOPC00049	yhbX	RDBECOLIGNC04452	yhbX						RDBECOLITFC00135	Nac	b3173	3321613	3319988		Ecocyc:TU0-13882 
RDBECOLITUC01083	folP-glmM	RDBECOLIOPC01440	folP-glmM	RDBECOLIGNC02565,RDBECOLIGNC01505	folP;glmM								b3177;b3176	3324911	3322733		Ecocyc:TU0-13883 
RDBECOLITUC01085	ispB	RDBECOLIOPC02231	ispB	RDBECOLIGNC00015	ispB						RDBECOLITFC00135	Nac	b3187	3333710	3334681		Ecocyc:TU0-13885 
RDBECOLITUC01086	sfsB	RDBECOLIOPC01119	sfsB	RDBECOLIGNC00648	sfsB	RDBECOLIPMC02482	sfsBp	3334858			RDBECOLITFC00095	RcsB-BglJ	b3188	3334909	3335187		Ecocyc:TU0-13886 
RDBECOLITUC01087	murA	RDBECOLIOPC03588	ibaG-murA	RDBECOLIGNC01326	murA								b3189	3336494	3335235		Ecocyc:TU0-13887 
RDBECOLITUC01088	ibaG	RDBECOLIOPC03588	ibaG-murA	RDBECOLIGNC04454	ibaG	RDBECOLIPMC00505	ibaGp2	3336886		sigma24	RDBECOLITFC00029	MlrA	b3190	3336803	3336549		Ecocyc:TU0-13888 
RDBECOLITUC01089	mlaFEDCB	RDBECOLIOPC03196	mlaFEDCB	RDBECOLIGNC02383,RDBECOLIGNC02382,RDBECOLIGNC02381,RDBECOLIGNC04456,RDBECOLIGNC04455	mlaF;mlaE;mlaD;mlaC;mlaB	RDBECOLIPMC02546	mlaFp2	3340121			RDBECOLITFC00074	MarA	b3195;b3194;b3193;b3192;b3191	3340065	3336963		Ecocyc:TU0-13889 
RDBECOLITUC01090	elbB-mtgA	RDBECOLIOPC02594	elbB-mtgA	RDBECOLIGNC01349,RDBECOLIGNC04462	elbB;mtgA								b3209;b3208	3350459	3349081		Ecocyc:TU0-13890 
RDBECOLITUC01091	yhcC	RDBECOLIOPC01482	yhcC	RDBECOLIGNC04463	yhcC						RDBECOLITFC00109,RDBECOLITFC00135	ArgR,Nac	b3211	3354050	3353121		Ecocyc:TU0-13891 
RDBECOLITUC01092	yhcADE	RDBECOLIOPC03563	yhcADE	RDBECOLIGNC04465,RDBECOLIGNC04464,RDBECOLIGNC01469	yhcE;yhcD;yhcA								b4569;b3216;b3215	3362112	3366929		Ecocyc:TU0-13892 
RDBECOLITUC01093	yhcF	RDBECOLIOPC03563	yhcADE	RDBECOLIGNC04467	yhcF								b3219	3366926	3367642		Ecocyc:TU0-13893 
RDBECOLITUC01094	yhcG	RDBECOLIOPC01162	yhcG	RDBECOLIGNC04468	yhcG								b3220	3367827	3368954		Ecocyc:TU0-13894 
RDBECOLITUC01095	nanR	RDBECOLIOPC00305	nanR	RDBECOLIGNC04472	nanR								b3226	3374489	3373698		Ecocyc:TU0-13895 
RDBECOLITUC01096	zapE	RDBECOLIOPC01781	zapE	RDBECOLIGNC04474	zapE								b3232	3379997	3378870		Ecocyc:TU0-13896 
RDBECOLITUC01097	yhcB	RDBECOLIOPC00809	yhcB	RDBECOLIGNC04475	yhcB	RDBECOLIPMC00162	yhcBp	3380182					b3233	3380191	3380589		Ecocyc:TU0-13897 
RDBECOLITUC01098	degQS	RDBECOLIOPC02816	degQS	RDBECOLIGNC01594,RDBECOLIGNC04476	degS;degQ	RDBECOLIPMC00163	degQp1	3380654					b3235;b3234	3380743	3383267		Ecocyc:TU0-13898 
RDBECOLITUC01099	yhcN	RDBECOLIOPC01427	yhcN	RDBECOLIGNC04477	yhcN								b3238	3385538	3385801		Ecocyc:TU0-13899 
RDBECOLITUC01100	yhcO	RDBECOLIOPC00524	yhcO	RDBECOLIGNC04478	yhcO								b3239	3386129	3385857		Ecocyc:TU0-13900 
RDBECOLITUC01101	aaeXAB	RDBECOLIOPC02213	aaeXAB	RDBECOLIGNC04481,RDBECOLIGNC04480,RDBECOLIGNC04479	aaeX;aaeA;aaeB	RDBECOLIPMC00565	aaeXp	3389430			RDBECOLITFC00189,RDBECOLITFC00228	CRP,AaeR	b3242;b3241;b3240	3389337	3386221		Ecocyc:TU0-13901 
RDBECOLITUC01102	tldD	RDBECOLIOPC01106	tldD	RDBECOLIGNC04483	tldD								b3244	3392028	3390583		Ecocyc:TU0-13902 
RDBECOLITUC01103	yhdP	RDBECOLIOPC00257	yhdP	RDBECOLIGNC04484	yhdP								b4472	3396258	3392458		Ecocyc:TU0-13903 
RDBECOLITUC01104	csrD	RDBECOLIOPC01826	csrD	RDBECOLIGNC00016	csrD								b3252	3403332	3401392		Ecocyc:TU0-13904 
RDBECOLITUC01105	yhdJ	RDBECOLIOPC00850	yhdJ	RDBECOLIGNC01453	yhdJ								b3262	3411653	3412537		Ecocyc:TU0-13905 
RDBECOLITUC01106	yhdU	RDBECOLIOPC02574	yhdU	RDBECOLIGNC04487	yhdU								b3263	3412621	3412800		Ecocyc:TU0-13906 
RDBECOLITUC01107	yhdV	RDBECOLIOPC01469	yhdV	RDBECOLIGNC04488	yhdV						RDBECOLITFC00135	Nac	b3267	3418390	3418611		Ecocyc:TU0-13907 
RDBECOLITUC01108	trkA	RDBECOLIOPC00559	trkA	RDBECOLIGNC01007	trkA	RDBECOLIPMC03164	trkAp						b3290	3436518	3437894		Ecocyc:TU0-13908 
RDBECOLITUC01109	mscL	RDBECOLIOPC02141	mscL	RDBECOLIGNC01161	mscL	RDBECOLIPMC00164	mscLp	3438001					b3291	3438024	3438434		Ecocyc:TU0-13909 
RDBECOLITUC01110	arfA	RDBECOLIOPC01150	arfA	RDBECOLIGNC02602	arfA	RDBECOLIPMC02015	arfAp3	3438673	RDBECOLITMC00117	sigma70			b4550	3438649	3438431	3438444-3438504	Ecocyc:TU0-13910 
RDBECOLITUC01111	yhdN-zntR	RDBECOLIOPC00292	yhdN-zntR	RDBECOLIGNC01892,RDBECOLIGNC01891	yhdN;zntR	RDBECOLIPMC03143	yhdNp	3439546		sigma32			b3293;b3292	3439509	3438705		Ecocyc:TU0-13911 
RDBECOLITUC01112	gspCDEFGHIJKLMO	RDBECOLIOPC02619	gspCDEFGHIJKLMO	RDBECOLIGNC01327,RDBECOLIGNC02063,RDBECOLIGNC04503,RDBECOLIGNC04502,RDBECOLIGNC04501,RDBECOLIGNC04500,RDBECOLIGNC04499,RDBECOLIGNC04498,RDBECOLIGNC04497,RDBECOLIGNC04496,RDBECOLIGNC04495,RDBECOLIGNC04494	gspO;gspM;gspL;gspK;gspJ;gspI;gspH;gspG;gspF;gspE;gspD;gspC	RDBECOLIPMC03040	gspCp3	3455531		sigma70	RDBECOLITFC00093,RDBECOLITFC00020	Fur,H-NS	b3335;b3334;b3333;b3332;b3331;b3330;b3329;b3328;b3327;b3326;b3325;b3324	3455578	3466220		Ecocyc:TU0-13913 
RDBECOLITUC01113	bfd-bfr	RDBECOLIOPC00795	bfd-bfr	RDBECOLIGNC01162,RDBECOLIGNC00109	bfd;bfr								b3337;b3336	3466991	3466249		Ecocyc:TU0-13914 
RDBECOLITUC01114	yheO-tusDCB	RDBECOLIOPC01924	yheO-tusDCB	RDBECOLIGNC04507,RDBECOLIGNC04506,RDBECOLIGNC04505,RDBECOLIGNC04504	yheO;tusD;tusC;tusB	RDBECOLIPMC00166	yheOp1	3476506					b3346;b3345;b3344;b3343	3476440	3474678		Ecocyc:TU0-13915 
RDBECOLITUC01115	slyD	RDBECOLIOPC01413	slyD	RDBECOLIGNC01604	slyD								b3349	3478497	3477907		Ecocyc:TU0-13917 
RDBECOLITUC01116	kefGB-yheV	RDBECOLIOPC00513	kefGB-yheV	RDBECOLIGNC04509,RDBECOLIGNC02439,RDBECOLIGNC02603	kefG;kefB;yheV								b3351;b3350;b4551	3481161	3478592		Ecocyc:TU0-13918 
RDBECOLITUC01117	yheSTU	RDBECOLIOPC02194	yheSTU	RDBECOLIGNC04511,RDBECOLIGNC04510,RDBECOLIGNC02418	yheU;yheT;yheS								b3354;b3353;b3352	3481289	3484436		Ecocyc:TU0-13919 
RDBECOLITUC01118	prkB	RDBECOLIOPC01093	prkB	RDBECOLIGNC02228	prkB	RDBECOLIPMC00168	prkBp	3484311					b3355	3484490	3485359		Ecocyc:TU0-13920 
RDBECOLITUC01119	tsgA	RDBECOLIOPC00240	tsgA	RDBECOLIGNC01236	tsgA	RDBECOLIPMC00169	tsgAp	3492519			RDBECOLITFC00038	NsrR	b3364	3492568	3493749		Ecocyc:TU0-13922 
RDBECOLITUC01120	yhfL	RDBECOLIOPC01809	yhfL	RDBECOLIGNC04513	yhfL						RDBECOLITFC00135	Nac	b3369	3499448	3499615		Ecocyc:TU0-13923 
RDBECOLITUC01121	yhfXW-php-yhfUTS	RDBECOLIOPC00837	yhfXW-php-yhfUTS	RDBECOLIGNC04523,RDBECOLIGNC04522,RDBECOLIGNC04521,RDBECOLIGNC04520,RDBECOLIGNC04519,RDBECOLIGNC04518	yhfX;yhfW;php;yhfU;yhfT;yhfS						RDBECOLITFC00057	Cra	b3381;b3380;b3379;b3378;b3377;b3376	3510976	3504935		Ecocyc:TU0-13924 
RDBECOLITUC01122	yhfZY	RDBECOLIOPC02553	yhfZY	RDBECOLIGNC04525,RDBECOLIGNC04524	yhfZ;yhfY								b3383;b3382	3512344	3511060		Ecocyc:TU0-13925 
RDBECOLITUC01123	hofQ	RDBECOLIOPC01454	hofQ	RDBECOLIGNC02012	hofQ								b3391	3520703	3519465		Ecocyc:TU0-13926 
RDBECOLITUC01124	hofMNOP	RDBECOLIOPC00548	hofMNOP	RDBECOLIGNC04529,RDBECOLIGNC04528,RDBECOLIGNC04527,RDBECOLIGNC04526	hofM;hofN;hofO;hofP	RDBECOLIPMC00283	hofMp	3522928		sigma38	RDBECOLITFC00189,RDBECOLITFC00189	CRP,CRP	b3395;b3394;b3393;b3392	3522751	3520615		Ecocyc:TU0-13927 
RDBECOLITUC01125	igaA	RDBECOLIOPC02119	igaA	RDBECOLIGNC04531	igaA								b3398	3526469	3528604		Ecocyc:TU0-13928 
RDBECOLITUC01126	yrfG-hslR	RDBECOLIOPC02818	hslR-hslO	RDBECOLIGNC04533,RDBECOLIGNC04532	hslR;yrfG	RDBECOLIPMC03246	yrfGp			sigma32			b3400;b3399	3528669	3529749		Ecocyc:TU0-13929 
RDBECOLITUC01127	hslO	RDBECOLIOPC02818	hslR-hslO	RDBECOLIGNC04534	hslO								b3401	3529774	3530652		Ecocyc:TU0-13930 
RDBECOLITUC01128	greB	RDBECOLIOPC01748	greB	RDBECOLIGNC01529	greB						RDBECOLITFC00135	Nac	b3406	3536812	3537288		Ecocyc:TU0-13931 
RDBECOLITUC01129	yhgF	RDBECOLIOPC00781	yhgF	RDBECOLIGNC04536	yhgF								b3407	3537385	3539706		Ecocyc:TU0-13932 
RDBECOLITUC01130	rpnA	RDBECOLIOPC00016	rpnA	RDBECOLIGNC01686	rpnA								b3411	3543167	3544045		Ecocyc:TU0-13933 
RDBECOLITUC01131	yzgL	RDBECOLIOPC01398	yzgL	RDBECOLIGNC04541	yzgL								b3427	3564005	3563724		Ecocyc:TU0-13934 
RDBECOLITUC01132	asd	RDBECOLIOPC00502	asd	RDBECOLIGNC00084	asd						RDBECOLITFC00076	ArgP	b3433	3574878	3573775		Ecocyc:TU0-13935 
RDBECOLITUC01133	yhhW	RDBECOLIOPC02172	yhhW	RDBECOLIGNC04543	yhhW						RDBECOLITFC00185	YhaJ	b3439	3579645	3578950		Ecocyc:TU0-13936 
RDBECOLITUC01134	yhhX	RDBECOLIOPC01085	yhhX	RDBECOLIGNC04544	yhhX								b3440	3580805	3579768		Ecocyc:TU0-13937 
RDBECOLITUC01135	yhhZ-yrhA-insA6AB6B6	RDBECOLIOPC00225	yhhZ-yrhA-insA6AB6B6	RDBECOLIGNC04549,RDBECOLIGNC04548,RDBECOLIGNC02626,RDBECOLIGNC04547,RDBECOLIGNC04546	insB6;insA6;insAB6;yrhA;yhhZ								b3445;b3444;b3443;b3442	3581863	3584309		Ecocyc:TU0-13940 
RDBECOLITUC01136	yrhB	RDBECOLIOPC01792	yrhB	RDBECOLIGNC04550	yrhB						RDBECOLITFC00135	Nac	b3446	3584759	3585043		Ecocyc:TU0-13941 
RDBECOLITUC01137	rsmD-yhhL	RDBECOLIOPC00823	rsmD-yhhL	RDBECOLIGNC02094,RDBECOLIGNC00337	yhhL;rsmD								b3466;b3465	3604393	3605248		Ecocyc:TU0-13942 
RDBECOLITUC01138	yhhN	RDBECOLIOPC02531	yhhN	RDBECOLIGNC02096	yhhN								b3468	3605751	3606377		Ecocyc:TU0-13943 
RDBECOLITUC01139	yhhQ	RDBECOLIOPC01439	yhhQ	RDBECOLIGNC02099	yhhQ						RDBECOLITFC00135	Nac	b3471	3609217	3609882		Ecocyc:TU0-13944 
RDBECOLITUC01140	dcrB	RDBECOLIOPC00538	dcrB	RDBECOLIGNC04551	dcrB								b3472	3609955	3610512		Ecocyc:TU0-13945 
RDBECOLITUC01141	yhhT	RDBECOLIOPC02099	yhhT	RDBECOLIGNC02101	yhhT								b3474	3611865	3612914		Ecocyc:TU0-13946 
RDBECOLITUC01142	acpT	RDBECOLIOPC01118	acpT	RDBECOLIGNC02102	acpT								b3475	3612969	3613556		Ecocyc:TU0-13947 
RDBECOLITUC01143	rhsB	RDBECOLIOPC00270	rhsB	RDBECOLIGNC00837	rhsB								b3482	3619192	3623427		Ecocyc:TU0-13948 
RDBECOLITUC01144	yhhH	RDBECOLIOPC01736	yhhH	RDBECOLIGNC01473	yhhH								b3483	3623399	3623782		Ecocyc:TU0-13949 
RDBECOLITUC01145	yrhC	RDBECOLIOPC00768	yrhC	RDBECOLIGNC02639	yrhC								b4552	3623887	3624132		Ecocyc:TU0-13950 
RDBECOLITUC01146	yhhI	RDBECOLIOPC02597	yhhI	RDBECOLIGNC01478	yhhI								b3484	3624378	3625514		Ecocyc:TU0-13951 
RDBECOLITUC01147	yhiI-rbbA-yhhJ	RDBECOLIOPC01381	yhiI-rbbA-yhhJ	RDBECOLIGNC02104,RDBECOLIGNC02103,RDBECOLIGNC01701	yhiI;rbbA;yhhJ								b3487;b3486;b3485	3630602	3625679		Ecocyc:TU0-13952 
RDBECOLITUC01148	yhiJ	RDBECOLIOPC00485	yhiJ	RDBECOLIGNC02105	yhiJ						RDBECOLITFC00135	Nac	b3488	3632590	3630968		Ecocyc:TU0-13953 
RDBECOLITUC01149	yhiL	RDBECOLIOPC02154	yhiL	RDBECOLIGNC02106	yhiL	RDBECOLIPMC03023	yhiLp			sigma28			b4660	3634458	3632852		Ecocyc:TU0-13955 
RDBECOLITUC01150	dtpB	RDBECOLIOPC01077	dtpB	RDBECOLIGNC02111	dtpB								b3496	3640862	3642331		Ecocyc:TU0-13956 
RDBECOLITUC01151	prlC-yhiQ	RDBECOLIOPC00212	prlC-yhiQ	RDBECOLIGNC01404,RDBECOLIGNC02112	prlC;rsmJ	RDBECOLIPMC03144	prlCp	3645238		sigma32			b3498;b3497	3645182	3642380		Ecocyc:TU0-13957 
RDBECOLITUC01152	rlmJ	RDBECOLIOPC01775	rlmJ	RDBECOLIGNC02113	rlmJ	RDBECOLIPMC00171	rlmJp	3645350					b3499	3645385	3646227		Ecocyc:TU0-13958 
RDBECOLITUC01153	yhiS	RDBECOLIOPC00808	yhiS	RDBECOLIGNC02117	yhiS								b3504	3651291	3653713		Ecocyc:TU0-13960 
RDBECOLITUC01154	yhiD	RDBECOLIOPC02509	hdeAB-yhiD	RDBECOLIGNC01365	yhiD								b3508	3655902	3655255		Ecocyc:TU0-13962 
RDBECOLITUC01155	mdtEF	RDBECOLIOPC03599	gadEF-mdtEF	RDBECOLIGNC02119,RDBECOLIGNC02118	mdtF;mdtE	RDBECOLIPMC00243	mdtEp1	3659084					b3514;b3513	3659232	3663527		Ecocyc:TU0-13964 
RDBECOLITUC01156	yhjA	RDBECOLIOPC00525	yhjA	RDBECOLIGNC02122	ccp	RDBECOLIPMC03081	yhjAp	3669261		sigma70	RDBECOLITFC00216,RDBECOLITFC00216,RDBECOLITFC00128	OxyR,OxyR,FNR	b3518	3669188	3667791		Ecocyc:TU0-13965 
RDBECOLITUC01157	yhjC	RDBECOLIOPC02078	yhjC	RDBECOLIGNC02125	rcdB	RDBECOLIPMC00329	yhjCp	3672136		sigma54	RDBECOLITFC00202	PhoB	b3521	3672414	3673313		Ecocyc:TU0-13966 
RDBECOLITUC01158	yhjD	RDBECOLIOPC01104	yhjD	RDBECOLIGNC02126	yhjD						RDBECOLITFC00135	Nac	b3522	3673362	3674375		Ecocyc:TU0-13967 
RDBECOLITUC01159	yhjE	RDBECOLIOPC00258	yhjE	RDBECOLIGNC02127	yhjE						RDBECOLITFC00135,RDBECOLITFC00098	Nac,ArcA	b3523	3674786	3676108		Ecocyc:TU0-13968 
RDBECOLITUC01160	yhjG	RDBECOLIOPC01719	yhjG	RDBECOLIGNC02128	yhjG	RDBECOLIPMC03178	yhjGp	3678412		sigma38			b3524	3678350	3676290		Ecocyc:TU0-13969 
RDBECOLITUC01161	pdeK	RDBECOLIOPC00756	pdeK	RDBECOLIGNC02132	pdeK								b3529	3685618	3683630		Ecocyc:TU0-13971 
RDBECOLITUC01162	bcsEFG	RDBECOLIOPC02575	bcsEFG	RDBECOLIGNC02141,RDBECOLIGNC02140,RDBECOLIGNC02139	bcsG;bcsF;bcsE	RDBECOLIPMC02516	bcsEp1	3696443		sigma70			b3538;b3537;b3536	3696458	3699893		Ecocyc:TU0-13972 
RDBECOLITUC01163	rdlD	RDBECOLIOPC01369	rdlD	RDBECOLIGNC02915	rdlD	RDBECOLIPMC03093	rdlDp	3700136		sigma70			b4454	3700136	3700199		Ecocyc:TU0-13973 
RDBECOLITUC01164	yhjV	RDBECOLIOPC00472	yhjV	RDBECOLIGNC02142	yhjV								b3539	3700563	3701834		Ecocyc:TU0-13974 
RDBECOLITUC01165	eptB	RDBECOLIOPC02138	eptB	RDBECOLIGNC02143	eptB	RDBECOLIPMC00345	eptBp	3710581		sigma70			b3546	3710475	3708784		Ecocyc:TU0-13975 
RDBECOLITUC01166	yhjY	RDBECOLIOPC01070	yhjY	RDBECOLIGNC02145	yhjY								b3548	3712934	3712236		Ecocyc:TU0-13977 
RDBECOLITUC01167	tag-yiaC	RDBECOLIOPC00201	tag-yiaC	RDBECOLIGNC02146,RDBECOLIGNC00974	yiaC;tag								b3550;b3549	3713092	3714092		Ecocyc:TU0-13978 
RDBECOLITUC01168	yiaD	RDBECOLIOPC01760	yiaD	RDBECOLIGNC02147	yiaD								b3552	3716547	3717206		Ecocyc:TU0-13979 
RDBECOLITUC01169	ghrB	RDBECOLIOPC00794	ghrB	RDBECOLIGNC02148	ghrB								b3553	3717310	3718284		Ecocyc:TU0-13980 
RDBECOLITUC01170	ysaB	RDBECOLIOPC02489	ysaB	RDBECOLIGNC02604	ysaB								b4553	3725712	3725413		Ecocyc:TU0-13981 
RDBECOLITUC01171	yiaA	RDBECOLIOPC01411	yiaA	RDBECOLIGNC01166	yiaA	RDBECOLIPMC03240	yiaAp			sigma32			b3562	3727361	3726924		Ecocyc:TU0-13982 
RDBECOLITUC01172	yiaB	RDBECOLIOPC00514	yiaB	RDBECOLIGNC01240	yiaB								b3563	3727748	3727407		Ecocyc:TU0-13983 
RDBECOLITUC01173	avtA	RDBECOLIOPC02062	avtA	RDBECOLIGNC00103	avtA	RDBECOLIPMC00173	avtAp	3739674			RDBECOLITFC00014	Lrp	b3572	3739705	3740958		Ecocyc:TU0-13984 
RDBECOLITUC01174	ysaA	RDBECOLIOPC00745	ysaA	RDBECOLIGNC02153	ysaA								b3573	3741582	3741109		Ecocyc:TU0-13985 
RDBECOLITUC01175	yiaWV	RDBECOLIOPC02556	yiaWV	RDBECOLIGNC02167,RDBECOLIGNC02166	yiaW;yiaV						RDBECOLITFC00235	YiaU	b3587;b3586	3754428	3752963		Ecocyc:TU0-13986 
RDBECOLITUC01176	yiaY	RDBECOLIOPC01698	yiaY	RDBECOLIGNC02169	yiaY								b3589	3757827	3756676		Ecocyc:TU0-13987 
RDBECOLITUC01177	yibF	RDBECOLIOPC00741	yibF	RDBECOLIGNC01696	yibF	RDBECOLIPMC00174	yibFp	3761975					b3592	3761955	3761347		Ecocyc:TU0-13988 
RDBECOLITUC01178	rhsA-yibA	RDBECOLIOPC02904	rhsA-yibA	RDBECOLIGNC01167,RDBECOLIGNC00836	yibA;rhsA								b3594;b3593	3762183	3767179		Ecocyc:TU0-13989 
RDBECOLITUC01179	yibJ	RDBECOLIOPC01354	yibJ	RDBECOLIGNC01700	yibJ								b3595	3767221	3767922		Ecocyc:TU0-13990 
RDBECOLITUC01180	yibG	RDBECOLIOPC00459	yibG	RDBECOLIGNC01697	yibG								b3596	3768177	3768638		Ecocyc:TU0-13991 
RDBECOLITUC01181	yibIH	RDBECOLIOPC02112	yibIH	RDBECOLIGNC01699,RDBECOLIGNC01698	yibI;yibH								b3598;b3597	3771744	3770243		Ecocyc:TU0-13992 
RDBECOLITUC01182	yibL	RDBECOLIOPC01062	yibL	RDBECOLIGNC01887	yibL								b3602	3776665	3777027		Ecocyc:TU0-13993 
RDBECOLITUC01183	trmL	RDBECOLIOPC00187	trmL	RDBECOLIGNC01815	trmL								b3606	3781215	3781688		Ecocyc:TU0-13994 
RDBECOLITUC01184	secB-gpsA	RDBECOLIOPC03581	yibN-grxC-secB-gpsA	RDBECOLIGNC00925,RDBECOLIGNC02437	secB;gpsA	RDBECOLIPMC02508	secBp	3784203		sigma70	RDBECOLITFC00189	CRP	b3609;b3608	3784128	3782642		Ecocyc:TU0-13995 
RDBECOLITUC01185	grxC	RDBECOLIOPC03581	yibN-grxC-secB-gpsA	RDBECOLIGNC02170	grxC								b3610	3784442	3784191		Ecocyc:TU0-13996 
RDBECOLITUC01186	yibN	RDBECOLIOPC03581	yibN-grxC-secB-gpsA	RDBECOLIGNC02171	yibN								b3611	3785015	3784584		Ecocyc:TU0-13997 
RDBECOLITUC01187	gpmM-envC-yibQ	RDBECOLIOPC02968	gpmM-envC-yibQ	RDBECOLIGNC02174,RDBECOLIGNC02173,RDBECOLIGNC02172	yibQ;envC;gpmM	RDBECOLIPMC00175	gpmMp1	3785235			RDBECOLITFC00057	Cra	b3614;b3613;b3612	3785260	3789060		Ecocyc:TU0-13998 
RDBECOLITUC01188	yibD	RDBECOLIOPC00503	yibD	RDBECOLIGNC01239	waaH	RDBECOLIPMC03108	yibDp1	3790149		sigma70	RDBECOLITFC00038,RDBECOLITFC00202,RDBECOLITFC00202	NsrR,PhoB,PhoB	b3615	3790081	3789047		Ecocyc:TU0-13999 
RDBECOLITUC01189	htrL	RDBECOLIOPC01025	htrL	RDBECOLIGNC01168	htrL								b3618	3793683	3792826		Ecocyc:TU0-14000 
RDBECOLITUC01190	yicC	RDBECOLIOPC00228	yicC	RDBECOLIGNC01172	yicC	RDBECOLIPMC00235	yicCp	3816645	RDBECOLITMC00073				b3644	3816676	3817539	3817574-3817603	Ecocyc:TU0-14001 
RDBECOLITUC01191	dinD	RDBECOLIOPC01683	dinD	RDBECOLIGNC01173	dinD	RDBECOLIPMC00236	dinDp	3817699			RDBECOLITFC00214	LexA	b3645	3817760	3818584		Ecocyc:TU0-14002 
RDBECOLITUC01192	yicG	RDBECOLIOPC00730	yicG	RDBECOLIGNC01624	yicG								b3646	3818874	3819491		Ecocyc:TU0-14003 
RDBECOLITUC01193	gmk	RDBECOLIOPC02532	gmk	RDBECOLIGNC00953	gmk	RDBECOLIPMC00268	gmkp	3821388		sigma70			b3648	3821428	3822051		Ecocyc:TU0-14004 
RDBECOLITUC01194	xanP	RDBECOLIOPC01340	xanP	RDBECOLIGNC01174	xanP								b3654	3828945	3830336		Ecocyc:TU0-14005 
RDBECOLITUC01195	yicH	RDBECOLIOPC00448	yicH	RDBECOLIGNC01625	yicH	RDBECOLIPMC00177	yicHp	3830431					b3655	3830457	3832166		Ecocyc:TU0-14006 
RDBECOLITUC01196	selC	RDBECOLIOPC02094	selC	RDBECOLIGNC02529	selC	RDBECOLIPMC00349	selCp	3836198					b3658	3836222	3836316		Ecocyc:TU0-14007 
RDBECOLITUC01197	setC	RDBECOLIOPC01055	setC	RDBECOLIGNC01628	setC								b3659	3836953	3838137		Ecocyc:TU0-14008 
RDBECOLITUC01198	yicL	RDBECOLIOPC00175	yicL	RDBECOLIGNC01629	yicL								b3660	3838248	3839171		Ecocyc:TU0-14009 
RDBECOLITUC01199	nepI	RDBECOLIOPC01731	nepI	RDBECOLIGNC01630	nepI	RDBECOLIPMC03091	nepIp	3841771			RDBECOLITFC00201	SoxS	b3662	3841739	3840549		Ecocyc:TU0-14010 
RDBECOLITUC01200	yicN	RDBECOLIOPC00769	yicN	RDBECOLIGNC01631	yicN								b3663	3842402	3841950		Ecocyc:TU0-14011 
RDBECOLITUC01201	adeQ	RDBECOLIOPC02450	adeQ	RDBECOLIGNC01632	adeQ								b3664	3843789	3842455		Ecocyc:TU0-14012 
RDBECOLITUC01202	emrD	RDBECOLIOPC01380	emrD	RDBECOLIGNC01634	emrD	RDBECOLIPMC00328	emrDp	3853845		sigma54	RDBECOLITFC00196	BasR	b3673	3853922	3855106		Ecocyc:TU0-14013 
RDBECOLITUC01203	yidHGF	RDBECOLIOPC00488	yidHGF	RDBECOLIGNC01637,RDBECOLIGNC01636,RDBECOLIGNC01635	yidH;yidG;yidF								b3676;b3675;b3674	3856307	3855114		Ecocyc:TU0-14014 
RDBECOLITUC01204	yidKJ	RDBECOLIOPC02027	yidKJ	RDBECOLIGNC01647,RDBECOLIGNC01646	yidK;yidJ								b3679;b3678	3860116	3856911		Ecocyc:TU0-14015 
RDBECOLITUC01205	glvCBG-ysdC	RDBECOLIOPC01012	glvCBG-ysdC	RDBECOLIGNC01651,RDBECOLIGNC01650,RDBECOLIGNC01649	glvC;glvB;glvG								b3683;b3682;b4556	3863603	3861173		Ecocyc:TU0-14016 
RDBECOLITUC01206	yidE	RDBECOLIOPC00217	yidE	RDBECOLIGNC01489	yidE								b3685	3866273	3864612		Ecocyc:TU0-14017 
RDBECOLITUC01207	dgoRKADT	RDBECOLIOPC01667	dgoRKADT	RDBECOLIGNC04555,RDBECOLIGNC02434,RDBECOLIGNC02433,RDBECOLIGNC04702,RDBECOLIGNC02435	dgoR;dgoK;dgoA;dgoD;dgoT	RDBECOLIPMC02559	dgoRp	3875185		sigma70	RDBECOLITFC00007,RDBECOLITFC00189,RDBECOLITFC00007	DgoR,CRP,DgoR	b4479;b3693;b4477;b4478;b3691	3875160	3870438		Ecocyc:TU0-14018 
RDBECOLITUC01208	yidA	RDBECOLIOPC00716	yidA	RDBECOLIGNC01175	yidA								b3697	3876952	3876140		Ecocyc:TU0-14019 
RDBECOLITUC01209	yidB	RDBECOLIOPC01328	yidB	RDBECOLIGNC01176	yidB						RDBECOLITFC00080	GlaR	b3698	3877465	3877067		Ecocyc:TU0-14020 
RDBECOLITUC01210	mnmE	RDBECOLIOPC00437	mnmE	RDBECOLIGNC00985	mnmE								b3706	3886828	3888192		Ecocyc:TU0-14021 
RDBECOLITUC01211	mdtL	RDBECOLIOPC02075	mdtL	RDBECOLIGNC01657	mdtL								b3710	3891615	3892790		Ecocyc:TU0-14022 
RDBECOLITUC01212	yidZ	RDBECOLIOPC01048	yidZ	RDBECOLIGNC01658	yidZ								b3711	3892765	3893724		Ecocyc:TU0-14023 
RDBECOLITUC01213	yieH	RDBECOLIOPC00166	yieH	RDBECOLIGNC01662	yieH						RDBECOLITFC00135	Nac	b3715	3896774	3897439		Ecocyc:TU0-14025 
RDBECOLITUC01214	cbrB	RDBECOLIOPC03232	cbrBC	RDBECOLIGNC01663	cbrB						RDBECOLITFC00112	CreB	b3716	3897506	3897973		Ecocyc:TU0-14026 
RDBECOLITUC01215	cbrC	RDBECOLIOPC03232	cbrBC	RDBECOLIGNC01664	cbrC								b3717	3898022	3898609		Ecocyc:TU0-14027 
RDBECOLITUC01216	bglH-yieLK	RDBECOLIOPC02430	bglH-yieLK	RDBECOLIGNC01332,RDBECOLIGNC01666,RDBECOLIGNC01665	bglH;yieL;yieK								b3720;b3719;b3718	3902220	3898671		Ecocyc:TU0-14028 
RDBECOLITUC01217	mnmG-rsmG	RDBECOLIOPC03263	asnC-mioC-mnmG	RDBECOLIGNC00368,RDBECOLIGNC00369	mnmG;rsmG	RDBECOLIPMC02436	mnmGp	3925674		sigma70			b3741;b3740	3925633	3923057		Ecocyc:TU0-14029 
RDBECOLITUC01218	yihG	RDBECOLIOPC02512	yihG	RDBECOLIGNC01762	yihG	RDBECOLIPMC00413	yihGp	4046652		sigma38			b3862	4046602	4045670		Ecocyc:TU0-1402 
RDBECOLITUC01219	mioC	RDBECOLIOPC03263	asnC-mioC-mnmG	RDBECOLIGNC01179	mioC	RDBECOLIPMC00178	mioCp	3926475			RDBECOLITFC00175,RDBECOLITFC00175,RDBECOLITFC00175	MraZ,MraZ,MraZ	b3742	3926455	3926012		Ecocyc:TU0-14030 
RDBECOLITUC01220	ravA-viaA	RDBECOLIOPC02010	ravA-viaA	RDBECOLIGNC01668,RDBECOLIGNC01667	ravA;viaA	RDBECOLIPMC00179	ravAp	3931128		sigma38	RDBECOLITFC00128,RDBECOLITFC00128	FNR,FNR	b3746;b3745	3931093	3928152		Ecocyc:TU0-14031 
RDBECOLITUC01221	kup	RDBECOLIOPC03299	kup	RDBECOLIGNC01494	kup	RDBECOLIPMC00180	kupp1	3931103					b3747	3931316	3933184		Ecocyc:TU0-14032 
RDBECOLITUC01222	yieP-hsrA	RDBECOLIOPC00205	yieP-hsrA	RDBECOLIGNC01670,RDBECOLIGNC01669	yieP;hsrA								b3755;b3754	3941327	3939185		Ecocyc:TU0-14033 
RDBECOLITUC01223	ppiC	RDBECOLIOPC01652	ppiC	RDBECOLIGNC02217	ppiC	RDBECOLIPMC00183	ppiCp	3959841					b3775	3959813	3959532		Ecocyc:TU0-14034 
RDBECOLITUC01224	yifN	RDBECOLIOPC00703	yifN	RDBECOLIGNC04556	yifN								b3777	3960460	3960012		Ecocyc:TU0-14035 
RDBECOLITUC01225	gpp	RDBECOLIOPC02492	gpp	RDBECOLIGNC00406	gpp								b3779	3964229	3962745		Ecocyc:TU0-14036 
RDBECOLITUC01226	rhlB	RDBECOLIOPC01310	rhlB	RDBECOLIGNC00834	rhlB								b3780	3965630	3964365		Ecocyc:TU0-14037 
RDBECOLITUC01227	wecA-wzzE-wecBC-rffGHC-wecE-wzxE-wecF-wzyE-rffM	RDBECOLIOPC00425	wecA-wzzE-wecBC-rffGHC-wecE-wzxE-wecF-wzyE-rffM	RDBECOLIGNC01420,RDBECOLIGNC01419,RDBECOLIGNC04557,RDBECOLIGNC01441,RDBECOLIGNC01418,RDBECOLIGNC01417,RDBECOLIGNC01416,RDBECOLIGNC01415,RDBECOLIGNC01414,RDBECOLIGNC01413,RDBECOLIGNC01267,RDBECOLIGNC00830	rffM;wzyE;wecF;wzxE;wecE;rffC;rffH;rffG;wecC;wecB;wzzE;wecA	RDBECOLIPMC00311	rfep	3967800		sigma70	RDBECOLITFC00038	NsrR	b3794;b3793;b4481;b3792;b3791;b3790;b3789;b3788;b3787;b3786;b3785;b3784	3967916	3980696		Ecocyc:TU0-14039 
RDBECOLITUC01228	yifK	RDBECOLIOPC02059	yifK	RDBECOLIGNC01421	thrP								b3795	3980887	3982272		Ecocyc:TU0-14040 
RDBECOLITUC01229	yzcX	RDBECOLIOPC01041	yzcX	RDBECOLIGNC04558	yzcX								b3808	3993850	3994335		Ecocyc:TU0-14041 
RDBECOLITUC01230	yifL-dapF-yigA-xerC-yigB	RDBECOLIOPC00155	yifL-dapF-yigA-xerC-yigB	RDBECOLIGNC01181,RDBECOLIGNC01057,RDBECOLIGNC01180,RDBECOLIGNC00203,RDBECOLIGNC02608	yigB;xerC;yigA;dapF;lptM	RDBECOLIPMC00270	yifLp	3994492		sigma70			b3812;b3811;b3810;b3809;b4558	3994522	3997899		Ecocyc:TU0-14042 
RDBECOLITUC01231	yigGF	RDBECOLIOPC01701	yigGF	RDBECOLIGNC01426,RDBECOLIGNC01425	yigG;yigF								b3818;b3817	4003193	4002419		Ecocyc:TU0-14043 
RDBECOLITUC01232	rarD	RDBECOLIOPC00747	rarD	RDBECOLIGNC01427	rarD								b3819	4004178	4003288		Ecocyc:TU0-14044 
RDBECOLITUC01233	yigI	RDBECOLIOPC02412	yigI	RDBECOLIGNC01428	yigI	RDBECOLIPMC00184	yigIp	4004724					b3820	4004697	4004230		Ecocyc:TU0-14045 
RDBECOLITUC01234	pldA	RDBECOLIOPC01355	pldA	RDBECOLIGNC00728	pldA	RDBECOLIPMC00278	pldAp	4004814	RDBECOLITMC00084	sigma70			b3821	4004862	4005731	4005815-4005836	Ecocyc:TU0-14046 
RDBECOLITUC01235	recQ	RDBECOLIOPC00463	recQ	RDBECOLIGNC00823	recQ	RDBECOLIPMC02543	recQp	4005836	RDBECOLITMC00179	sigma70	RDBECOLITFC00214	LexA	b3822	4005864	4007693	4007726-4007763	Ecocyc:TU0-14047 
RDBECOLITUC01236	rhtC	RDBECOLIOPC01996	rhtC	RDBECOLIGNC01429	rhtC								b3823	4007757	4008377		Ecocyc:TU0-14048 
RDBECOLITUC01237	pldB-yigL	RDBECOLIOPC00983	pldB-yigL	RDBECOLIGNC01431,RDBECOLIGNC00729	yigL;pldB								b3826;b3825	4009170	4011000		Ecocyc:TU0-14049 
RDBECOLITUC01238	bioP	RDBECOLIOPC00192	bioP	RDBECOLIGNC01432	bioP								b3827	4011076	4011975		Ecocyc:TU0-14050 
RDBECOLITUC01239	rmuC	RDBECOLIOPC01636	rmuC	RDBECOLIGNC01433	rmuC								b3832	4017333	4018760		Ecocyc:TU0-14051 
RDBECOLITUC01240	tatABC	RDBECOLIOPC02473	tatABC	RDBECOLIGNC01438,RDBECOLIGNC01437,RDBECOLIGNC04561,RDBECOLIGNC04560	tatD;tatC;tatB;tatA	RDBECOLIPMC02212	tatAp1	4021909		sigma70			b4483;b3839;b3838;b3836	4021945	4024336		Ecocyc:TU0-14052 
RDBECOLITUC01241	tatD	RDBECOLIOPC02473	tatABC	RDBECOLIGNC01438	tatD								b4483	4023554	4024336		Ecocyc:TU0-14053 
RDBECOLITUC01242	ubiD	RDBECOLIOPC01294	ubiD	RDBECOLIGNC01362	ubiD								b3843	4024988	4026481		Ecocyc:TU0-14054 
RDBECOLITUC01243	fre	RDBECOLIOPC01569	fre	RDBECOLIGNC00328	fre	RDBECOLIPMC00185	frep1	4026443					b3844	4026527	4027228		Ecocyc:TU0-14055 
RDBECOLITUC01244	pepQ-yigZ-trkH-hemG	RDBECOLIOPC02041	pepQ-yigZ-trkH-hemG	RDBECOLIGNC01440,RDBECOLIGNC01009,RDBECOLIGNC01439,RDBECOLIGNC00689	hemG;trkH;yigZ;pepQ	RDBECOLIPMC00187	pepQp	4031147					b3850;b3849;b3848;b3847	4031161	4035153		Ecocyc:TU0-14056 
RDBECOLITUC01245	yihD	RDBECOLIOPC01028	yihD	RDBECOLIGNC01759	yihD	RDBECOLIPMC00188	yihDp	4042049					b3858	4042069	4042338		Ecocyc:TU0-14057 
RDBECOLITUC01246	yihF	RDBECOLIOPC00145	yihF	RDBECOLIGNC01761	yihF								b3861	4044199	4045629		Ecocyc:TU0-14058 
RDBECOLITUC01247	yihI	RDBECOLIOPC01686	yihI	RDBECOLIGNC01763	yihI	RDBECOLIPMC00495	yihIp	4051308		sigma70			b3866	4051347	4051856		Ecocyc:TU0-14060 
RDBECOLITUC01248	bipA	RDBECOLIOPC00735	bipA	RDBECOLIGNC01765	bipA								b3871	4058407	4060230		Ecocyc:TU0-14061 
RDBECOLITUC01249	yihLM	RDBECOLIOPC02392	yihLM	RDBECOLIGNC01767,RDBECOLIGNC01766	yihM;yihL								b3873;b3872	4060447	4062145		Ecocyc:TU0-14062 
RDBECOLITUC01250	yihN	RDBECOLIOPC01341	yihN	RDBECOLIGNC01768	yihN								b3874	4062247	4063512		Ecocyc:TU0-14063 
RDBECOLITUC01251	ompL	RDBECOLIOPC00455	ompL	RDBECOLIGNC04562	ompL								b3875	4064295	4063603		Ecocyc:TU0-14064 
RDBECOLITUC01252	yihPO	RDBECOLIOPC01981	yihPO	RDBECOLIGNC01770,RDBECOLIGNC01769	yihP;yihO								b3877;b3876	4067194	4064363		Ecocyc:TU0-14065 
RDBECOLITUC01253	yihQ	RDBECOLIOPC00974	yihQ	RDBECOLIGNC01771	yihQ								b3878	4069276	4067240		Ecocyc:TU0-14066 
RDBECOLITUC01254	yihR	RDBECOLIOPC00180	yihR	RDBECOLIGNC01772	yihR								b3879	4070401	4069475		Ecocyc:TU0-14067 
RDBECOLITUC01255	yihUTS	RDBECOLIOPC02899	yihUTS	RDBECOLIGNC01775,RDBECOLIGNC01774,RDBECOLIGNC01773	yihU;yihT;yihS	RDBECOLIPMC02551	yihUp1	4073586		sigma70			b3882;b3881;b3880	4073571	4070515		Ecocyc:TU0-14068 
RDBECOLITUC01256	yihV-csqR	RDBECOLIOPC02606	yihV-csqR	RDBECOLIGNC01777,RDBECOLIGNC01776	csqR;yihV	RDBECOLIPMC02234	yihVp1	4073712		sigma70	RDBECOLITFC00138	CsqR	b3884;b3883	4073739	4075454		Ecocyc:TU0-14069 
RDBECOLITUC01257	yihXY-dtd-fabY	RDBECOLIOPC02457	yihXY-dtd-fabY	RDBECOLIGNC01781,RDBECOLIGNC01780,RDBECOLIGNC01779,RDBECOLIGNC01778	fabY;dtd;yihY;yihX	RDBECOLIPMC00189	yihXp	4075548					b3888;b3887;b3886;b3885	4075553	4078438		Ecocyc:TU0-14070 
RDBECOLITUC01258	yiiE	RDBECOLIOPC01282	yiiE	RDBECOLIGNC01782	yiiE								b3889	4079291	4079509		Ecocyc:TU0-14071 
RDBECOLITUC01259	yiiF	RDBECOLIOPC00404	yiiF	RDBECOLIGNC01783	yiiF				RDBECOLITMC00199				b3890	4079751	4079969	4079990-4080025	Ecocyc:TU0-14072 
RDBECOLITUC01260	fdhD	RDBECOLIOPC02026	fdhD	RDBECOLIGNC01787	fdhD						RDBECOLITFC00135	Nac	b3895	4086016	4086849		Ecocyc:TU0-14073 
RDBECOLITUC01261	yiiG	RDBECOLIOPC01017	yiiG	RDBECOLIGNC01788	yiiG								b3896	4087002	4088057		Ecocyc:TU0-14074 
RDBECOLITUC01262	frvABXR	RDBECOLIOPC00134	frvABXR	RDBECOLIGNC01792,RDBECOLIGNC01791,RDBECOLIGNC01790,RDBECOLIGNC01789	frvA;frvB;frvX;frvR								b3900;b3899;b3898;b3897	4092823	4088107		Ecocyc:TU0-14075 
RDBECOLITUC01263	kdgT	RDBECOLIOPC01671	kdgT	RDBECOLIGNC01797	kdgT						RDBECOLITFC00080	GlaR	b3909	4101690	4102673		Ecocyc:TU0-14076 
RDBECOLITUC01264	yiiM	RDBECOLIOPC00724	yiiM	RDBECOLIGNC01798	yiiM								b3910	4102822	4103496		Ecocyc:TU0-14077 
RDBECOLITUC01265	fieF	RDBECOLIOPC02378	fieF	RDBECOLIGNC01800	fieF								b3915	4106469	4107371		Ecocyc:TU0-14078 
RDBECOLITUC01266	sbp	RDBECOLIOPC01331	sbp	RDBECOLIGNC00917	sbp				RDBECOLITMC00205				b3917	4108834	4109823	4109830-4109884	Ecocyc:TU0-14080 
RDBECOLITUC01267	yiiQ	RDBECOLIOPC00444	yiiQ	RDBECOLIGNC01801	yiiQ								b3920	4112214	4111615		Ecocyc:TU0-14081 
RDBECOLITUC01268	yiiR	RDBECOLIOPC01966	yiiR	RDBECOLIGNC01802	yiiR								b3921	4112315	4112755		Ecocyc:TU0-14082 
RDBECOLITUC01269	priA	RDBECOLIOPC00963	priA	RDBECOLIGNC00753	priA								b3935	4126810	4124612		Ecocyc:TU0-14087 
RDBECOLITUC01270	yiiX	RDBECOLIOPC00169	yiiX	RDBECOLIGNC01809	yiiX								b3937	4127894	4127286		Ecocyc:TU0-14088 
RDBECOLITUC01271	yijE	RDBECOLIOPC01610	yijE	RDBECOLIGNC01828	yijE								b3943	4136108	4137013		Ecocyc:TU0-14089 
RDBECOLITUC01272	yijF	RDBECOLIOPC00672	yijF	RDBECOLIGNC01829	yijF								b3944	4137657	4137040		Ecocyc:TU0-14090 
RDBECOLITUC01273	ptsA-fsaB-gldA	RDBECOLIOPC02439	ptsA-fsaB-gldA	RDBECOLIGNC01832,RDBECOLIGNC01831,RDBECOLIGNC01830	ptsA;fsaB;gldA								b3947;b3946;b3945	4142221	4137932		Ecocyc:TU0-14091 
RDBECOLITUC01274	frwCB	RDBECOLIOPC01269	frwCB	RDBECOLIGNC01834,RDBECOLIGNC01833	frwB;frwC								b3950;b3949	4142530	4143944		Ecocyc:TU0-14092 
RDBECOLITUC01275	yijO	RDBECOLIOPC00391	yijO	RDBECOLIGNC01838	yijO						RDBECOLITFC00135	Nac	b3954	4148317	4147466		Ecocyc:TU0-14093 
RDBECOLITUC01276	eptC	RDBECOLIOPC02011	eptC	RDBECOLIGNC01839	eptC								b3955	4150265	4148532		Ecocyc:TU0-14094 
RDBECOLITUC01277	fabR-yijD	RDBECOLIOPC01002	fabR-yijD	RDBECOLIGNC01361,RDBECOLIGNC01360	yijD;fabR								b3964;b3963	4161067	4162130		Ecocyc:TU0-14097 
RDBECOLITUC01278	murB-birA	RDBECOLIOPC00124	murB-birA	RDBECOLIGNC00119,RDBECOLIGNC01184	birA;murB								b3973;b3972	4172057	4174047		Ecocyc:TU0-14099 
RDBECOLITUC01279	sroH	RDBECOLIOPC01658	sroH	RDBECOLIGNC02925	sroH	RDBECOLIPMC03107	sroHp	4190487					b4691	4190487	4190327		Ecocyc:TU0-14101 
RDBECOLITUC01280	nudC-hemE-nfi	RDBECOLIOPC00711	nudC-hemE-nfi	RDBECOLIGNC01840,RDBECOLIGNC01496,RDBECOLIGNC01643	nfi;hemE;nudC								b3998;b3997;b3996	4196903	4199461		Ecocyc:TU0-14103 
RDBECOLITUC01281	yjaG	RDBECOLIOPC02361	yjaG	RDBECOLIGNC01841	yjaG								b3999	4199504	4200094		Ecocyc:TU0-14104 
RDBECOLITUC01282	yjaA	RDBECOLIOPC01317	yjaA	RDBECOLIGNC01185	yjaA								b4011	4213234	4213617		Ecocyc:TU0-14105 
RDBECOLITUC01283	arpA	RDBECOLIOPC00434	arpA	RDBECOLIGNC01187	arpA								b4017	4222487	4220301		Ecocyc:TU0-14106 
RDBECOLITUC01284	yjbB	RDBECOLIOPC01952	yjbB	RDBECOLIGNC01844	yjbB	RDBECOLIPMC00192	yjbBp	4227602					b4020	4227731	4229362		Ecocyc:TU0-14107 
RDBECOLITUC01285	yjbD	RDBECOLIOPC00953	yjbD	RDBECOLIGNC01847	yjbD								b4023	4231631	4231359		Ecocyc:TU0-14108 
RDBECOLITUC01286	yjbE	RDBECOLIOPC02901	yjbEFGH	RDBECOLIGNC01848	yjbE	RDBECOLIPMC03033	yjbEp1	4235858	RDBECOLITMC00028	sigma70	RDBECOLITFC00211,RDBECOLITFC00117	IHF,RcsAB	b4026	4235906	4236148	4236159-4236209	Ecocyc:TU0-14111 
RDBECOLITUC01287	yjbFGH	RDBECOLIOPC02901	yjbEFGH	RDBECOLIGNC01851,RDBECOLIGNC01850,RDBECOLIGNC01849	yjbH;yjbG;yjbF								b4029;b4028;b4027	4236262	4239730		Ecocyc:TU0-14112 
RDBECOLITUC01288	xylE	RDBECOLIOPC00660	xylE	RDBECOLIGNC01064	xylE	RDBECOLIPMC02556	xylEp	4242291	RDBECOLITMC00178	sigma70	RDBECOLITFC00189,RDBECOLITFC00090,RDBECOLITFC00090	CRP,XylR,XylR	b4031	4242254	4240779	4240734-4240777	Ecocyc:TU0-14113 
RDBECOLITUC01289	yjbI	RDBECOLIOPC02421	yjbI	RDBECOLIGNC01852	yjbI								b4038	4250703	4252283		Ecocyc:TU0-14114 
RDBECOLITUC01290	dgkA	RDBECOLIOPC01259	dgkA	RDBECOLIGNC00218	dgkA	RDBECOLIPMC00193	dgkAp2	4256608					b4042	4256637	4257005		Ecocyc:TU0-14115 
RDBECOLITUC01291	yjbJ	RDBECOLIOPC00382	yjbJ	RDBECOLIGNC01853	yjbJ						RDBECOLITFC00013	FliZ	b4045	4259237	4259446		Ecocyc:TU0-14116 
RDBECOLITUC01292	yjbLM	RDBECOLIOPC02001	yjbLM	RDBECOLIGNC01856,RDBECOLIGNC01855	yjbM;yjbL								b4048;b4047	4260321	4261306		Ecocyc:TU0-14117 
RDBECOLITUC01293	dusA	RDBECOLIOPC00992	dusA	RDBECOLIGNC01857	dusA								b4049	4261669	4262706		Ecocyc:TU0-14118 
RDBECOLITUC01294	dnaB	RDBECOLIOPC00113	dnaB	RDBECOLIGNC00230	dnaB	RDBECOLIPMC00195	dnaBp	4264283					b4052	4264314	4265729		Ecocyc:TU0-14119 
RDBECOLITUC01295	alr	RDBECOLIOPC02704	alr	RDBECOLIGNC00001	alr	RDBECOLIPMC00196	alrp1	4265589					b4053	4265782	4266861		Ecocyc:TU0-14120 
RDBECOLITUC01296	aphA	RDBECOLIOPC00698	aphA	RDBECOLIGNC01859	aphA								b4055	4269414	4270127		Ecocyc:TU0-14121 
RDBECOLITUC01297	yjbQR	RDBECOLIOPC02343	yjbQR	RDBECOLIGNC01861,RDBECOLIGNC01860	yjbR;yjbQ	RDBECOLIPMC00198	yjbQp	4270214	RDBECOLITMC00232		RDBECOLITFC00077	GadE	b4057;b4056	4270238	4271014	4271007-4271061	Ecocyc:TU0-14122 
RDBECOLITUC01298	ghxP	RDBECOLIOPC01301	ghxP	RDBECOLIGNC01864	ghxP	RDBECOLIPMC00569	ghxPp	4278321					b4064	4278479	4279828		Ecocyc:TU0-14123 
RDBECOLITUC01299	yjcE	RDBECOLIOPC00422	yjcE	RDBECOLIGNC01865	yjcE								b4065	4279980	4281629		Ecocyc:TU0-14124 
RDBECOLITUC01300	yjcF	RDBECOLIOPC01936	yjcF	RDBECOLIGNC01866	yjcF						RDBECOLITFC00135	Nac	b4066	4283075	4281783		Ecocyc:TU0-14125 
RDBECOLITUC01301	gltP	RDBECOLIOPC00941	gltP	RDBECOLIGNC00398	gltP						RDBECOLITFC00135	Nac	b4077	4294481	4295794		Ecocyc:TU0-14126 
RDBECOLITUC01302	yjcO	RDBECOLIOPC00151	yjcO	RDBECOLIGNC01875	yjcO						RDBECOLITFC00135	Nac	b4078	4297125	4296436		Ecocyc:TU0-14127 
RDBECOLITUC01303	mdtNOP	RDBECOLIOPC01581	mdtNOP	RDBECOLIGNC01878,RDBECOLIGNC01877,RDBECOLIGNC01876	mdtN;mdtO;mdtP								b4082;b4081;b4080	4304109	4299564		Ecocyc:TU0-14128 
RDBECOLITUC01304	yjcS	RDBECOLIOPC00647	yjcS	RDBECOLIGNC01879	yjcS	RDBECOLIPMC03021	yjcSp			sigma28			b4083	4306597	4304612		Ecocyc:TU0-14129 
RDBECOLITUC01305	yjdP	RDBECOLIOPC02403	yjdP	RDBECOLIGNC02927	yjdP								b4487	4313868	4314197		Ecocyc:TU0-14130 
RDBECOLITUC01306	yjdN	RDBECOLIOPC01246	yjdN	RDBECOLIGNC00703	yjdN								b4107	4325741	4325298		Ecocyc:TU0-14131 
RDBECOLITUC01307	yjdM	RDBECOLIOPC00371	yjdM	RDBECOLIGNC00702	yjdM								b4108	4326734	4326399		Ecocyc:TU0-14132 
RDBECOLITUC01308	rdcAB	RDBECOLIOPC02631	rdcAB	RDBECOLIGNC04566,RDBECOLIGNC01189	rdcB;rdcA	RDBECOLIPMC00351	rdcAp2	4327064		sigma28			b4110;b4109	4327135	4330238		Ecocyc:TU0-14133 
RDBECOLITUC01309	adiC	RDBECOLIOPC00978	adiC	RDBECOLIGNC02301	adiC	RDBECOLIPMC02298	adiCp7	4337202		sigma32	RDBECOLITFC00123,RDBECOLITFC00202	GadRcs,PhoB	b4115	4337031	4335694		Ecocyc:TU0-14134 
RDBECOLITUC01310	yjdF	RDBECOLIOPC00098	yjdF	RDBECOLIGNC04567	yjdF								b4121	4345558	4344929		Ecocyc:TU0-14136 
RDBECOLITUC01311	yjdIJ	RDBECOLIOPC01628	yjdIJ	RDBECOLIGNC04571,RDBECOLIGNC04570	yjdJ;yjdI								b4127;b4126	4351843	4352357		Ecocyc:TU0-14137 
RDBECOLITUC01312	dtpC	RDBECOLIOPC00689	dtpC	RDBECOLIGNC02302	dtpC								b4130	4356411	4354954		Ecocyc:TU0-14139 
RDBECOLITUC01313	dsbD-yjdC	RDBECOLIOPC02325	dsbD-yjdC	RDBECOLIGNC02066,RDBECOLIGNC02064	dsbD;dicD								b4136;b4135	4365042	4362733		Ecocyc:TU0-14140 
RDBECOLITUC01314	yjeI	RDBECOLIOPC01286	yjeI	RDBECOLIGNC04575	yjeI	RDBECOLIPMC00203	yjeIp	4372761					b4144	4372809	4373162		Ecocyc:TU0-14141 
RDBECOLITUC01315	yjeJ	RDBECOLIOPC00410	yjeJ	RDBECOLIGNC04576	yjeJ						RDBECOLITFC00135	Nac	b4145	4374234	4373365		Ecocyc:TU0-14142 
RDBECOLITUC01316	epmB	RDBECOLIOPC01921	epmB	RDBECOLIGNC04577	epmB								b4146	4375657	4374629		Ecocyc:TU0-14143 
RDBECOLITUC01317	ecnAB	RDBECOLIOPC02711	ecnAB	RDBECOLIGNC02929,RDBECOLIGNC02862	ecnB;ecnA								b4411;b4410	4376317	4376699		Ecocyc:TU0-14145 
RDBECOLITUC01318	epmA	RDBECOLIOPC00139	epmA	RDBECOLIGNC01190	epmA	RDBECOLIPMC00204	epmAp	4382618					b4155	4382643	4383620		Ecocyc:TU0-14146 
RDBECOLITUC01319	yjeM	RDBECOLIOPC01563	yjeM	RDBECOLIGNC02303	yjeM								b4156	4383839	4385341		Ecocyc:TU0-14147 
RDBECOLITUC01320	yjeNO	RDBECOLIOPC00638	yjeNO	RDBECOLIGNC04580,RDBECOLIGNC04579	yjeO;yjeN								b4158;b4157	4385393	4386018		Ecocyc:TU0-14148 
RDBECOLITUC01321	rsgA	RDBECOLIOPC02384	rsgA	RDBECOLIGNC04582	rsgA						RDBECOLITFC00080	GlaR	b4161	4391509	4390457		Ecocyc:TU0-14150 
RDBECOLITUC01322	orn	RDBECOLIOPC01231	orn	RDBECOLIGNC04583	orn						RDBECOLITFC00080	GlaR	b4162	4391604	4392149		Ecocyc:TU0-14151 
RDBECOLITUC01323	yjeT	RDBECOLIOPC00360	yjeT	RDBECOLIGNC04585	yjeT								b4176	4404386	4404583		Ecocyc:TU0-14152 
RDBECOLITUC01324	yjfIJ	RDBECOLIOPC01969	nsrR-rnr-rlmB-yjfI	RDBECOLIGNC04588,RDBECOLIGNC04587	yjfJ;yjfI								b4182;b4181	4410133	4411251		Ecocyc:TU0-14153 
RDBECOLITUC01325	yjfKLMC	RDBECOLIOPC00969	yjfKLMC	RDBECOLIGNC01743,RDBECOLIGNC04591,RDBECOLIGNC04590,RDBECOLIGNC04589	yjfC;yjfM;yjfL;yjfK	RDBECOLIPMC03206	yjfKp						b4186;b4185;b4184;b4183	4411302	4414191		Ecocyc:TU0-14154 
RDBECOLITUC01326	yjfN	RDBECOLIOPC00089	yjfN	RDBECOLIGNC04592	yjfN						RDBECOLITFC00170	CpxR	b4188	4416292	4416017		Ecocyc:TU0-14155 
RDBECOLITUC01327	bsmA	RDBECOLIOPC01615	bsmA	RDBECOLIGNC04593	bsmA	RDBECOLIPMC02524	bsmAp	4416869		sigma38			b4189	4416770	4416441		Ecocyc:TU0-14156 
RDBECOLITUC01328	ulaR	RDBECOLIOPC00679	ulaR	RDBECOLIGNC04595	ulaR								b4191	4418453	4417698		Ecocyc:TU0-14157 
RDBECOLITUC01329	fklB	RDBECOLIOPC02305	fklB	RDBECOLIGNC04605	fklB						RDBECOLITFC00135	Nac	b4207	4428935	4429555		Ecocyc:TU0-14158 
RDBECOLITUC01330	cycA	RDBECOLIOPC01274	cycA	RDBECOLIGNC02306	cycA	RDBECOLIPMC00207	cycAp	4429780					b4208	4429864	4431276		Ecocyc:TU0-14159 
RDBECOLITUC01331	ytfF	RDBECOLIOPC00401	ytfF	RDBECOLIGNC04607	ytfF								b4210	4433056	4432091		Ecocyc:TU0-14160 
RDBECOLITUC01332	qorB	RDBECOLIOPC01907	qorB	RDBECOLIGNC04608	qorB								b4211	4434024	4433164		Ecocyc:TU0-14161 
RDBECOLITUC01333	cysQ	RDBECOLIOPC00920	cysQ	RDBECOLIGNC00039	cysQ						RDBECOLITFC00135	Nac	b4214	4436755	4437495		Ecocyc:TU0-14162 
RDBECOLITUC01334	ytfI	RDBECOLIOPC00128	ytfI	RDBECOLIGNC04610	ytfI								b4215	4437707	4438645		Ecocyc:TU0-14163 
RDBECOLITUC01335	ytfL	RDBECOLIOPC01547	ytfL	RDBECOLIGNC04613	paeA								b4218	4441215	4439872		Ecocyc:TU0-14164 
RDBECOLITUC01336	tamAB-ytfP	RDBECOLIOPC00625	tamAB-ytfP	RDBECOLIGNC04616,RDBECOLIGNC04615,RDBECOLIGNC04614	ytfP;tamB;tamA								b4222;b4221;b4220	4442382	4448235		Ecocyc:TU0-14165 
RDBECOLITUC01337	ytfQRT-yjfF	RDBECOLIOPC02366	ytfQRT-yjfF	RDBECOLIGNC02288,RDBECOLIGNC02309,RDBECOLIGNC02308,RDBECOLIGNC02307	yjfF;ytfT;ytfR;ytfQ						RDBECOLITFC00022	AraC	b4231;b4230;b4485;b4227	4449962	4454578		Ecocyc:TU0-14166 
RDBECOLITUC01338	tldE	RDBECOLIOPC01218	tldE	RDBECOLIGNC00731	tldE	RDBECOLIPMC00209	tldEp	4457945					b4235	4457959	4459311		Ecocyc:TU0-14167 
RDBECOLITUC01339	cybC	RDBECOLIOPC00349	cybC	RDBECOLIGNC02562	cybC								b4236	4459488	4459855		Ecocyc:TU0-14168 
RDBECOLITUC01340	ridA	RDBECOLIOPC01953	ridA	RDBECOLIGNC04617	ridA	RDBECOLIPMC00210	ridAp	4470946			RDBECOLITFC00014	Lrp	b4243	4470913	4470527		Ecocyc:TU0-14169 
RDBECOLITUC01341	yjgH	RDBECOLIOPC00957	yjgH	RDBECOLIGNC04619	yjgH								b4248	4473209	4472814		Ecocyc:TU0-14170 
RDBECOLITUC01342	bdcA	RDBECOLIOPC00079	bdcA	RDBECOLIGNC04620	bdcA	RDBECOLIPMC00309	bdcAp	4474064		sigma70	RDBECOLITFC00038	NsrR	b4249	4474053	4473340		Ecocyc:TU0-14171 
RDBECOLITUC01343	bdcR	RDBECOLIOPC01599	bdcR	RDBECOLIGNC04622	bdcR						RDBECOLITFC00080	GlaR	b4251	4474124	4474717		Ecocyc:TU0-14172 
RDBECOLITUC01344	tabA	RDBECOLIOPC00665	tabA	RDBECOLIGNC04623	tabA								b4252	4474862	4475314		Ecocyc:TU0-14173 
RDBECOLITUC01345	yjgL	RDBECOLIOPC02288	yjgL	RDBECOLIGNC04624	yjgL								b4253	4475437	4477251		Ecocyc:TU0-14174 
RDBECOLITUC01346	pepA	RDBECOLIOPC03333	pepA	RDBECOLIGNC00685	pepA	RDBECOLIPMC00279	pepAp1	4486139		sigma70	RDBECOLITFC00172	PepA	b4260	4485951	4484440		Ecocyc:TU0-14175 
RDBECOLITUC01347	lptFG	RDBECOLIOPC00386	lptFG	RDBECOLIGNC04629,RDBECOLIGNC04628	lptG;lptF								b4262;b4261	4486218	4488400		Ecocyc:TU0-14176 
RDBECOLITUC01348	yjgR	RDBECOLIOPC01891	yjgR	RDBECOLIGNC04630	yjgR								b4263	4490063	4488561		Ecocyc:TU0-14177 
RDBECOLITUC01349	intB	RDBECOLIOPC00907	intB	RDBECOLIGNC02227	intB								b4271	4496750	4497940		Ecocyc:TU0-14178 
RDBECOLITUC01350	insC6CD6D6	RDBECOLIOPC00118	insC6CD6D6	RDBECOLIGNC04635,RDBECOLIGNC04634,RDBECOLIGNC02632	insD6;insC6;insCD6								b4273;b4272	4498272	4499500		Ecocyc:TU0-14179 
RDBECOLITUC01351	yjgX	RDBECOLIOPC01532	yjgX	RDBECOLIGNC04637	yjgX								b4575	4500791	4499593		Ecocyc:TU0-14182 
RDBECOLITUC01352	nanXY	RDBECOLIOPC01406	nanXY	RDBECOLIGNC04640,RDBECOLIGNC02313	nanY;nanX	RDBECOLIPMC02350	yjhBp2	4504020		sigma32	RDBECOLITFC00154,RDBECOLITFC00154,RDBECOLITFC00154	NanR,NanR,NanR	b4280;b4279	4504058	4506405		Ecocyc:TU0-14183 
RDBECOLITUC01353	yjhE	RDBECOLIOPC02346	yjhE	RDBECOLIGNC04642	yjhE								b4282	4506861	4507109		Ecocyc:TU0-14184 
RDBECOLITUC01354	insN-2	RDBECOLIOPC03569	insN-2	RDBECOLIGNC04643	insO	RDBECOLIPMC03186	insNp						b4623	4507197	4509793		Ecocyc:TU0-14185 
RDBECOLITUC01355	insMI3	RDBECOLIOPC00337	insMI3	RDBECOLIGNC02640,RDBECOLIGNC04644	insM;insI3								b4561;b4284	4508942	4507466		Ecocyc:TU0-14186 
RDBECOLITUC01356	yjhV	RDBECOLIOPC01935	yjhV	RDBECOLIGNC04645	yjhV								b4286	4509804	4510133		Ecocyc:TU0-14188 
RDBECOLITUC01357	insB7	RDBECOLIOPC00945	insB7	RDBECOLIGNC02641	insB7								b4576	4518721	4519224		Ecocyc:TU0-14189 
RDBECOLITUC01358	yjhU	RDBECOLIOPC00067	yjhU	RDBECOLIGNC04647	yjhU								b4295	4520324	4519338		Ecocyc:TU0-14190 
RDBECOLITUC01359	yjhF	RDBECOLIOPC01583	yjhF	RDBECOLIGNC02314	yjhF								b4296	4522020	4520671		Ecocyc:TU0-14191 
RDBECOLITUC01360	yjhIHG	RDBECOLIOPC00652	yjhIHG	RDBECOLIGNC04650,RDBECOLIGNC04649,RDBECOLIGNC04648	yjhI;yjhH;yjhG	RDBECOLIPMC03244	yjhIp	4525888		sigma32	RDBECOLITFC00189	CRP	b4299;b4298;b4297	4525803	4522127		Ecocyc:TU0-14192 
RDBECOLITUC01361	sgcXBCQAER	RDBECOLIOPC02270	sgcXBCQAER	RDBECOLIGNC02317,RDBECOLIGNC02568,RDBECOLIGNC02316,RDBECOLIGNC04653,RDBECOLIGNC02315,RDBECOLIGNC04652,RDBECOLIGNC04651	sgcX;sgcB;sgcC;sgcQ;sgcA;sgcE;sgcR						RDBECOLITFC00136,RDBECOLITFC00136,RDBECOLITFC00189	SlyA,SlyA,CRP	b4305;b4565;b4304;b4303;b4302;b4301;b4300	4531651	4526106		Ecocyc:TU0-14193 
RDBECOLITUC01362	yjhP	RDBECOLIOPC01249	yjhP	RDBECOLIGNC04654	yjhP								b4306	4533183	4532437		Ecocyc:TU0-14194 
RDBECOLITUC01363	topAI-yjhQ	RDBECOLIOPC00376	topAI-yjhQ	RDBECOLIGNC02610,RDBECOLIGNC04655	topAI;yjhQ								b4566;b4307	4534053	4533239		Ecocyc:TU0-14195 
RDBECOLITUC01364	nanS	RDBECOLIOPC03035	nanCMS	RDBECOLIGNC04657	nanS								b4309	4537594	4536614		Ecocyc:TU0-14196 
RDBECOLITUC01365	hypT	RDBECOLIOPC00893	hypT	RDBECOLIGNC04662	hypT								b4327	4558289	4557378		Ecocyc:TU0-14198 
RDBECOLITUC01366	yjiHG-iadA	RDBECOLIOPC00104	yjiHG-iadA	RDBECOLIGNC04665,RDBECOLIGNC04664,RDBECOLIGNC04663	yjiH;yjiG;iadA								b4330;b4329;b4328	4560680	4558354		Ecocyc:TU0-14199 
RDBECOLITUC01367	yjiJ	RDBECOLIOPC01518	yjiJ	RDBECOLIGNC04667	yjiJ								b4332	4562675	4561497		Ecocyc:TU0-14200 
RDBECOLITUC01368	yjiK	RDBECOLIOPC00596	yjiK	RDBECOLIGNC04668	yjiK								b4333	4563603	4562743		Ecocyc:TU0-14201 
RDBECOLITUC01369	yjiML	RDBECOLIOPC02328	yjiML	RDBECOLIGNC04670,RDBECOLIGNC04669	yjiM;yjiL								b4335;b4334	4565850	4563922		Ecocyc:TU0-14202 
RDBECOLITUC01370	mdtM-yjiN	RDBECOLIOPC01194	mdtM-yjiN	RDBECOLIGNC02319,RDBECOLIGNC04671	mdtM;yjiN						RDBECOLITFC00136	SlyA	b4337;b4336	4568519	4565966		Ecocyc:TU0-14203 
RDBECOLITUC01371	rpnD	RDBECOLIOPC00325	rpnD	RDBECOLIGNC04672	rpnD								b4584	4568998	4569918		Ecocyc:TU0-14204 
RDBECOLITUC01372	yjiS	RDBECOLIOPC01920	yjiS	RDBECOLIGNC04674	yjiS								b4341	4571751	4571915		Ecocyc:TU0-14205 
RDBECOLITUC01373	yjiT	RDBECOLIOPC00934	yjiT	RDBECOLIGNC04675	yjiT	RDBECOLIPMC03233	yjiTp			sigma32			b4342	4572414	4573931		Ecocyc:TU0-14206 
RDBECOLITUC01374	yjiV	RDBECOLIOPC00057	yjiV	RDBECOLIGNC01352	yjiV								b4486	4574135	4576855		Ecocyc:TU0-14207 
RDBECOLITUC01375	yjiXA	RDBECOLIOPC01566	yjiXA	RDBECOLIGNC04677,RDBECOLIGNC00018	yjiX;yjiA	RDBECOLIPMC03208	yjiXp						b4353;b4352	4589079	4587909		Ecocyc:TU0-14208 
RDBECOLITUC01376	lgoT	RDBECOLIOPC02252	lgoT	RDBECOLIGNC02320	lgoT								b4356	4594722	4593361		Ecocyc:TU0-14210 
RDBECOLITUC01377	lgoR	RDBECOLIOPC01233	lgoR	RDBECOLIGNC04679	lgoR	RDBECOLIPMC02385	lgoRp4	4595947		sigma24	RDBECOLITFC00142,RDBECOLITFC00001,RDBECOLITFC00189	UxuR,ExuR,CRP	b4357	4595851	4594937		Ecocyc:TU0-14211 
RDBECOLITUC01378	opgB	RDBECOLIOPC00364	opgB	RDBECOLIGNC02321	opgB								b4359	4599441	4597150		Ecocyc:TU0-14212 
RDBECOLITUC01379	yjjP	RDBECOLIOPC01861	yjjP	RDBECOLIGNC04681	yjjP	RDBECOLIPMC03262	yjjPp	4603034			RDBECOLITFC00020,RDBECOLITFC00020	H-NS,H-NS	b4364	4602858	4602088		Ecocyc:TU0-14213 
RDBECOLITUC01380	rsmC	RDBECOLIOPC00878	rsmC	RDBECOLIGNC04685	rsmC								b4371	4607700	4606669		Ecocyc:TU0-14215 
RDBECOLITUC01381	holD-rimI-yjjG	RDBECOLIOPC00094	holD-rimI-yjjG	RDBECOLIGNC02014,RDBECOLIGNC00840,RDBECOLIGNC01379	yjjG;rimI;holD	RDBECOLIPMC00212	holDp	4607781					b4374;b4373;b4372	4607803	4609323		Ecocyc:TU0-14216 
RDBECOLITUC01382	prfC	RDBECOLIOPC01500	prfC	RDBECOLIGNC02013	prfC	RDBECOLIPMC02393	prfCp	4609358		sigma70	RDBECOLITFC00135	Nac	b4375	4609414	4611003		Ecocyc:TU0-14217 
RDBECOLITUC01383	ytjA	RDBECOLIOPC00583	ytjA	RDBECOLIGNC02612	ytjA								b4568	4612128	4612289		Ecocyc:TU0-14218 
RDBECOLITUC01384	yjjUV	RDBECOLIOPC02308	yjjUV	RDBECOLIGNC04687,RDBECOLIGNC04686	yjjV;yjjU								b4378;b4377	4612411	4614260		Ecocyc:TU0-14219 
RDBECOLITUC01385	ydeA	RDBECOLIOPC00641	ydeA	RDBECOLIGNC01581	ydeA	RDBECOLIPMC00414	ydeAp	1616955			RDBECOLITFC00098	ArcA	b1528	1617028	1618218		Ecocyc:TU0-1421 
RDBECOLITUC01386	yjjW	RDBECOLIOPC00314	yjjW	RDBECOLIGNC04688	yjjW								b4379	4615543	4614680		Ecocyc:TU0-14220 
RDBECOLITUC01387	yjjI	RDBECOLIOPC01906	yjjI	RDBECOLIGNC02061	yjjI								b4380	4617065	4615515		Ecocyc:TU0-14221 
RDBECOLITUC01388	yjjJ	RDBECOLIOPC00924	yjjJ	RDBECOLIGNC02212	hipH								b4385	4621769	4623100		Ecocyc:TU0-14222 
RDBECOLITUC01389	serB	RDBECOLIOPC02902	radA-nadR	RDBECOLIGNC00933	serB								b4388	4624895	4625863		Ecocyc:TU0-14224 
RDBECOLITUC01390	radA-nadR	RDBECOLIOPC02902	radA-nadR	RDBECOLIGNC01305,RDBECOLIGNC01268	nadR;radA								b4390;b4389	4625912	4628547		Ecocyc:TU0-14225 
RDBECOLITUC01391	slt	RDBECOLIOPC00630	slt	RDBECOLIGNC00938	slt	RDBECOLIPMC02398	sltp7	4630700		sigma32	RDBECOLITFC00170	CpxR	b4392	4630733	4632670		Ecocyc:TU0-14226 
RDBECOLITUC01392	qorA	RDBECOLIOPC02232	qorA	RDBECOLIGNC01447	qorA	RDBECOLIPMC00194	qorAp	4264304					b4051	4264231	4263248		Ecocyc:TU0-14227 
RDBECOLITUC01393	coaA	RDBECOLIOPC01220	coaA	RDBECOLIGNC00912	coaA	RDBECOLIPMC00229	coaAp	4175107					b3974	4175026	4174076		Ecocyc:TU0-14228 
RDBECOLITUC01394	cyaY	RDBECOLIOPC00353	cyaY	RDBECOLIGNC01595	cyaY								b3807	3994059	3993739		Ecocyc:TU0-14229 
RDBECOLITUC01395	ftsAZ	RDBECOLIOPC03591	mraZW-ftsLIO-murEF-mraY-murD-ftsW-murGC-ddlB-ftsQAZ-lpxC	RDBECOLIGNC00341,RDBECOLIGNC00333	ftsZ;ftsA	RDBECOLIPMC00415	ftsAp1	103561		sigma70	RDBECOLITFC00042	RcsB	b0095;b0094	103982	106456		Ecocyc:TU0-1422 
RDBECOLITUC01396	bax	RDBECOLIOPC00863	bax	RDBECOLIGNC01328	bax								b3570	3737177	3736353		Ecocyc:TU0-14231 
RDBECOLITUC01397	yghA	RDBECOLIOPC00083	yghA	RDBECOLIGNC01264	yghA								b3003	3149662	3150546		Ecocyc:TU0-14232 
RDBECOLITUC01398	yghO	RDBECOLIOPC01483	yghO	RDBECOLIGNC04355	yghO								b2981	3130215	3129043		Ecocyc:TU0-14233 
RDBECOLITUC01399	yggG	RDBECOLIOPC00571	yggG	RDBECOLIGNC01263	loiP	RDBECOLIPMC03124	loiPp	3081892		sigma70			b2936	3081913	3082671		Ecocyc:TU0-14235 
RDBECOLITUC01400	ypfM	RDBECOLIOPC02291	ypfM	RDBECOLIGNC02890	ypfM	RDBECOLIPMC00559	ypfMp	2590970					b4606	2590866	2590807		Ecocyc:TU0-14237 
RDBECOLITUC01401	yeiW	RDBECOLIOPC01163	yeiW	RDBECOLIGNC02613	yeiW	RDBECOLIPMC00556	yeiWp	2265330			RDBECOLITFC00189	CRP	b4502	2265295	2265041		Ecocyc:TU0-14238 
RDBECOLITUC01402	setB	RDBECOLIOPC00302	setB	RDBECOLIGNC01947	setB								b2170	2263863	2265044		Ecocyc:TU0-14239 
RDBECOLITUC01403	ftsZ	RDBECOLIOPC03591	mraZW-ftsLIO-murEF-mraY-murD-ftsW-murGC-ddlB-ftsQAZ-lpxC	RDBECOLIGNC00341	ftsZ	RDBECOLIPMC03813	ftsZp2	105045					b0095	105305	106456		Ecocyc:TU0-1423 
RDBECOLITUC01404	yncL	RDBECOLIOPC00911	yncL	RDBECOLIGNC02889	yncL								b4598	1517194	1517099		Ecocyc:TU0-14241 
RDBECOLITUC01405	yncJ	RDBECOLIOPC00041	yncJ	RDBECOLIGNC03602	yncJ								b1436	1509064	1508834		Ecocyc:TU0-14242 
RDBECOLITUC01406	insQ	RDBECOLIOPC01535	insQ	RDBECOLIGNC03598	insQ								b1432	1503657	1504865		Ecocyc:TU0-14243 
RDBECOLITUC01407	yciY	RDBECOLIOPC00617	yciY	RDBECOLIGNC02891	yciY								b4595	1308788	1308961		Ecocyc:TU0-14244 
RDBECOLITUC01408	ymdF	RDBECOLIOPC02214	ymdF	RDBECOLIGNC02582	ymdF								b4518	1068081	1068254		Ecocyc:TU0-14245 
RDBECOLITUC01409	ybdR	RDBECOLIOPC01209	ybdR	RDBECOLIGNC03212	ybdR						RDBECOLITFC00135	Nac	b0608	642088	643326		Ecocyc:TU0-14246 
RDBECOLITUC01410	lfhA	RDBECOLIOPC00341	lfhA	RDBECOLIGNC03009	lfhA								b0229	250070	248358		Ecocyc:TU0-14247 
RDBECOLITUC01411	ftsZ	RDBECOLIOPC03591	mraZW-ftsLIO-murEF-mraY-murD-ftsW-murGC-ddlB-ftsQAZ-lpxC	RDBECOLIGNC00341	ftsZ	RDBECOLIPMC03814	ftsZp3	104693					b0095	105305	106456		Ecocyc:TU0-1424 
RDBECOLITUC01412	bolA	RDBECOLIOPC01898	bolA	RDBECOLIGNC00121	bolA	RDBECOLIPMC03000	bolAp2	454349	RDBECOLITMC00008	sigma70			b0435	454472	454789	454844-454865	Ecocyc:TU0-14251 
RDBECOLITUC01413	tig	RDBECOLIOPC02843	tig	RDBECOLIGNC00991	tig								b0436	455133	456431		Ecocyc:TU0-14252 
RDBECOLITUC01414	lsp-fkpB-ispH	RDBECOLIOPC03590	ribF-ileS-lspA-fkpB-ispH	RDBECOLIGNC01068,RDBECOLIGNC01067,RDBECOLIGNC00540	ispH;fkpB;lspA	RDBECOLIPMC03003	lspAp	25014	RDBECOLITMC00035	sigma70			b0029;b0028;b0027	25207	27227	27252-27279	Ecocyc:TU0-14253 
RDBECOLITUC01415	aroH	RDBECOLIOPC02621	aroH	RDBECOLIGNC00076	aroH	RDBECOLIPMC03004	aroHp2	1788384	RDBECOLITMC00006	sigma70			b1704	1788435	1789481	1789487-1789510	Ecocyc:TU0-14254 
RDBECOLITUC01416	rpmI-rplT	RDBECOLIOPC03375	thrS-infC-rpmI-rplT-pheMST-ihfA	RDBECOLIGNC00871,RDBECOLIGNC01208	rplT;rpmI	RDBECOLIPMC03005	rpmIp	1800427	RDBECOLITMC00023	sigma70	RDBECOLITFC00039	DksA	b1716;b1717	1799999	1799393	1799363-1799382	Ecocyc:TU0-14255 
RDBECOLITUC01417	thrS-infC-rpmI-rplT-pheMST-ihfA	RDBECOLIOPC03375	thrS-infC-rpmI-rplT-pheMST-ihfA	RDBECOLIGNC00433,RDBECOLIGNC00701,RDBECOLIGNC00700,RDBECOLIGNC01245,RDBECOLIGNC00871,RDBECOLIGNC01208,RDBECOLIGNC00498,RDBECOLIGNC00989	ihfA;pheT;pheS;pheM;rplT;rpmI;infC;thrS	RDBECOLIPMC02963	thrSp	1802733			RDBECOLITFC00038,RDBECOLITFC00039	NsrR,DksA	b1712;b1713;b1714;b1715;b1716;b1717;b1718;b1719	1802570	1795253		Ecocyc:TU0-14257 
RDBECOLITUC01418	norR	RDBECOLIOPC03039	norR	RDBECOLIGNC02008	norR	RDBECOLIPMC03006	norRp	2832307			RDBECOLITFC00038,RDBECOLITFC00111,RDBECOLITFC00111,RDBECOLITFC00111	NsrR,NorR,NorR,NorR	b2709	2832289	2830775		Ecocyc:TU0-14258 
RDBECOLITUC01419	ftsZ	RDBECOLIOPC03591	mraZW-ftsLIO-murEF-mraY-murD-ftsW-murGC-ddlB-ftsQAZ-lpxC	RDBECOLIGNC00341	ftsZ	RDBECOLIPMC03815	ftsZp4	104636					b0095	105305	106456		Ecocyc:TU0-1425 
RDBECOLITUC01420	asnC-mioC	RDBECOLIOPC03263	asnC-mioC-mnmG	RDBECOLIGNC01179,RDBECOLIGNC00089	mioC;asnC	RDBECOLIPMC03435	asnCp	3927031		sigma70	RDBECOLITFC00135,RDBECOLITFC00135,RDBECOLITFC00135,RDBECOLITFC00002,RDBECOLITFC00002,RDBECOLITFC00002,RDBECOLITFC00002	Nac,Nac,Nac,AsnC,AsnC,AsnC,AsnC	b3742;b3743	3927003	3926012		Ecocyc:TU0-14262 
RDBECOLITUC01421	asnC-mioC-mnmG	RDBECOLIOPC03263	asnC-mioC-mnmG	RDBECOLIGNC00368,RDBECOLIGNC01179,RDBECOLIGNC00089	mnmG;mioC;asnC	RDBECOLIPMC03435	asnCp	3927031	RDBECOLITMC00121	sigma70	RDBECOLITFC00135,RDBECOLITFC00135,RDBECOLITFC00135,RDBECOLITFC00002,RDBECOLITFC00002,RDBECOLITFC00002,RDBECOLITFC00002	Nac,Nac,Nac,AsnC,AsnC,AsnC,AsnC	b3741;b3742;b3743	3927003	3923744	3923705-3923732	Ecocyc:TU0-14263 
RDBECOLITUC01422	rraA	RDBECOLIOPC02390	menA-rraA	RDBECOLIGNC01806	rraA	RDBECOLIPMC03007	rraAp	4119358		sigma38			b3929	4119330	4118845		Ecocyc:TU0-14264 
RDBECOLITUC01423	relA-mazEF	RDBECOLIOPC03285	relA-mazEF	RDBECOLIGNC01223,RDBECOLIGNC00563,RDBECOLIGNC00825	mazF;mazE;relA	RDBECOLIPMC03008	relAp2	2914277		sigma70	RDBECOLITFC00020,RDBECOLITFC00189	H-NS,CRP	b2782;b2783;b2784	2913651	2910756		Ecocyc:TU0-14269 
RDBECOLITUC01424	rne	RDBECOLIOPC02907	rne	RDBECOLIGNC00849	rne	RDBECOLIPMC03010	rnep2	1144762		sigma70			b1084	1144367	1141182		Ecocyc:TU0-14272 
RDBECOLITUC01425	rne	RDBECOLIOPC02907	rne	RDBECOLIGNC00849	rne	RDBECOLIPMC03011	rnep3	1144873		sigma70			b1084	1144367	1141182		Ecocyc:TU0-14273 
RDBECOLITUC01426	smg	RDBECOLIOPC01197	smg	RDBECOLIGNC01552	smg						RDBECOLITFC00080	GlaR	b3284	3432464	3431991		Ecocyc:TU0-14274 
RDBECOLITUC01427	ygbK	RDBECOLIOPC00696	ygbJK	RDBECOLIGNC04232	ygbK	RDBECOLIPMC03017	ygbKp	2862197		sigma28	RDBECOLITFC00052	FlhDC	b2737	2862335	2863501		Ecocyc:TU0-14275 
RDBECOLITUC01428	modABC	RDBECOLIOPC01815	modABC	RDBECOLIGNC00148,RDBECOLIGNC00002,RDBECOLIGNC02278	modC;modB;modA	RDBECOLIPMC03018	modAp1	794995		sigma28			b0765;b0764;b0763	795089	797612		Ecocyc:TU0-14276 
RDBECOLITUC01429	fliDST	RDBECOLIOPC03424	fliDST	RDBECOLIGNC01355,RDBECOLIGNC01354,RDBECOLIGNC00831	fliT;fliS;fliD	RDBECOLIPMC03022	fliDp1			sigma28			b1926;b1925;b1924	2003872	2006078		Ecocyc:TU0-14278 
RDBECOLITUC01430	ftnB	RDBECOLIOPC02835	ftnB	RDBECOLIGNC03882	ftnB	RDBECOLIPMC03030	ftnBp2	1986799		sigma70	RDBECOLITFC00170	CpxR	b1902	1986925	1987428		Ecocyc:TU0-14282 
RDBECOLITUC01431	yqjA-mzrA	RDBECOLIOPC01455	yqjA-mzrA	RDBECOLIGNC04410,RDBECOLIGNC04409	mzrA;yqjA	RDBECOLIPMC03031	yqjAp1	3247548		sigma70	RDBECOLITFC00170	CpxR	b3096;b3095	3247773	3248822		Ecocyc:TU0-14286 
RDBECOLITUC01432	yjbEFGH	RDBECOLIOPC02901	yjbEFGH	RDBECOLIGNC01851,RDBECOLIGNC01850,RDBECOLIGNC01849,RDBECOLIGNC01848	yjbH;yjbG;yjbF;yjbE	RDBECOLIPMC03033	yjbEp1	4235858		sigma70	RDBECOLITFC00211,RDBECOLITFC00117	IHF,RcsAB	b4029;b4028;b4027;b4026	4235906	4239730		Ecocyc:TU0-14287 
RDBECOLITUC01433	mtr	RDBECOLIOPC02750	mtr	RDBECOLIGNC00609	mtr	RDBECOLIPMC03035	mtrp1	3305932					b3161	3305817	3304573		Ecocyc:TU0-14288 
RDBECOLITUC01434	yrbG-kdsD	RDBECOLIOPC03605	lptAB-rpoN-hpf-ptsN-rapZ-npr	RDBECOLIGNC04457,RDBECOLIGNC02384	kdsD;yrbG	RDBECOLIPMC03036	yrbGp	3340211		sigma70			b3197;b3196	3340275	3342252		Ecocyc:TU0-14290 
RDBECOLITUC01435	kdsC-lptCAB	RDBECOLIOPC03605	lptAB-rpoN-hpf-ptsN-rapZ-npr	RDBECOLIGNC01621,RDBECOLIGNC04460,RDBECOLIGNC04459,RDBECOLIGNC04458	lptB;lptA;lptC;kdsC	RDBECOLIPMC03037	kdsCp1	3342226		sigma70			b3201;b3200;b3199;b3198	3342273	3344669		Ecocyc:TU0-14291 
RDBECOLITUC01436	lptAB	RDBECOLIOPC03605	lptAB-rpoN-hpf-ptsN-rapZ-npr	RDBECOLIGNC01621,RDBECOLIGNC04460	lptB;lptA	RDBECOLIPMC03038	lptAp1	3343326		sigma24			b3201;b3200	3343380	3344669		Ecocyc:TU0-14292 
RDBECOLITUC01437	alsK	RDBECOLIOPC00881	alsK	RDBECOLIGNC01880	alsK								b4084	4307799	4306870		Ecocyc:TU0-14293 
RDBECOLITUC01438	CsiR	RDBECOLIOPC00015	CsiR	RDBECOLIGNC02246	glaR								b2664	2795674	2796336		Ecocyc:TU0-14294 
RDBECOLITUC01439	ybbB	RDBECOLIOPC01502	ybbB	RDBECOLIGNC01702	selU								b0503	531226	530132		Ecocyc:TU0-14295 
RDBECOLITUC01440	rhaM	RDBECOLIOPC00586	rhaM	RDBECOLIGNC01793	rhaM								b3901	4093438	4093124		Ecocyc:TU0-14296 
RDBECOLITUC01441	macAB	RDBECOLIOPC02177	macAB	RDBECOLIGNC03331,RDBECOLIGNC03330	macB;macA								b0879;b0878	919235	922293		Ecocyc:TU0-14298 
RDBECOLITUC01442	nhaR	RDBECOLIOPC02579	nhaAR	RDBECOLIGNC01065	nhaR						RDBECOLITFC00141	YdeO	b0020	18715	19620		Ecocyc:TU0-14299 
RDBECOLITUC01443	yadMLKC	RDBECOLIOPC01654	yadMLKC	RDBECOLIGNC01619,RDBECOLIGNC02195,RDBECOLIGNC02196,RDBECOLIGNC02197	yadC;yadK;yadL;yadM								b0135;b0136;b0137;b0138	152812	149715		Ecocyc:TU0-14300 
RDBECOLITUC01444	yadN	RDBECOLIOPC01799	yadN	RDBECOLIGNC02198	yadN						RDBECOLITFC00080	GlaR	b0141	156883	156299		Ecocyc:TU0-14301 
RDBECOLITUC01445	glgBXCAP	RDBECOLIOPC03304	glgBXCAP	RDBECOLIGNC00373,RDBECOLIGNC00370,RDBECOLIGNC00372,RDBECOLIGNC00374,RDBECOLIGNC00371	glgP;glgA;glgC;glgX;glgB	RDBECOLIPMC00508	glgBp	3573657	RDBECOLITMC00212	sigma70	RDBECOLITFC00166	PhoP	b3428;b3429;b3430;b3431;b3432	3573502	3564134	3564082-3564136	Ecocyc:TU0-14302 
RDBECOLITUC01446	yeiL	RDBECOLIOPC02829	yeiL	RDBECOLIGNC01944	yeiL								b2163	2255355	2256014		Ecocyc:TU0-14303 
RDBECOLITUC01447	yeiI	RDBECOLIOPC01443	yeiI	RDBECOLIGNC01941	yeiI								b2160	2251700	2252788		Ecocyc:TU0-14304 
RDBECOLITUC01448	yfaE	RDBECOLIOPC02618	nrdAB-yfaE	RDBECOLIGNC02223	yfaE								b2236	2348514	2348768		Ecocyc:TU0-14305 
RDBECOLITUC01449	rlmM	RDBECOLIOPC02235	rlmM	RDBECOLIGNC01725	rlmM						RDBECOLITFC00135	Nac	b2806	2941243	2940143		Ecocyc:TU0-14306 
RDBECOLITUC01450	ygdD	RDBECOLIOPC01123	ygdD	RDBECOLIGNC01724	ygdD								b2807	2941631	2941236		Ecocyc:TU0-14307 
RDBECOLITUC01451	yhfK	RDBECOLIOPC00271	yhfK	RDBECOLIGNC04512	yhfK	RDBECOLIPMC03185	yhfKp						b3358	3486791	3488893		Ecocyc:TU0-14308 
RDBECOLITUC01452	frwD	RDBECOLIOPC01844	frwD	RDBECOLIGNC01837	frwD								b3953	4147138	4147479		Ecocyc:TU0-14311 
RDBECOLITUC01453	ftsB	RDBECOLIOPC00867	ftsB	RDBECOLIGNC04238	ftsB								b2748	2872820	2872509		Ecocyc:TU0-14312 
RDBECOLITUC01454	ispDF	RDBECOLIOPC00001	ispDF	RDBECOLIGNC01746,RDBECOLIGNC04237	ispF;ispD								b2746;b2747	2872490	2871301		Ecocyc:TU0-14313 
RDBECOLITUC01455	truD	RDBECOLIOPC01485	truD	RDBECOLIGNC04236	truD								b2745	2871304	2870255		Ecocyc:TU0-14314 
RDBECOLITUC01456	glf-rfc	RDBECOLIOPC00575	glf-rfc	RDBECOLIGNC01904,RDBECOLIGNC01903	wbbH;glf								b2035;b2036	2108329	2106060		Ecocyc:TU0-14315 
RDBECOLITUC01457	yhjR	RDBECOLIOPC02159	yhjR	RDBECOLIGNC02138	yhjR	RDBECOLIPMC02517	yhjRp	3696364		sigma70			b3535	3696185	3695997		Ecocyc:TU0-14316 
RDBECOLITUC01458	wbbIJK	RDBECOLIOPC01166	wbbIJK	RDBECOLIGNC01907,RDBECOLIGNC01906,RDBECOLIGNC01905	wbbK;wbbJ;wbbI								b2032;b2033;b2034	2106057	2103391		Ecocyc:TU0-14317 
RDBECOLITUC01459	hsdRMS	RDBECOLIOPC01297	hsdRMS	RDBECOLIGNC00453,RDBECOLIGNC00451,RDBECOLIGNC00452	hsdS;hsdM;hsdR								b4348;b4349;b4350	4586761	4580068		Ecocyc:TU0-14319 
RDBECOLITUC01460	yfhG	RDBECOLIOPC01784	yfhG	RDBECOLIGNC02035	qseG								b2555	2689506	2688793		Ecocyc:TU0-14320 
RDBECOLITUC01461	yfhA	RDBECOLIOPC03583	glrR-glnB	RDBECOLIGNC01257	glrR								b2554	2688803	2687469		Ecocyc:TU0-14321 
RDBECOLITUC01462	holC	RDBECOLIOPC03585	holC-valS	RDBECOLIGNC01378	holC								b4259	4484280	4483837		Ecocyc:TU0-14322 
RDBECOLITUC01463	yjhA	RDBECOLIOPC03035	nanCMS	RDBECOLIGNC04659	nanC								b4311	4539501	4538785		Ecocyc:TU0-14323 
RDBECOLITUC01464	yjaH	RDBECOLIOPC00528	yjaH	RDBECOLIGNC01842	yjaH						RDBECOLITFC00135	Nac	b4001	4200566	4201261		Ecocyc:TU0-14324 
RDBECOLITUC01465	ymbA	RDBECOLIOPC03315	pqiABC	RDBECOLIGNC03361	pqiC								b0952	1014896	1015459		Ecocyc:TU0-14325 
RDBECOLITUC01466	yqgB	RDBECOLIOPC01109	yqgB	RDBECOLIGNC04330	yqgB								b2939	3086051	3085920		Ecocyc:TU0-14326 
RDBECOLITUC01467	rnlAB	RDBECOLIOPC03459	rnlAB	RDBECOLIGNC04189,RDBECOLIGNC04188	rnlB;rnlA	RDBECOLIPMC00360	rnlAp2	2765894		sigma70	RDBECOLITFC00055	IscR	b2631;b2630	2765918	2767355		Ecocyc:TU0-14327 
RDBECOLITUC01468	secG	RDBECOLIOPC01830	secG-leuU	RDBECOLIGNC01996	secG								b3175	3322505	3322173		Ecocyc:TU0-14328 
RDBECOLITUC01469	tpke11	RDBECOLIOPC03258	tpke11	RDBECOLIGNC02893	tpke11									14080	14167		Ecocyc:TU0-14330 
RDBECOLITUC01470	rseX	RDBECOLIOPC02578	rseX	RDBECOLIGNC02642	rseX	RDBECOLIPMC03039	rseXp	2033649	RDBECOLITMC00030				b4603	2033649	2033739	2033715-2033731	Ecocyc:TU0-14332 
RDBECOLITUC01471	sraB	RDBECOLIOPC01472	sraB	RDBECOLIGNC02866	sraB	RDBECOLIPMC03085	psrDp	1146589	RDBECOLITMC00040				b4418	1146589	1146757	1146728-1146752	Ecocyc:TU0-14333 
RDBECOLITUC01472	isrC	RDBECOLIOPC03006	isrC-flu	RDBECOLIGNC02905	isrC								b4435	2071317	2071511		Ecocyc:TU0-14334 
RDBECOLITUC01473	ispG-sroE	RDBECOLIOPC02143	ispG-sroE	RDBECOLIGNC00363,RDBECOLIGNC02923	ispG;sroE								b2515;b4761	2641804	2640595		Ecocyc:TU0-14336 
RDBECOLITUC01474	uppS-cdsA	RDBECOLIOPC03310	dxr-uppS-cdsA	RDBECOLIGNC02858,RDBECOLIGNC00135,RDBECOLIGNC02988	ispZ;cdsA;ispU	RDBECOLIPMC03280	ispUp1	194784					b4809;b0175;b0174	194784	196534		Ecocyc:TU0-14339 
RDBECOLITUC01475	cdsA	RDBECOLIOPC03310	dxr-uppS-cdsA	RDBECOLIGNC00135	cdsA								b0175	195677	196534		Ecocyc:TU0-14340 
RDBECOLITUC01476	yraM	RDBECOLIOPC01769	yraM	RDBECOLIGNC04439	lpoA								b3147	3293400	3295436		Ecocyc:TU0-14341 
RDBECOLITUC01477	yraN	RDBECOLIOPC00799	yraN	RDBECOLIGNC04440	yraN								b3148	3295394	3295789		Ecocyc:TU0-14342 
RDBECOLITUC01478	diaA	RDBECOLIOPC00032	diaA	RDBECOLIGNC02379	diaA								b3149	3295809	3296399		Ecocyc:TU0-14343 
RDBECOLITUC01479	ligT	RDBECOLIOPC01416	ligT	RDBECOLIGNC02200	thpR								b0147	162031	161501		Ecocyc:TU0-14344 
RDBECOLITUC01480	eptA	RDBECOLIOPC00515	eptA	RDBECOLIGNC01559	eptA						RDBECOLITFC00196,RDBECOLITFC00135	BasR,Nac	b4114	4335590	4333947		Ecocyc:TU0-14345 
RDBECOLITUC01481	galF	RDBECOLIOPC02198	galF	RDBECOLIGNC03936	galF	RDBECOLIPMC00110	galFp	2114351					b2042	2114327	2113434		Ecocyc:TU0-14346 
RDBECOLITUC01482	yfgA	RDBECOLIOPC01098	yfgA	RDBECOLIGNC00013	rodZ								b2516	2642844	2641831		Ecocyc:TU0-14347 
RDBECOLITUC01483	yceH	RDBECOLIOPC00246	yceH	RDBECOLIGNC01490	yceH								b1067	1126157	1126804		Ecocyc:TU0-14349 
RDBECOLITUC01484	mviM	RDBECOLIOPC01814	mviM	RDBECOLIGNC03425	yceM								b1068	1126806	1127729		Ecocyc:TU0-14350 
RDBECOLITUC01485	ydhM	RDBECOLIOPC02813	nemRA-gloA	RDBECOLIGNC03742	nemR								b1649	1726023	1726622		Ecocyc:TU0-14351 
RDBECOLITUC01486	nemA	RDBECOLIOPC02813	nemRA-gloA	RDBECOLIGNC03743	nemA								b1650	1726659	1727756		Ecocyc:TU0-14352 
RDBECOLITUC01487	ogrK	RDBECOLIOPC01457	ogrK	RDBECOLIGNC03961	ogrK								b2082	2167520	2167302		Ecocyc:TU0-14353 
RDBECOLITUC01488	rnd	RDBECOLIOPC00551	rnd	RDBECOLIGNC00848	rnd	RDBECOLIPMC00298	rndp	1888061		sigma70			b1804	1887991	1886864		Ecocyc:TU0-14354 
RDBECOLITUC01489	rsmB	RDBECOLIOPC02125	rsmB	RDBECOLIGNC02054	rsmB								b3289	3435207	3436496		Ecocyc:TU0-14355 
RDBECOLITUC01490	dfp	RDBECOLIOPC01138	dfp	RDBECOLIGNC00004	dfp	RDBECOLIPMC00176	dfpp	3812703					b3639	3812731	3813951		Ecocyc:TU0-14356 
RDBECOLITUC01491	clpS	RDBECOLIOPC00284	clpS	RDBECOLIGNC03332	clpS	RDBECOLIPMC02554	clpSp	922751			RDBECOLITFC00166	PhoP	b0881	922913	923233		Ecocyc:TU0-14357 
RDBECOLITUC01492	rcsDB	RDBECOLIOPC02363	rcsDB	RDBECOLIGNC00811,RDBECOLIGNC02245	rcsB;rcsD	RDBECOLIPMC00497	rcsDp	2313452		sigma70	RDBECOLITFC00020	H-NS	b2217;b2216	2313488	2316827		Ecocyc:TU0-14359 
RDBECOLITUC01493	insH-7	RDBECOLIOPC00783	insH-7	RDBECOLIGNC03935	insH7								b2030	2102875	2101895		Ecocyc:TU0-14362 
RDBECOLITUC01494	insH-2	RDBECOLIOPC00020	insH-2	RDBECOLIGNC03186	insH2								b0552	575717	574737		Ecocyc:TU0-14363 
RDBECOLITUC01495	mnmA	RDBECOLIOPC01402	mnmA	RDBECOLIGNC01314	mnmA	RDBECOLIPMC03166	mnmAp						b1133	1193773	1192667		Ecocyc:TU0-14364 
RDBECOLITUC01496	ybcH	RDBECOLIOPC00505	ybcH	RDBECOLIGNC02295	ybcH								b0567	587981	587091		Ecocyc:TU0-14365 
RDBECOLITUC01497	ybgTE	RDBECOLIOPC02178	ybgTE	RDBECOLIGNC02253,RDBECOLIGNC02581	ybgE;cydX								b0735;b4515	774196	774602		Ecocyc:TU0-14366 
RDBECOLITUC01498	ybiB	RDBECOLIOPC02774	dinG-ybiB	RDBECOLIGNC01531	ybiB								b0800	835248	836210		Ecocyc:TU0-14368 
RDBECOLITUC01499	yebA	RDBECOLIOPC00231	yebA	RDBECOLIGNC00011	mepM								b1856	1941635	1940313		Ecocyc:TU0-14369 
RDBECOLITUC01500	aspT	RDBECOLIOPC01796	aspT	RDBECOLIGNC02461	aspT								b3760	3946872	3946948		Ecocyc:TU0-14370 
RDBECOLITUC01501	trpt	RDBECOLIOPC00827	trpt	RDBECOLIGNC02542	trpT								b3761	3946957	3947032		Ecocyc:TU0-14371 
RDBECOLITUC01502	aspU	RDBECOLIOPC02537	aspU	RDBECOLIGNC02462	aspU	RDBECOLIPMC03182	aspUp		RDBECOLITMC00225				b0206	228928	229004	228998-229052	Ecocyc:TU0-14372 
RDBECOLITUC01503	gspCDEFGHIJKLMO	RDBECOLIOPC02619	gspCDEFGHIJKLMO	RDBECOLIGNC01327,RDBECOLIGNC02063,RDBECOLIGNC04503,RDBECOLIGNC04502,RDBECOLIGNC04501,RDBECOLIGNC04500,RDBECOLIGNC04499,RDBECOLIGNC04498,RDBECOLIGNC04497,RDBECOLIGNC04496,RDBECOLIGNC04495,RDBECOLIGNC04494	gspO;gspM;gspL;gspK;gspJ;gspI;gspH;gspG;gspF;gspE;gspD;gspC	RDBECOLIPMC03041	gspCp2	3455527		sigma70	RDBECOLITFC00136,RDBECOLITFC00020	SlyA,H-NS	b3335;b3334;b3333;b3332;b3331;b3330;b3329;b3328;b3327;b3326;b3325;b3324	3455578	3466220		Ecocyc:TU0-14373 
RDBECOLITUC01504	gspCDEFGHIJKLMO	RDBECOLIOPC02619	gspCDEFGHIJKLMO	RDBECOLIGNC01327,RDBECOLIGNC02063,RDBECOLIGNC04503,RDBECOLIGNC04502,RDBECOLIGNC04501,RDBECOLIGNC04500,RDBECOLIGNC04499,RDBECOLIGNC04498,RDBECOLIGNC04497,RDBECOLIGNC04496,RDBECOLIGNC04495,RDBECOLIGNC04494	gspO;gspM;gspL;gspK;gspJ;gspI;gspH;gspG;gspF;gspE;gspD;gspC	RDBECOLIPMC03042	gspCp1	3455482					b3335;b3334;b3333;b3332;b3331;b3330;b3329;b3328;b3327;b3326;b3325;b3324	3455578	3466220		Ecocyc:TU0-14374 
RDBECOLITUC01505	gspAB	RDBECOLIOPC02883	gspAB	RDBECOLIGNC01237,RDBECOLIGNC04493	gspB;gspA	RDBECOLIPMC03043	gspAp3	3455495					b3322;b3323	3455398	3453508		Ecocyc:TU0-14375 
RDBECOLITUC01506	gspAB	RDBECOLIOPC02883	gspAB	RDBECOLIGNC01237,RDBECOLIGNC04493	gspB;gspA	RDBECOLIPMC03044	gspAp1	3455519		sigma70	RDBECOLITFC00020	H-NS	b3322;b3323	3455398	3453508		Ecocyc:TU0-14376 
RDBECOLITUC01507	gspAB	RDBECOLIOPC02883	gspAB	RDBECOLIGNC01237,RDBECOLIGNC04493	gspB;gspA	RDBECOLIPMC03045	gspAp2	3455510		sigma70	RDBECOLITFC00020	H-NS	b3322;b3323	3455398	3453508		Ecocyc:TU0-14377 
RDBECOLITUC01508	cynTS	RDBECOLIOPC01739	cynTSX	RDBECOLIGNC00170,RDBECOLIGNC00171	cynS;cynT	RDBECOLIPMC03462	cynTp	358773	RDBECOLITMC00032	sigma70	RDBECOLITFC00015,RDBECOLITFC00015	CynR,CynR	b0340;b0339	358799	359959	360253-360278	Ecocyc:TU0-14378 
RDBECOLITUC01509	relBE-hokD	RDBECOLIOPC02721	relBE-hokD	RDBECOLIGNC01113,RDBECOLIGNC01114,RDBECOLIGNC00826	hokD;relE;relB	RDBECOLIPMC03049	relBp	1645903	RDBECOLITMC00033	sigma70	RDBECOLITFC00067,RDBECOLITFC00067,RDBECOLITFC00207,RDBECOLITFC00207,RDBECOLITFC00207,RDBECOLITFC00207	RelB,RelB,RelBE,RelBE,RelBE,RelBE	b1562;b1563;b1564	1645872	1645119	1645034-1645049	Ecocyc:TU0-14381 
RDBECOLITUC01510	insJ	RDBECOLIOPC00004	insJ	RDBECOLIGNC04553	insJ								b3557	3720680	3721201		Ecocyc:TU0-14385 
RDBECOLITUC01511	mreBCD	RDBECOLIOPC03036	mreBCD	RDBECOLIGNC00602,RDBECOLIGNC00601,RDBECOLIGNC00600	mreD;mreC;mreB	RDBECOLIPMC03051	mreBp2	3401193					b3249;b3250;b3251	3401087	3398387		Ecocyc:TU0-14386 
RDBECOLITUC01512	mreBCD	RDBECOLIOPC03036	mreBCD	RDBECOLIGNC00602,RDBECOLIGNC00601,RDBECOLIGNC00600	mreD;mreC;mreB	RDBECOLIPMC03052	mreBp3	3401356		sigma70			b3249;b3250;b3251	3401087	3398387		Ecocyc:TU0-14387 
RDBECOLITUC01513	mreB	RDBECOLIOPC03036	mreBCD	RDBECOLIGNC00600	mreB	RDBECOLIPMC03914	mreBp1	3401129	RDBECOLITMC00034	sigma70	RDBECOLITFC00116	BolA	b3251	3401087	3400044	3400005-3400036	Ecocyc:TU0-14388 
RDBECOLITUC01514	mreB	RDBECOLIOPC03036	mreBCD	RDBECOLIGNC00600	mreB	RDBECOLIPMC03051	mreBp2	3401193	RDBECOLITMC00034				b3251	3401087	3400044	3400005-3400036	Ecocyc:TU0-14389 
RDBECOLITUC01515	mreB	RDBECOLIOPC03036	mreBCD	RDBECOLIGNC00600	mreB	RDBECOLIPMC03052	mreBp3	3401356	RDBECOLITMC00034	sigma70			b3251	3401087	3400044	3400005-3400036	Ecocyc:TU0-14390 
RDBECOLITUC01516	rydC	RDBECOLIOPC01780	rydC	RDBECOLIGNC02653	rydC	RDBECOLIPMC03053	rydCp	1491506		sigma70			b4597	1491506	1491442		Ecocyc:TU0-14392 
RDBECOLITUC01517	dgt	RDBECOLIOPC01042	dgt	RDBECOLIGNC00219	dgt	RDBECOLIPMC03057	dgtp2	179214					b0160	179237	180754		Ecocyc:TU0-14393 
RDBECOLITUC01518	ileS-lspA-fkpB-ispH	RDBECOLIOPC03590	ribF-ileS-lspA-fkpB-ispH	RDBECOLIGNC01068,RDBECOLIGNC01067,RDBECOLIGNC00540,RDBECOLIGNC00485	ispH;fkpB;lspA;ileS	RDBECOLIPMC03058	ileSp1	21833	RDBECOLITMC00035	sigma70			b0029;b0028;b0027;b0026	22391	27227	27252-27279	Ecocyc:TU0-14394 
RDBECOLITUC01519	ileS-lspA-fkpB-ispH	RDBECOLIOPC03590	ribF-ileS-lspA-fkpB-ispH	RDBECOLIGNC01068,RDBECOLIGNC01067,RDBECOLIGNC00540,RDBECOLIGNC00485	ispH;fkpB;lspA;ileS	RDBECOLIPMC03059	ileSp2	22034	RDBECOLITMC00035				b0029;b0028;b0027;b0026	22391	27227	27252-27279	Ecocyc:TU0-14395 
RDBECOLITUC01520	crp	RDBECOLIOPC03187	crp	RDBECOLIGNC00160	crp	RDBECOLIPMC03060	crpp3	3486025	RDBECOLITMC00167		RDBECOLITFC00053,RDBECOLITFC00053,RDBECOLITFC00053,RDBECOLITFC00053	Fis,Fis,Fis,Fis	b3357	3486120	3486752	3486760-3486792	Ecocyc:TU0-14396 
RDBECOLITUC01521	crp	RDBECOLIOPC03187	crp	RDBECOLIGNC00160	crp	RDBECOLIPMC03061	crpp2	3486031	RDBECOLITMC00167		RDBECOLITFC00053,RDBECOLITFC00053,RDBECOLITFC00053,RDBECOLITFC00053	Fis,Fis,Fis,Fis	b3357	3486120	3486752	3486760-3486792	Ecocyc:TU0-14398 
RDBECOLITUC01522	dapB	RDBECOLIOPC01493	dapB	RDBECOLIGNC00200	dapB	RDBECOLIPMC03062	dapBp2	28288	RDBECOLITMC00037	sigma70			b0031	28374	29195	29248-29272	Ecocyc:TU0-14399 
RDBECOLITUC01523	cyaA	RDBECOLIOPC03442	cyaA	RDBECOLIGNC00166	cyaA	RDBECOLIPMC03063	cyaAp1	3990790					b3806	3991153	3993699		Ecocyc:TU0-14402 
RDBECOLITUC01524	cyaA	RDBECOLIOPC03442	cyaA	RDBECOLIGNC00166	cyaA	RDBECOLIPMC03064	cyaAp2	3990774		sigma70			b3806	3991153	3993699		Ecocyc:TU0-14403 
RDBECOLITUC01525	dapE-ypfN	RDBECOLIOPC02936	yffB-dapE-ypfN	RDBECOLIGNC02600,RDBECOLIGNC00202	ypfN;dapE	RDBECOLIPMC03065	dapEp	2591560		sigma70			b4547;b2472	2591607	2592962		Ecocyc:TU0-14404 
RDBECOLITUC01526	hypF	RDBECOLIOPC03194	hydN-hypF	RDBECOLIGNC01503	hypF	RDBECOLIPMC03067	hypFp1			sigma70			b2712	2837425	2835173		Ecocyc:TU0-14405 
RDBECOLITUC01527	hypF	RDBECOLIOPC03194	hydN-hypF	RDBECOLIGNC01503	hypF	RDBECOLIPMC03068	hypFp2	2838014		sigma70	RDBECOLITFC00057	Cra	b2712	2837425	2835173		Ecocyc:TU0-14406 
RDBECOLITUC01528	hypF	RDBECOLIOPC03194	hydN-hypF	RDBECOLIGNC01503	hypF	RDBECOLIPMC03069	hypFp3	2838105		sigma70	RDBECOLITFC00057	Cra	b2712	2837425	2835173		Ecocyc:TU0-14407 
RDBECOLITUC01529	pdeL	RDBECOLIOPC03128	pdeL	RDBECOLIGNC01213	pdeL	RDBECOLIPMC03071	pdeLp2	331873		sigma70	RDBECOLITFC00179	PdeL	b0315	332371	333459		Ecocyc:TU0-14408 
RDBECOLITUC01530	eno	RDBECOLIOPC03252	pyrG-eno	RDBECOLIGNC00252	eno	RDBECOLIPMC03072	enop1	2908674			RDBECOLITFC00057,RDBECOLITFC00057	Cra,Cra	b2779	2907941	2906643		Ecocyc:TU0-14412 
RDBECOLITUC01531	eno	RDBECOLIOPC03252	pyrG-eno	RDBECOLIGNC00252	eno	RDBECOLIPMC03073	enop2	2908702			RDBECOLITFC00057,RDBECOLITFC00057	Cra,Cra	b2779	2907941	2906643		Ecocyc:TU0-14413 
RDBECOLITUC01532	eno	RDBECOLIOPC03252	pyrG-eno	RDBECOLIGNC00252	eno	RDBECOLIPMC03074	enop3	2908846			RDBECOLITFC00057,RDBECOLITFC00057	Cra,Cra	b2779	2907941	2906643		Ecocyc:TU0-14414 
RDBECOLITUC01533	hisJQMP	RDBECOLIOPC02495	argT-hisJQMP	RDBECOLIGNC00445,RDBECOLIGNC00006,RDBECOLIGNC02023,RDBECOLIGNC02022	hisP;hisM;hisQ;hisJ	RDBECOLIPMC03075	hisJp	2426837		sigma70	RDBECOLITFC00109,RDBECOLITFC00020,RDBECOLITFC00109	ArgR,H-NS,ArgR	b2306;b2307;b2308;b2309	2426788	2423736		Ecocyc:TU0-14415 
RDBECOLITUC01534	hchA	RDBECOLIOPC02247	hchA	RDBECOLIGNC03900	hchA	RDBECOLIPMC03077	hchAp2	2035630		sigma38	RDBECOLITFC00020	H-NS	b1967	2035835	2036686		Ecocyc:TU0-14416 
RDBECOLITUC01535	emrE	RDBECOLIOPC00516	emrE	RDBECOLIGNC00621	emrE								b0543	568315	568647		Ecocyc:TU0-14417 
RDBECOLITUC01536	fliLMNOPQR	RDBECOLIOPC03157	fliLMNOPQR	RDBECOLIGNC01899,RDBECOLIGNC01898,RDBECOLIGNC01897,RDBECOLIGNC01201,RDBECOLIGNC00318,RDBECOLIGNC00317,RDBECOLIGNC00316	fliR;fliQ;fliP;fliO;fliN;fliM;fliL	RDBECOLIPMC03896	fliLp2	2019595		sigma28			b1950;b1949;b1948;b1947;b1946;b1945;b1944	2019618	2023678		Ecocyc:TU0-1441 
RDBECOLITUC01537	symR	RDBECOLIOPC02067	symR	RDBECOLIGNC02670	symR	RDBECOLIPMC03096	symRp	4579835		sigma70			b4625	4579835	4579911		Ecocyc:TU0-14420 
RDBECOLITUC01538	ohsC	RDBECOLIOPC01097	ohsC	RDBECOLIGNC02659	ohsC	RDBECOLIPMC03099	ohsCp	2700518		sigma70			b4608	2700520	2700598		Ecocyc:TU0-14421 
RDBECOLITUC01539	shoB	RDBECOLIOPC00249	shoB	RDBECOLIGNC02681	shoB	RDBECOLIPMC03100	shoBp	2700291		sigma70			b4687	2700197	2700117		Ecocyc:TU0-14422 
RDBECOLITUC01540	ryfD	RDBECOLIOPC01708	ryfD	RDBECOLIGNC02660	ryfD	RDBECOLIPMC03101	ryfDp	2734295		sigma70			b4609	2734295	2734153		Ecocyc:TU0-14423 
RDBECOLITUC01541	ryjB	RDBECOLIOPC00749	ryjB	RDBECOLIGNC02669	ryjB	RDBECOLIPMC03102	ryjBp	4527977		sigma70			b4624	4527977	4528066		Ecocyc:TU0-14424 
RDBECOLITUC01542	sroA	RDBECOLIOPC03264	sgrR-sroA-thiBPQ	RDBECOLIGNC02919	sroA	RDBECOLIPMC03103	sroAp	75608					b4762	75608	75516		Ecocyc:TU0-14425 
RDBECOLITUC01543	csgDEFG	RDBECOLIOPC02780	csgDEFG	RDBECOLIGNC03408,RDBECOLIGNC03409,RDBECOLIGNC03410,RDBECOLIGNC03411	csgG;csgF;csgE;csgD	RDBECOLIPMC03111	csgDp2	1103335		sigma70	RDBECOLITFC00013,RDBECOLITFC00167	FliZ,RstA	b1037;b1038;b1039;b1040	1103196	1100851		Ecocyc:TU0-14429 
RDBECOLITUC01544	dcuR	RDBECOLIOPC02991	dcuSR	RDBECOLIGNC04568	dcuR	RDBECOLIPMC03114	dcuRp	4350565		sigma70	RDBECOLITFC00189	CRP	b4124	4350034	4349315		Ecocyc:TU0-14431 
RDBECOLITUC01545	gadXW	RDBECOLIOPC02867	gadXW	RDBECOLIGNC02120,RDBECOLIGNC02121	gadW;gadX	RDBECOLIPMC00456	gadXp	3665839	RDBECOLITMC00108	sigma38	RDBECOLITFC00187,RDBECOLITFC00202,RDBECOLITFC00077,RDBECOLITFC00128,RDBECOLITFC00020,RDBECOLITFC00023,RDBECOLITFC00161	GadX,PhoB,GadE,FNR,H-NS,GadW,RutR	b3515;b3516	3665810	3663890	3663541-3663571	Ecocyc:TU0-14433 
RDBECOLITUC01546	rsmH-ftsLIO-murEF-mraY-murD-ftsW-murGC-ddlB-ftsQAZ-lpxC	RDBECOLIOPC03591	mraZW-ftsLIO-murEF-mraY-murD-ftsW-murGC-ddlB-ftsQAZ-lpxC	RDBECOLIGNC02859,RDBECOLIGNC00259,RDBECOLIGNC00341,RDBECOLIGNC00333,RDBECOLIGNC00336,RDBECOLIGNC00208,RDBECOLIGNC00611,RDBECOLIGNC00615,RDBECOLIGNC00338,RDBECOLIGNC00612,RDBECOLIGNC00596,RDBECOLIGNC00614,RDBECOLIGNC00613,RDBECOLIGNC00335,RDBECOLIGNC01073,RDBECOLIGNC01072	ftsO;lpxC;ftsZ;ftsA;ftsQ;ddlB;murC;murG;ftsW;murD;mraY;murF;murE;ftsI;ftsL;rsmH	RDBECOLIPMC03116	rsmHp1	90010					b4810;b0096;b0095;b0094;b0093;b0092;b0091;b0090;b0089;b0088;b0087;b0086;b0085;b0084;b0083;b0082	90094	107474		Ecocyc:TU0-14439 
RDBECOLITUC01547	ftsLIO-murEF-mraY-murD-ftsW-murGC-ddlB-ftsQAZ-lpxC	RDBECOLIOPC03591	mraZW-ftsLIO-murEF-mraY-murD-ftsW-murGC-ddlB-ftsQAZ-lpxC	RDBECOLIGNC02859,RDBECOLIGNC00259,RDBECOLIGNC00341,RDBECOLIGNC00333,RDBECOLIGNC00336,RDBECOLIGNC00208,RDBECOLIGNC00611,RDBECOLIGNC00615,RDBECOLIGNC00338,RDBECOLIGNC00612,RDBECOLIGNC00596,RDBECOLIGNC00614,RDBECOLIGNC00613,RDBECOLIGNC00335,RDBECOLIGNC01073	ftsO;lpxC;ftsZ;ftsA;ftsQ;ddlB;murC;murG;ftsW;murD;mraY;murF;murE;ftsI;ftsL	RDBECOLIPMC03117	ftsLp1	90688					b4810;b0096;b0095;b0094;b0093;b0092;b0091;b0090;b0089;b0088;b0087;b0086;b0085;b0084;b0083	91032	107474		Ecocyc:TU0-14443 
RDBECOLITUC01548	ftsLIO-murEF-mraY-murD-ftsW-murGC-ddlB-ftsQAZ-lpxC	RDBECOLIOPC03591	mraZW-ftsLIO-murEF-mraY-murD-ftsW-murGC-ddlB-ftsQAZ-lpxC	RDBECOLIGNC02859,RDBECOLIGNC00259,RDBECOLIGNC00341,RDBECOLIGNC00333,RDBECOLIGNC00336,RDBECOLIGNC00208,RDBECOLIGNC00611,RDBECOLIGNC00615,RDBECOLIGNC00338,RDBECOLIGNC00612,RDBECOLIGNC00596,RDBECOLIGNC00614,RDBECOLIGNC00613,RDBECOLIGNC00335,RDBECOLIGNC01073	ftsO;lpxC;ftsZ;ftsA;ftsQ;ddlB;murC;murG;ftsW;murD;mraY;murF;murE;ftsI;ftsL	RDBECOLIPMC03118	ftsLp2	91012			RDBECOLITFC00214	LexA	b4810;b0096;b0095;b0094;b0093;b0092;b0091;b0090;b0089;b0088;b0087;b0086;b0085;b0084;b0083	91032	107474		Ecocyc:TU0-14445 
RDBECOLITUC01549	ftsK	RDBECOLIOPC01063	ftsK	RDBECOLIGNC03333	ftsK	RDBECOLIPMC03119	ftsKp1	933138		sigma70	RDBECOLITFC00214	LexA	b0890	933224	937213		Ecocyc:TU0-14447 
RDBECOLITUC01550	ftsK	RDBECOLIOPC01063	ftsK	RDBECOLIGNC03333	ftsK	RDBECOLIPMC03120	ftsKp2	932929		sigma70			b0890	933224	937213		Ecocyc:TU0-14448 
RDBECOLITUC01551	hcp-hcr	RDBECOLIOPC02383	poxB-ltaE-ybjT	RDBECOLIGNC03325,RDBECOLIGNC03326	hcr;hcp	RDBECOLIPMC03125	hcpp2	914129		sigma24			b0872;b0873	913814	911182		Ecocyc:TU0-14451 
RDBECOLITUC01552	wzbc	RDBECOLIOPC03242	wza-wzb-wzc-wcaAB	RDBECOLIGNC03950,RDBECOLIGNC03948,RDBECOLIGNC03949	wza;wzc;wzb	RDBECOLIPMC03126	wzap2	2137193		sigma24			b2062;b2060;b2061	2137243	2133490		Ecocyc:TU0-14452 
RDBECOLITUC01553	yiaKLMNO-lyx-sgbHUE	RDBECOLIOPC02474	yiaKLMNO-lyx-sgbHUE	RDBECOLIGNC02163,RDBECOLIGNC02162,RDBECOLIGNC02161,RDBECOLIGNC02160,RDBECOLIGNC02159,RDBECOLIGNC02158,RDBECOLIGNC02157,RDBECOLIGNC02156,RDBECOLIGNC02155	sgbE;sgbU;sgbH;lyxK;yiaO;yiaN;yiaM;yiaL;yiaK	RDBECOLIPMC03127	yiaKp2	3742720		sigma24			b3583;b3582;b3581;b3580;b3579;b3578;b3577;b3576;b3575	3742733	3750781		Ecocyc:TU0-14454 
RDBECOLITUC01554	clpX-lon	RDBECOLIOPC03153	clpX-lon	RDBECOLIGNC00534,RDBECOLIGNC00155	lon;clpX	RDBECOLIPMC03128	clpXp	457202		sigma24			b0439;b0438	457426	461242		Ecocyc:TU0-14455 
RDBECOLITUC01555	chaC	RDBECOLIOPC02604	chaBC	RDBECOLIGNC02260	chaC	RDBECOLIPMC03129	chaCp	1272422		sigma54	RDBECOLITFC00051	Rob	b1218	1272507	1273202		Ecocyc:TU0-14458 
RDBECOLITUC01556	potFGHI	RDBECOLIOPC02682	potFGHI	RDBECOLIGNC01578,RDBECOLIGNC01577,RDBECOLIGNC01576,RDBECOLIGNC01575	potI;potH;potG;potF	RDBECOLIPMC03130	potFp2	893634					b0857;b0856;b0855;b0854	893784	897929		Ecocyc:TU0-14459 
RDBECOLITUC01557	rpoD	RDBECOLIOPC03086	rpsU-dnaG-rpoD	RDBECOLIGNC00886	rpoD	RDBECOLIPMC03131	rpoDp4	3212693		sigma24			b3067	3213047	3214888		Ecocyc:TU0-14460 
RDBECOLITUC01558	nagC	RDBECOLIOPC02093	nagBACD	RDBECOLIGNC00628	nagC	RDBECOLIPMC03132	nagCp1	701865		sigma70			b0676	701594	700374		Ecocyc:TU0-14463 
RDBECOLITUC01559	nagC	RDBECOLIOPC02093	nagBACD	RDBECOLIGNC00628	nagC	RDBECOLIPMC03133	nagCp2	702008		sigma70			b0676	701594	700374		Ecocyc:TU0-14464 
RDBECOLITUC01560	ileS-lspA-fkpB-ispH	RDBECOLIOPC03590	ribF-ileS-lspA-fkpB-ispH	RDBECOLIGNC01068,RDBECOLIGNC01067,RDBECOLIGNC00540,RDBECOLIGNC00485	ispH;fkpB;lspA;ileS	RDBECOLIPMC03134	ileSp3	22229	RDBECOLITMC00035	sigma32			b0029;b0028;b0027;b0026	22391	27227	27252-27279	Ecocyc:TU0-14465 
RDBECOLITUC01561	ribE-nusB-thiL-pgpA	RDBECOLIOPC02538	nrdR-ribDE-nusB-thiL-pgpA	RDBECOLIGNC00695,RDBECOLIGNC03119,RDBECOLIGNC00658,RDBECOLIGNC01292	pgpA;thiL;nusB;ribE	RDBECOLIPMC03136	ribEp	434504		sigma32			b0418;b0417;b0416;b0415	434647	437107		Ecocyc:TU0-14466 
RDBECOLITUC01562	glnS	RDBECOLIOPC02753	glnS	RDBECOLIGNC00383	glnS	RDBECOLIPMC03140	glnSp2	705999	RDBECOLITMC00296	sigma70			b0680	706093	707757	707954-707978	Ecocyc:TU0-14467 
RDBECOLITUC01563	phoPQ	RDBECOLIOPC03191	phoPQ	RDBECOLIGNC00722,RDBECOLIGNC00721	phoQ;phoP	RDBECOLIPMC03141	phoPp3	1190491		sigma32			b1129;b1130	1190447	1188316		Ecocyc:TU0-14468 
RDBECOLITUC01564	ygbF	RDBECOLIOPC03469	casDE-ygbTF	RDBECOLIGNC02393	cas2	RDBECOLIPMC03142	ygbFp	2878915		sigma32			b2754	2878853	2878569		Ecocyc:TU0-14469 
RDBECOLITUC01565	ybeD-lipB	RDBECOLIOPC02763	ybeD-lipB	RDBECOLIGNC01539,RDBECOLIGNC01540	lipB;ybeD	RDBECOLIPMC03145	ybeDp	662706		sigma70			b0630;b0631	662642	661637		Ecocyc:TU0-14470 
RDBECOLITUC01566	ybeZYX-lnt	RDBECOLIOPC03165	ybeZYX-lnt	RDBECOLIGNC00164,RDBECOLIGNC03237,RDBECOLIGNC03238,RDBECOLIGNC03239	lnt;ybeX;ybeY;ybeZ	RDBECOLIPMC03146	ybeZp	693469		sigma32			b0657;b0658;b0659;b0660	693378	689343		Ecocyc:TU0-14471 
RDBECOLITUC01567	yciSM-pyrF-yciH	RDBECOLIOPC02036	yciSM-pyrF-yciH	RDBECOLIGNC01111,RDBECOLIGNC00799,RDBECOLIGNC02351,RDBECOLIGNC03499	yciH;pyrF;lapB;lapA	RDBECOLIPMC03148	lapAp1	1340135		sigma70			b1282;b1281;b1280;b1279	1340243	1342984		Ecocyc:TU0-14472 
RDBECOLITUC01568	ycjXF-tyrR	RDBECOLIOPC03235	ycjXF-tyrR	RDBECOLIGNC01030,RDBECOLIGNC02407,RDBECOLIGNC03521	tyrR;ycjF;ycjX	RDBECOLIPMC03149	ycjXp	1384069		sigma32	RDBECOLITFC00054	PgrR	b1323;b1322;b1321	1384117	1388261		Ecocyc:TU0-14473 
RDBECOLITUC01569	holC-valS	RDBECOLIOPC03585	holC-valS	RDBECOLIGNC01055,RDBECOLIGNC01378	valS;holC	RDBECOLIPMC03150	holCp	4484273		sigma32			b4258;b4259	4484280	4480982		Ecocyc:TU0-14474 
RDBECOLITUC01570	creABC	RDBECOLIOPC01551	creABCD	RDBECOLIGNC00720,RDBECOLIGNC01196,RDBECOLIGNC01195	creC;creB;creA	RDBECOLIPMC03151	creAp2	4635243		sigma32			b4399;b4398;b4397	4635521	4638120		Ecocyc:TU0-14475 
RDBECOLITUC01571	nfuA	RDBECOLIOPC02943	gntXY	RDBECOLIGNC04538	nfuA	RDBECOLIPMC03152	nfuAp2	3545458		sigma32			b3414	3545624	3546199		Ecocyc:TU0-14478 
RDBECOLITUC01572	hslR-hslO	RDBECOLIOPC02818	hslR-hslO	RDBECOLIGNC04534,RDBECOLIGNC04533	hslO;hslR	RDBECOLIPMC03153	hslRp	3529110		sigma32			b3401;b3400	3529348	3530652		Ecocyc:TU0-14479 
RDBECOLITUC01573	rnlA	RDBECOLIOPC03459	rnlAB	RDBECOLIGNC04188	rnlA	RDBECOLIPMC03154	rnlAp1	2765906		sigma32			b2630	2765918	2766991		Ecocyc:TU0-14484 
RDBECOLITUC01574	rrsA-ileT-alaT-rrlA-rrfA	RDBECOLIOPC02761	rrsA-ileT-alaT-rrlA-rrfA	RDBECOLIGNC02507,RDBECOLIGNC02514,RDBECOLIGNC02446,RDBECOLIGNC02480,RDBECOLIGNC02521	rrfA;rrlA;alaT;ileT;rrsA	RDBECOLIPMC03155	rrsAp2	4035356		sigma70	RDBECOLITFC00084	NhaR	b3855;b3854;b3853;b3852;b3851	4035531	4040636		Ecocyc:TU0-14486 
RDBECOLITUC01575	rrsE-gltV-rrlE-rrfE	RDBECOLIOPC03158	rrsE-gltV-rrlE-rrfE	RDBECOLIGNC02511,RDBECOLIGNC02518,RDBECOLIGNC02471,RDBECOLIGNC02525	rrfE;rrlE;gltV;rrsE	RDBECOLIPMC03156	rrsEp2	4207971	RDBECOLITMC00227	sigma70	RDBECOLITFC00084	NhaR	b4010;b4009;b4008;b4007	4208147	4213159	4213155-4213209	Ecocyc:TU0-14487 
RDBECOLITUC01576	rapA	RDBECOLIOPC03479	rapA-rluA	RDBECOLIGNC01070	rapA	RDBECOLIPMC03157	rapAp3	63588		sigma70			b0059	63264	60358		Ecocyc:TU0-14488 
RDBECOLITUC01577	xerD-dsbC-recJ	RDBECOLIOPC03353	xerD-dsbC-recJ	RDBECOLIGNC00820,RDBECOLIGNC01058,RDBECOLIGNC01059	recJ;dsbC;xerD	RDBECOLIPMC03159	xerDp	3039851		sigma70			b2892;b2893;b2894	3039743	3036373		Ecocyc:TU0-14489 
RDBECOLITUC01578	clpPX	RDBECOLIOPC03153	clpX-lon	RDBECOLIGNC00155,RDBECOLIGNC00154	clpX;clpP	RDBECOLIPMC03160	clpPp3	456605	RDBECOLITMC00342	sigma32			b0438;b0437	456677	458700	458731-458755	Ecocyc:TU0-14490 
RDBECOLITUC01579	rdgB-yggW	RDBECOLIOPC01562	yggSTU-rdgB-hemW	RDBECOLIGNC04340,RDBECOLIGNC04339	hemW;rdgB	RDBECOLIPMC03161	rdgBp	3096620		sigma32			b2955;b2954	3096681	3098403		Ecocyc:TU0-14491 
RDBECOLITUC01580	dcd	RDBECOLIOPC02080	udk-dcd	RDBECOLIGNC01382	dcd	RDBECOLIPMC03163	dcdp						b2065	2142215	2141634		Ecocyc:TU0-14492 
RDBECOLITUC01581	yggDC	RDBECOLIOPC02657	cmtBA-yggPF-fumE-yggC	RDBECOLIGNC01143,RDBECOLIGNC01144	yggC;fumE	RDBECOLIPMC03171	fumEp						b2928;b2929	3075195	3073976		Ecocyc:TU0-14493 
RDBECOLITUC01582	dksA-yadB	RDBECOLIOPC02737	sfsA-dksA	RDBECOLIGNC01330,RDBECOLIGNC00224	gluQ;dksA	RDBECOLIPMC03176	dksAp1	160722					b0144;b0145	160604	159186		Ecocyc:TU0-14494 
RDBECOLITUC01583	yacG	RDBECOLIOPC01722	coaE-zapD-yacG	RDBECOLIGNC02186	yacG	RDBECOLIPMC03177	yacGp						b0101	111846	111649		Ecocyc:TU0-14495 
RDBECOLITUC01584	pdxY	RDBECOLIOPC02932	pdxH-tyrS-pdxY	RDBECOLIGNC03732	pdxY	RDBECOLIPMC03184	pdxYp						b1636	1715889	1715026		Ecocyc:TU0-14496 
RDBECOLITUC01585	pspE	RDBECOLIOPC02436	pspABCDE	RDBECOLIGNC00770	pspE	RDBECOLIPMC03188	pspEp						b1308	1369689	1370003		Ecocyc:TU0-14499 
RDBECOLITUC01586	yajO	RDBECOLIOPC01372	xseB-ispA-dxs-yajO	RDBECOLIGNC03120	yajO	RDBECOLIPMC03189	yajOp						b0419	438135	437161		Ecocyc:TU0-14500 
RDBECOLITUC01587	nrdG	RDBECOLIOPC00604	nrdDG	RDBECOLIGNC04693	nrdG	RDBECOLIPMC03190	nrdGp						b4237	4460364	4459900		Ecocyc:TU0-14501 
RDBECOLITUC01588	fucR	RDBECOLIOPC02701	fucPIKUR	RDBECOLIGNC00347	fucR	RDBECOLIPMC03191	fucRp						b2805	2939368	2940099		Ecocyc:TU0-14502 
RDBECOLITUC01589	aceK	RDBECOLIOPC03317	aceBAK	RDBECOLIGNC00023	aceK	RDBECOLIPMC03192	aceKp						b4016	4218596	4220332		Ecocyc:TU0-14503 
RDBECOLITUC01590	glxK	RDBECOLIOPC01712	gcl-hyi-glxR-ybbVW-allB-ybbY-glxK	RDBECOLIGNC03162	glxK	RDBECOLIPMC03194	glxKp						b0514	541888	543033		Ecocyc:TU0-14506 
RDBECOLITUC01591	gcvP	RDBECOLIOPC01657	gcvTHP	RDBECOLIGNC01741	gcvP	RDBECOLIPMC03195	gcvPp		RDBECOLITMC00031				b2903	3049041	3046168	3046126-3046145	Ecocyc:TU0-14509 
RDBECOLITUC01592	rrfG	RDBECOLIOPC03532	rrsG-gltW-rrlG-rrfG	RDBECOLIGNC02512	rrfG	RDBECOLIPMC03196	rrfGp						b2588	2726188	2726069		Ecocyc:TU0-14510 
RDBECOLITUC01593	cysH	RDBECOLIOPC02498	cysJIH	RDBECOLIGNC00184	cysH	RDBECOLIPMC03197	cysHp				RDBECOLITFC00044	HypT	b2762	2888312	2887578		Ecocyc:TU0-14511 
RDBECOLITUC01594	argQ	RDBECOLIOPC03049	serV-argVYZQ	RDBECOLIGNC02451	argQ	RDBECOLIPMC03198	argQp						b2691	2817860	2817784		Ecocyc:TU0-14512 
RDBECOLITUC01595	cadA	RDBECOLIOPC00429	cadBA	RDBECOLIGNC00127	cadA	RDBECOLIPMC03199	cadAp						b4131	4358617	4356470		Ecocyc:TU0-14513 
RDBECOLITUC01596	csgC	RDBECOLIOPC02941	csgBAC	RDBECOLIGNC03413	csgC	RDBECOLIPMC03200	csgCp						b1043	1104961	1105293		Ecocyc:TU0-14514 
RDBECOLITUC01597	tcyJ	RDBECOLIOPC02656	fliAZY	RDBECOLIGNC03888	tcyJ	RDBECOLIPMC03201	tcyJp	2000410	RDBECOLITMC00325		RDBECOLITFC00152	CysB	b1920	2000385	1999585	1999541-1999571	Ecocyc:TU0-14515 
RDBECOLITUC01598	ybjN	RDBECOLIOPC02789	ybjC-nfsA-rimK-ybjN	RDBECOLIGNC03316	ybjN	RDBECOLIPMC03202	ybjNp						b0853	892957	893433		Ecocyc:TU0-14516 
RDBECOLITUC01599	dhaM	RDBECOLIOPC02845	dhaKLM	RDBECOLIGNC02256	dhaM	RDBECOLIPMC03203	dhaMp						b1198	1249114	1247696		Ecocyc:TU0-14518 
RDBECOLITUC01600	tufA	RDBECOLIOPC02625	rpsLG-fusA-tufA	RDBECOLIGNC01024	tufA	RDBECOLIPMC03204	tufAp1	3471724		sigma70			b3339	3471329	3470145		Ecocyc:TU0-14519 
RDBECOLITUC01601	ubiX	RDBECOLIOPC02416	cvpA-purF-ubiX	RDBECOLIGNC01032	ubiX	RDBECOLIPMC03205	ubiXp		RDBECOLITMC00337				b2311	2428626	2428057	2428030-2428048	Ecocyc:TU0-14520 
RDBECOLITUC01602	lacYA	RDBECOLIOPC03373	lacZYA	RDBECOLIGNC00516,RDBECOLIGNC00518	lacA;lacY	RDBECOLIPMC03209	lacYp		RDBECOLITMC00257,RDBECOLITMC00256				b0342;b0343	363179	361249	361140-361179;361212-361236	Ecocyc:TU0-14521 
RDBECOLITUC01603	rfbACX	RDBECOLIOPC01954	rfbBDACX	RDBECOLIGNC01902,RDBECOLIGNC01901,RDBECOLIGNC01900	rfbX;rfbC;rfbA	RDBECOLIPMC03210	rfbAp						b2037;b2038;b2039	2111019	2108337		Ecocyc:TU0-14523 
RDBECOLITUC01604	rrlH-rrfH	RDBECOLIOPC03568	rrsH-ileV-alaV-rrlH-rrfH	RDBECOLIGNC02513,RDBECOLIGNC02520	rrfH;rrlH	RDBECOLIPMC03211	rrlHp						b0205;b0204	225759	228875		Ecocyc:TU0-14524 
RDBECOLITUC01605	rfaZ-waaU	RDBECOLIOPC03573	rirA-rfaQGPSBIJYZ-waaU	RDBECOLIGNC01386,RDBECOLIGNC01389	waaU;waaZ	RDBECOLIPMC03212	waaZp						b3623;b3624	3800196	3798239		Ecocyc:TU0-14525 
RDBECOLITUC01606	selD-topB	RDBECOLIOPC02930	ydjA-selD-topB	RDBECOLIGNC01002,RDBECOLIGNC00931	topB;selD	RDBECOLIPMC03213	selDp1	1848024	RDBECOLITMC00104				b1763;b1764	1848008	1844999	1844932-1844954	Ecocyc:TU0-14527 
RDBECOLITUC01607	rrlB-rrfB	RDBECOLIOPC03535	rrsB-gltT-rrlB-rrfB	RDBECOLIGNC02508,RDBECOLIGNC02515	rrfB;rrlB	RDBECOLIPMC03214	rrlBp		RDBECOLITMC00086,RDBECOLITMC00087				b3971;b3970	4168641	4171756	4171760-4171803;4171935-4171962	Ecocyc:TU0-14528 
RDBECOLITUC01608	caiCDE	RDBECOLIOPC03241	caiTABCDE	RDBECOLIGNC02325,RDBECOLIGNC01509,RDBECOLIGNC01510	caiE;caiD;caiC	RDBECOLIPMC03215	caiCp						b0035;b0036;b0037	37824	34781		Ecocyc:TU0-14529 
RDBECOLITUC01609	rrlE-rrfE	RDBECOLIOPC03158	rrsE-gltV-rrlE-rrfE	RDBECOLIGNC02511,RDBECOLIGNC02518	rrfE;rrlE	RDBECOLIPMC03216	rrlEp		RDBECOLITMC00227				b4010;b4009	4210043	4213159	4213155-4213209	Ecocyc:TU0-14530 
RDBECOLITUC01610	nuoMN	RDBECOLIOPC03562	nuoABCEFGHIJKLMN	RDBECOLIGNC01994,RDBECOLIGNC01705	nuoN;nuoM	RDBECOLIPMC03217	nuoMp		RDBECOLITMC00336				b2276;b2277	2393041	2390048	2390005-2390023	Ecocyc:TU0-14531 
RDBECOLITUC01611	mreCD	RDBECOLIOPC03036	mreBCD	RDBECOLIGNC00602,RDBECOLIGNC00601	mreD;mreC	RDBECOLIPMC03218	mreCp						b3249;b3250	3399978	3398387		Ecocyc:TU0-14532 
RDBECOLITUC01612	rrlA-rrfA	RDBECOLIOPC02761	rrsA-ileT-alaT-rrlA-rrfA	RDBECOLIGNC02507,RDBECOLIGNC02514	rrfA;rrlA	RDBECOLIPMC03219	rrlAp						b3855;b3854	4037519	4040636		Ecocyc:TU0-14533 
RDBECOLITUC01613	ykfGH-yafW-ykfI	RDBECOLIOPC03606	yafY-ykfBF-yafX-ykfGH-yafW-ykfI	RDBECOLIGNC03016,RDBECOLIGNC03017,RDBECOLIGNC02572,RDBECOLIGNC03018	ykfI;yafW;ykfH;ykfG	RDBECOLIPMC03220	ykfGp						b0245;b0246;b4504;b0247	264732	263328		Ecocyc:TU0-14535 
RDBECOLITUC01614	glcBA	RDBECOLIOPC01803	glcDEFGBA	RDBECOLIGNC04350,RDBECOLIGNC02436	glcA;glcB	RDBECOLIPMC03221	glcBp						b2975;b2976	3123805	3119597		Ecocyc:TU0-14536 
RDBECOLITUC01615	deoABD	RDBECOLIOPC03406	deoCABD	RDBECOLIGNC00216,RDBECOLIGNC00214,RDBECOLIGNC00213	deoD;deoB;deoA	RDBECOLIPMC03222	deoAp						b4384;b4383;b4382	4618229	4621602		Ecocyc:TU0-14537 
RDBECOLITUC01616	menD-yfbB-menBCE	RDBECOLIOPC03227	menFD-yfbB-menBCE	RDBECOLIGNC02286,RDBECOLIGNC01485,RDBECOLIGNC01335,RDBECOLIGNC02287,RDBECOLIGNC00571	menE;menC;menB;menH;menD	RDBECOLIPMC03223	menDp						b2260;b2261;b2262;b2263;b2264	2379259	2373648		Ecocyc:TU0-14538 
RDBECOLITUC01617	rutR	RDBECOLIOPC02730	rutR	RDBECOLIGNC02175	rutR	RDBECOLIPMC03224	rutRp2	1074113		sigma70	RDBECOLITFC00161	RutR	b1013	1074242	1074880		Ecocyc:TU0-14540 
RDBECOLITUC01618	safA-ydeO	RDBECOLIOPC02755	safA-ydeO	RDBECOLIGNC03643,RDBECOLIGNC03644	ydeO;safA	RDBECOLIPMC03225	safAp	1584028		sigma70	RDBECOLITFC00166,RDBECOLITFC00166,RDBECOLITFC00141,RDBECOLITFC00042,RDBECOLITFC00181	PhoP,PhoP,YdeO,RcsB,EvgA	b1499;b1500	1583959	1582926		Ecocyc:TU0-14545 
RDBECOLITUC01619	yaiA-aroM	RDBECOLIOPC02544	aroL-yaiA-aroM	RDBECOLIGNC00079,RDBECOLIGNC01080	aroM;yaiA	RDBECOLIPMC03226	yaiAp						b0390;b0389	406979	408105		Ecocyc:TU0-14546 
RDBECOLITUC01620	alsBACE	RDBECOLIOPC02522	alsRBACE	RDBECOLIGNC01881,RDBECOLIGNC01882,RDBECOLIGNC01883,RDBECOLIGNC02300	alsE;alsC;alsA;alsB	RDBECOLIPMC03227	alsBp						b4085;b4086;b4087;b4088	4312042	4307783		Ecocyc:TU0-14547 
RDBECOLITUC01621	hfq-hflXKC	RDBECOLIOPC02986	yjeFE-amiB-mutL-miaA-hfq-hflXKC	RDBECOLIGNC00428,RDBECOLIGNC00429,RDBECOLIGNC00430,RDBECOLIGNC00431	hflC;hflK;hflX;hfq	RDBECOLIPMC03228	hfqp2	4399801		sigma70			b4175;b4174;b4173;b4172	4400288	4404304		Ecocyc:TU0-14548 
RDBECOLITUC01622	tyrV-tpr	RDBECOLIOPC02745	tyrTV-tpr	RDBECOLIGNC01004,RDBECOLIGNC02545	tpr;tyrV	RDBECOLIPMC03229	tyrVp		RDBECOLITMC00156				b1229;b1230	1287328	1287087	1287009-1287033	Ecocyc:TU0-14549 
RDBECOLITUC01623	pspBCDE	RDBECOLIOPC02436	pspABCDE	RDBECOLIGNC00770,RDBECOLIGNC00769,RDBECOLIGNC00768,RDBECOLIGNC00767	pspE;pspD;pspC;pspB	RDBECOLIPMC03230	pspBp						b1308;b1307;b1306;b1305	1368801	1370003		Ecocyc:TU0-14550 
RDBECOLITUC01624	tdcBCDEFG	RDBECOLIOPC01842	tdcABCDEFG	RDBECOLIGNC04423,RDBECOLIGNC04424,RDBECOLIGNC04425,RDBECOLIGNC01153,RDBECOLIGNC00979,RDBECOLIGNC00978	tdcG;tdcF;tdcE;tdcD;tdcC;tdcB	RDBECOLIPMC03231	tdcBp						b4471;b3113;b3114;b3115;b3116;b3117	3266028	3258285		Ecocyc:TU0-14551 
RDBECOLITUC01625	phnLMNOP	RDBECOLIOPC02462	phnCDEEFGHIJKLMNOP	RDBECOLIGNC00716,RDBECOLIGNC00715,RDBECOLIGNC00714,RDBECOLIGNC00713,RDBECOLIGNC00712	phnP;phnO;phnN;phnM;phnL	RDBECOLIPMC03232	phnLp						b4092;b4093;b4094;b4095;b4096	4317895	4314344		Ecocyc:TU0-14552 
RDBECOLITUC01626	glnW-metU-glnVX	RDBECOLIOPC02927	metT-leuW-glnUW-metU-glnVX	RDBECOLIGNC02468,RDBECOLIGNC02466,RDBECOLIGNC02496,RDBECOLIGNC02467	glnX;glnV;metU;glnW	RDBECOLIPMC03234	glnWp		RDBECOLITMC00157				b0664;b0665;b0666;b0668	696830	696430	696392-696429	Ecocyc:TU0-14553 
RDBECOLITUC01627	yibA	RDBECOLIOPC02904	rhsA-yibA	RDBECOLIGNC01167	yibA	RDBECOLIPMC03247	yibAp			sigma32			b3594	3766337	3767179		Ecocyc:TU0-14555 
RDBECOLITUC01628	casDE-ygbTF	RDBECOLIOPC03469	casDE-ygbTF	RDBECOLIGNC02393,RDBECOLIGNC04239,RDBECOLIGNC04240,RDBECOLIGNC04241	cas2;cas1;casE;casD	RDBECOLIPMC03250	casDp			sigma32			b2754;b2755;b2756;b2757	2881048	2878569		Ecocyc:TU0-14558 
RDBECOLITUC01629	osmF-yehYXW	RDBECOLIOPC01212	osmF-yehYXW	RDBECOLIGNC01925,RDBECOLIGNC01926,RDBECOLIGNC01927,RDBECOLIGNC01928	yehW;yehX;yehY;osmF	RDBECOLIPMC03251	osmFp2			sigma32			b2128;b2129;b2130;b2131	2219481	2215745		Ecocyc:TU0-14559 
RDBECOLITUC01630	mutL-miaA-hfq-hflXKC	RDBECOLIOPC02986	yjeFE-amiB-mutL-miaA-hfq-hflXKC	RDBECOLIGNC00428,RDBECOLIGNC00429,RDBECOLIGNC00430,RDBECOLIGNC00431,RDBECOLIGNC00587,RDBECOLIGNC01253	hflC;hflK;hflX;hfq;miaA;mutL	RDBECOLIPMC03253	mutLp2	4397046		sigma32			b4175;b4174;b4173;b4172;b4171;b4170	4397412	4404304		Ecocyc:TU0-14561 
RDBECOLITUC01631	mutL-miaA-hfq-hflXKC	RDBECOLIOPC02986	yjeFE-amiB-mutL-miaA-hfq-hflXKC	RDBECOLIGNC00428,RDBECOLIGNC00429,RDBECOLIGNC00430,RDBECOLIGNC00431,RDBECOLIGNC00587,RDBECOLIGNC01253	hflC;hflK;hflX;hfq;miaA;mutL	RDBECOLIPMC03254	mutLp1	4397100		sigma70			b4175;b4174;b4173;b4172;b4171;b4170	4397412	4404304		Ecocyc:TU0-14562 
RDBECOLITUC01632	miaA-hfq-hflXKC	RDBECOLIOPC02986	yjeFE-amiB-mutL-miaA-hfq-hflXKC	RDBECOLIGNC00428,RDBECOLIGNC00429,RDBECOLIGNC00430,RDBECOLIGNC00431,RDBECOLIGNC00587	hflC;hflK;hflX;hfq;miaA	RDBECOLIPMC03255	miaAp2	4398982		sigma32			b4175;b4174;b4173;b4172;b4171	4399252	4404304		Ecocyc:TU0-14563 
RDBECOLITUC01633	miaA-hfq-hflXKC	RDBECOLIOPC02986	yjeFE-amiB-mutL-miaA-hfq-hflXKC	RDBECOLIGNC00428,RDBECOLIGNC00429,RDBECOLIGNC00430,RDBECOLIGNC00431,RDBECOLIGNC00587	hflC;hflK;hflX;hfq;miaA	RDBECOLIPMC03256	miaAp1	4399052		sigma70			b4175;b4174;b4173;b4172;b4171	4399252	4404304		Ecocyc:TU0-14565 
RDBECOLITUC01634	hfq-hflXKC	RDBECOLIOPC02986	yjeFE-amiB-mutL-miaA-hfq-hflXKC	RDBECOLIGNC00428,RDBECOLIGNC00429,RDBECOLIGNC00430,RDBECOLIGNC00431	hflC;hflK;hflX;hfq	RDBECOLIPMC03257	hfqp1			sigma32			b4175;b4174;b4173;b4172	4400288	4404304		Ecocyc:TU0-14567 
RDBECOLITUC01635	hfq-hflXKC	RDBECOLIOPC02986	yjeFE-amiB-mutL-miaA-hfq-hflXKC	RDBECOLIGNC00428,RDBECOLIGNC00429,RDBECOLIGNC00430,RDBECOLIGNC00431	hflC;hflK;hflX;hfq	RDBECOLIPMC03258	hfqp3	4400220		sigma70	RDBECOLITFC00189	CRP	b4175;b4174;b4173;b4172	4400288	4404304		Ecocyc:TU0-14568 
RDBECOLITUC01636	yjjQ-bglJ	RDBECOLIOPC01972	yjjQ-bglJ	RDBECOLIGNC04683,RDBECOLIGNC04682	bglJ;yjjQ	RDBECOLIPMC03261	yjjQp	4603319		sigma70	RDBECOLITFC00212,RDBECOLITFC00020,RDBECOLITFC00020	LeuO,H-NS,H-NS	b4366;b4365	4603477	4604837		Ecocyc:TU0-14571 
RDBECOLITUC01637	secG-leuU	RDBECOLIOPC01830	secG-leuU	RDBECOLIGNC02487,RDBECOLIGNC01996	leuU;secG	RDBECOLIPMC03263	secGp1	3322587	RDBECOLITMC00055	sigma70			b3174;b3175	3322505	3322072	3322035-3322071	Ecocyc:TU0-14573 
RDBECOLITUC01638	secG-leuU	RDBECOLIOPC01830	secG-leuU	RDBECOLIGNC02487,RDBECOLIGNC01996	leuU;secG	RDBECOLIPMC03264	secGp2	3322590	RDBECOLITMC00055	sigma70			b3174;b3175	3322505	3322072	3322035-3322071	Ecocyc:TU0-14574 
RDBECOLITUC01639	cspE	RDBECOLIOPC01614	cspE	RDBECOLIGNC02067	cspE	RDBECOLIPMC03267	cspEp1	657147		sigma70	RDBECOLITFC00151	DinJ-YafQ	b0623	657292	657501		Ecocyc:TU0-14576 
RDBECOLITUC01640	lpxC	RDBECOLIOPC03591	mraZW-ftsLIO-murEF-mraY-murD-ftsW-murGC-ddlB-ftsQAZ-lpxC	RDBECOLIGNC00259	lpxC	RDBECOLIPMC03275	lpxCp2	106530					b0096	106557	107474		Ecocyc:TU0-14606 
RDBECOLITUC01641	acnB	RDBECOLIOPC02445	acnB	RDBECOLIGNC02188	acnB	RDBECOLIPMC03276	acnBp2	131564					b0118	131615	134212		Ecocyc:TU0-14608 
RDBECOLITUC01642	uppS-cdsA	RDBECOLIOPC03310	dxr-uppS-cdsA	RDBECOLIGNC00135,RDBECOLIGNC02988	cdsA;ispU	RDBECOLIPMC03281	ispUp2	194901					b0175;b0174	194903	196534		Ecocyc:TU0-14609 
RDBECOLITUC01643	yafZ	RDBECOLIOPC03117	ykfA-yafZ	RDBECOLIGNC03023	yafZ	RDBECOLIPMC03284	yafZp	268026					b0252	268005	267184		Ecocyc:TU0-14610 
RDBECOLITUC01644	ecpBCDE	RDBECOLIOPC01007	ecpBCDE	RDBECOLIGNC03055,RDBECOLIGNC03056,RDBECOLIGNC03057,RDBECOLIGNC03058	ecpE;ecpD;ecpC;ecpB	RDBECOLIPMC03286	ecpBp2	310076					b0289;b0290;b0291;b0292	310026	304495		Ecocyc:TU0-14611 
RDBECOLITUC01645	ampH	RDBECOLIOPC02712	ampH	RDBECOLIGNC02405	ampH	RDBECOLIPMC03289	ampHp2	396319					b0376	396287	395130		Ecocyc:TU0-14612 
RDBECOLITUC01646	iraP	RDBECOLIOPC03311	iraP	RDBECOLIGNC01230	iraP	RDBECOLIPMC03290	iraPp2	401363					b0382	401386	401646		Ecocyc:TU0-14613 
RDBECOLITUC01647	tig	RDBECOLIOPC02843	tig	RDBECOLIGNC00991	tig	RDBECOLIPMC03297	tigp2	455122					b0436	455133	456431		Ecocyc:TU0-14614 
RDBECOLITUC01648	acrB	RDBECOLIOPC02367	acrAB	RDBECOLIGNC01645	acrB	RDBECOLIPMC03300	acrBp	484685					b0462	484403	481254		Ecocyc:TU0-14615 
RDBECOLITUC01649	ybbY-glxK	RDBECOLIOPC01712	gcl-hyi-glxR-ybbVW-allB-ybbY-glxK	RDBECOLIGNC03162,RDBECOLIGNC03161	glxK;ybbY	RDBECOLIPMC03303	ybbYp	540359					b0514;b0513	540565	543033		Ecocyc:TU0-14616 
RDBECOLITUC01650	entH	RDBECOLIOPC03169	entCEBA-ybdB	RDBECOLIGNC01092	entH	RDBECOLIPMC03305	entHp	629292					b0597	629300	629713		Ecocyc:TU0-14617 
RDBECOLITUC01651	ltaE-ybjT	RDBECOLIOPC02383	poxB-ltaE-ybjT	RDBECOLIGNC03323,RDBECOLIGNC03324	ybjT;ltaE	RDBECOLIPMC00042	ltaEp	909320					b0869;b0870	909294	906852		Ecocyc:TU0-14618 
RDBECOLITUC01652	clsC	RDBECOLIOPC03372	ymdAB-clsC	RDBECOLIGNC03416	clsC	RDBECOLIPMC00054	clsCp	1106292					b1046	1106355	1107776		Ecocyc:TU0-14619 
RDBECOLITUC01653	dctA	RDBECOLIOPC00397	dctA	RDBECOLIGNC02432	dctA	RDBECOLIPMC00417	dctAp	3683498		sigma70	RDBECOLITFC00025,RDBECOLITFC00189,RDBECOLITFC00098	DcuR,CRP,ArcA	b3528	3683447	3682161		Ecocyc:TU0-1461 
RDBECOLITUC01654	bssS	RDBECOLIOPC03382	bssS	RDBECOLIGNC03422	bssS	RDBECOLIPMC00056	bssSp	1121020		sigma70			b1060	1120955	1120701		Ecocyc:TU0-14621 
RDBECOLITUC01655	rne	RDBECOLIOPC02907	rne	RDBECOLIGNC00849	rne	RDBECOLIPMC00057	rnep4	1144421					b1084	1144367	1141182		Ecocyc:TU0-14622 
RDBECOLITUC01656	acnA	RDBECOLIOPC02636	acnA	RDBECOLIGNC01295	acnA	RDBECOLIPMC00067	acnAp3	1335827					b1276	1335831	1338506		Ecocyc:TU0-14625 
RDBECOLITUC01657	trg	RDBECOLIOPC02427	trg	RDBECOLIGNC01006	trg	RDBECOLIPMC00075	trgp	1492439		sigma28	RDBECOLITFC00189,RDBECOLITFC00053,RDBECOLITFC00053	CRP,Fis,Fis	b1421	1492470	1494110		Ecocyc:TU0-14627 
RDBECOLITUC01658	tyrS-pdxY	RDBECOLIOPC02932	pdxH-tyrS-pdxY	RDBECOLIGNC03732,RDBECOLIGNC01031	pdxY;tyrS	RDBECOLIPMC00087	tyrSp2	1717283					b1636;b1637	1717222	1715026		Ecocyc:TU0-14629 
RDBECOLITUC01659	pykF	RDBECOLIOPC03586	pykF	RDBECOLIGNC00794	pykF	RDBECOLIPMC00089	pykFp1	1755663		sigma70			b1676	1755698	1757110		Ecocyc:TU0-14630 
RDBECOLITUC01660	pykF	RDBECOLIOPC03586	pykF	RDBECOLIGNC00794	pykF	RDBECOLIPMC00090	pykFp2	1755600		sigma70			b1676	1755698	1757110		Ecocyc:TU0-14631 
RDBECOLITUC01661	yeaGH	RDBECOLIOPC01728	yeaGH	RDBECOLIGNC03820,RDBECOLIGNC03819	yeaH;yeaG	RDBECOLIPMC00096	yeaGp2	1866765					b1784;b1783	1866908	1870238		Ecocyc:TU0-14632 
RDBECOLITUC01662	pykA	RDBECOLIOPC01323	pykA	RDBECOLIGNC00793	pykA	RDBECOLIPMC00101	pykAp2	1937494		sigma70			b1854	1937649	1939091		Ecocyc:TU0-14633 
RDBECOLITUC01663	aspS	RDBECOLIOPC01648	aspS	RDBECOLIGNC00093	aspS	RDBECOLIPMC00102	aspSp1	1950701	RDBECOLITMC00301				b1866	1950522	1948750	1948662-1948693	Ecocyc:TU0-14634 
RDBECOLITUC01664	flu	RDBECOLIOPC03006	isrC-flu	RDBECOLIGNC03923	flu	RDBECOLIPMC00105	flup1	2071474					b2000	2071539	2074658		Ecocyc:TU0-14635 
RDBECOLITUC01665	flu	RDBECOLIOPC03006	isrC-flu	RDBECOLIGNC03923	flu	RDBECOLIPMC00106	flup2	2071503					b2000	2071539	2074658		Ecocyc:TU0-14636 
RDBECOLITUC01666	sbmC	RDBECOLIOPC01306	sbmC	RDBECOLIGNC01819	sbmC	RDBECOLIPMC00108	sbmCp2	2081303			RDBECOLITFC00214,RDBECOLITFC00189	LexA,CRP	b2009	2081262	2080789		Ecocyc:TU0-14637 
RDBECOLITUC01667	gatZABCD	RDBECOLIOPC01400	gatYZABCD	RDBECOLIGNC02269,RDBECOLIGNC02270,RDBECOLIGNC02271,RDBECOLIGNC02272,RDBECOLIGNC03968	gatA;gatB;gatC;gatD;gatZ	RDBECOLIPMC00112	gatZp	2176432					b2094;b2093;b2092;b2091;b2095	2176321	2171833		Ecocyc:TU0-14638 
RDBECOLITUC01668	glk	RDBECOLIOPC01942	glk	RDBECOLIGNC02421	glk	RDBECOLIPMC00121	glkp1	2509447	RDBECOLITMC00288	sigma70			b2388	2509426	2508461	2508424-2508447	Ecocyc:TU0-14640 
RDBECOLITUC01669	cysK	RDBECOLIOPC02655	cysK	RDBECOLIGNC00187	cysK	RDBECOLIPMC00123	cysKp2	2532344	RDBECOLITMC00083				b2414	2532409	2533380	2533409-2533424	Ecocyc:TU0-14642 
RDBECOLITUC01670	ucpA	RDBECOLIOPC03141	ucpA	RDBECOLIGNC02030	ucpA	RDBECOLIPMC00126	ucpAp2	2544671					b2426	2544623	2543832		Ecocyc:TU0-14643 
RDBECOLITUC01671	talA	RDBECOLIOPC02569	talA-tktB	RDBECOLIGNC01728	talA	RDBECOLIPMC00127	talAp	2578608			RDBECOLITFC00112	CreB	b2464	2578666	2579616		Ecocyc:TU0-14644 
RDBECOLITUC01672	bepA-yfgD	RDBECOLIOPC02950	bepA-yfgD	RDBECOLIGNC04139,RDBECOLIGNC04138	yfgD;bepA	RDBECOLIPMC00128	bepAp2	2616026					b2495;b2494	2616094	2617937		Ecocyc:TU0-14645 
RDBECOLITUC01673	yfgM	RDBECOLIOPC02875	yfgM	RDBECOLIGNC04148	yfgM	RDBECOLIPMC00129	yfgMp1	2639433					b2513	2639283	2638663		Ecocyc:TU0-14646 
RDBECOLITUC01674	yfgM	RDBECOLIOPC02875	yfgM	RDBECOLIGNC04148	yfgM	RDBECOLIPMC00130	yfgMp2	2639402					b2513	2639283	2638663		Ecocyc:TU0-14647 
RDBECOLITUC01675	yfGM	RDBECOLIOPC02875	yfgM	RDBECOLIGNC04148	yfgM	RDBECOLIPMC00131	yfgMp3	2639370					b2513	2639283	2638663		Ecocyc:TU0-14648 
RDBECOLITUC01676	rpoS	RDBECOLIOPC03347	nlpD-rpoS	RDBECOLIGNC00502	rpoS	RDBECOLIPMC00137	rpoSp1	2867567			RDBECOLITFC00039	DksA	b2741	2867551	2866559		Ecocyc:TU0-14649 
RDBECOLITUC01677	rpoS	RDBECOLIOPC03347	nlpD-rpoS	RDBECOLIGNC00502	rpoS	RDBECOLIPMC00138	rpoSp2	2867607					b2741	2867551	2866559		Ecocyc:TU0-14650 
RDBECOLITUC01678	rpoS	RDBECOLIOPC03347	nlpD-rpoS	RDBECOLIGNC00502	rpoS	RDBECOLIPMC00139	rpoSp3	2867654					b2741	2867551	2866559		Ecocyc:TU0-14651 
RDBECOLITUC01679	rpoS	RDBECOLIOPC03347	nlpD-rpoS	RDBECOLIGNC00502	rpoS	RDBECOLIPMC00140	rpoSp4	2867724					b2741	2867551	2866559		Ecocyc:TU0-14652 
RDBECOLITUC01680	eno	RDBECOLIOPC03252	pyrG-eno	RDBECOLIGNC00252	eno	RDBECOLIPMC00141	enop6	2908018					b2779	2907941	2906643		Ecocyc:TU0-14653 
RDBECOLITUC01681	pyrG-eno	RDBECOLIOPC03252	pyrG-eno	RDBECOLIGNC00252,RDBECOLIGNC00800	eno;pyrG	RDBECOLIPMC00142	pyrGp	2909713					b2779;b2780	2909666	2906643		Ecocyc:TU0-14654 
RDBECOLITUC01682	ubiT-yhbS	RDBECOLIOPC03434	ubiT-yhbS	RDBECOLIGNC04447,RDBECOLIGNC04448	yhbS;ubiT	RDBECOLIPMC00159	ubiTp2	3301301			RDBECOLITFC00018,RDBECOLITFC00018	CsgD,CsgD	b3156;b3157	3301276	3300255		Ecocyc:TU0-14656 
RDBECOLITUC01683	rpsMKD-rpoA-rplQ	RDBECOLIOPC02908	rpsMKD-rpoA-rplQ	RDBECOLIGNC00900,RDBECOLIGNC00893,RDBECOLIGNC00883,RDBECOLIGNC00868,RDBECOLIGNC00902	rpsK;rpsD;rpoA;rplQ;rpsM	RDBECOLIPMC00165	rpsMp1	3442495	RDBECOLITMC00361				b3297;b3296;b3295;b3294;b3298	3442471	3439616	3439581-3439595	Ecocyc:TU0-14658 
RDBECOLITUC01684	yheO-tusDCB	RDBECOLIOPC01924	yheO-tusDCB	RDBECOLIGNC04504,RDBECOLIGNC04505,RDBECOLIGNC04506,RDBECOLIGNC04507	tusB;tusC;tusD;yheO	RDBECOLIPMC00167	yheOp2	3476541					b3343;b3344;b3345;b3346	3476440	3474678		Ecocyc:TU0-14661 
RDBECOLITUC01685	kup	RDBECOLIOPC03299	kup	RDBECOLIGNC01494	kup	RDBECOLIPMC00181	kupp2	3931181					b3747	3931316	3933184		Ecocyc:TU0-14662 
RDBECOLITUC01686	kup	RDBECOLIOPC03299	kup	RDBECOLIGNC01494	kup	RDBECOLIPMC00182	kupp3	3931265					b3747	3931316	3933184		Ecocyc:TU0-14663 
RDBECOLITUC01687	fre	RDBECOLIOPC01569	fre	RDBECOLIGNC00328	fre	RDBECOLIPMC00186	frep2	4026485					b3844	4026527	4027228		Ecocyc:TU0-14665 
RDBECOLITUC01688	tpiA	RDBECOLIOPC01676	tpiA	RDBECOLIGNC01003	tpiA	RDBECOLIPMC00190	tpiAp2	4111569		sigma70	RDBECOLITFC00057	Cra	b3919	4111507	4110740		Ecocyc:TU0-14668 
RDBECOLITUC01689	menA-rraA	RDBECOLIOPC02390	menA-rraA	RDBECOLIGNC01806,RDBECOLIGNC01807	rraA;menA	RDBECOLIPMC00191	menAp1	4120398					b3929;b3930	4120349	4118845		Ecocyc:TU0-14669 
RDBECOLITUC01690	alr	RDBECOLIOPC02704	alr	RDBECOLIGNC00001	alr	RDBECOLIPMC00197	alrp2	4265652					b4053	4265782	4266861		Ecocyc:TU0-14670 
RDBECOLITUC01691	yjdC	RDBECOLIOPC02325	dsbD-yjdC	RDBECOLIGNC02064	dicD	RDBECOLIPMC00199	yjdCp	4363330					b4135	4363308	4362733		Ecocyc:TU0-14671 
RDBECOLITUC01692	groL	RDBECOLIOPC01974	groSL	RDBECOLIGNC00591	groL	RDBECOLIPMC00200	groLp1	4370783					b4143	4371025	4372671		Ecocyc:TU0-14672 
RDBECOLITUC01693	groL	RDBECOLIOPC01974	groSL	RDBECOLIGNC00591	groL	RDBECOLIPMC00201	groLp2	4370873					b4143	4371025	4372671		Ecocyc:TU0-14673 
RDBECOLITUC01694	groL	RDBECOLIOPC01974	groSL	RDBECOLIGNC00591	groL	RDBECOLIPMC00202	groLp3	4370976					b4143	4371025	4372671		Ecocyc:TU0-14674 
RDBECOLITUC01695	ydhYVWXUT	RDBECOLIOPC02850	ydhYVWXUT	RDBECOLIGNC03750,RDBECOLIGNC03751,RDBECOLIGNC03752,RDBECOLIGNC03753,RDBECOLIGNC03754,RDBECOLIGNC03755	ydhT;ydhU;ydhX;ydhW;ydhV;ydhY	RDBECOLIPMC00213	ydhYp	1754642		sigma38	RDBECOLITFC00128,RDBECOLITFC00085,RDBECOLITFC00085,RDBECOLITFC00009,RDBECOLITFC00009,RDBECOLITFC00009,RDBECOLITFC00009	FNR,NarP,NarP,NarL,NarL,NarL,NarL	b1669;b1670;b1671;b1672;b1673;b1674	1754477	1748747		Ecocyc:TU0-14675 
RDBECOLITUC01696	artPIQM	RDBECOLIOPC02866	artPIQM	RDBECOLIGNC01573,RDBECOLIGNC01572,RDBECOLIGNC01571,RDBECOLIGNC01570	artM;artQ;artI;artP	RDBECOLIPMC00214	artPp1	903815	RDBECOLITMC00304	sigma38			b0861;b0862;b0863;b0864	903734	900866	900695-900725	Ecocyc:TU0-14676 
RDBECOLITUC01697	artPIQM	RDBECOLIOPC02866	artPIQM	RDBECOLIGNC01573,RDBECOLIGNC01572,RDBECOLIGNC01571,RDBECOLIGNC01570	artM;artQ;artI;artP	RDBECOLIPMC00215	artPp2	903836	RDBECOLITMC00304	sigma38			b0861;b0862;b0863;b0864	903734	900866	900695-900725	Ecocyc:TU0-14677 
RDBECOLITUC01698	artPIQM	RDBECOLIOPC02866	artPIQM	RDBECOLIGNC01573,RDBECOLIGNC01572,RDBECOLIGNC01571,RDBECOLIGNC01570	artM;artQ;artI;artP	RDBECOLIPMC00216	artPp3	903843	RDBECOLITMC00304	sigma38			b0861;b0862;b0863;b0864	903734	900866	900695-900725	Ecocyc:TU0-14678 
RDBECOLITUC01699	ybgA-phr	RDBECOLIOPC02896	ybgA-phr	RDBECOLIGNC00726,RDBECOLIGNC01093	phr;ybgA	RDBECOLIPMC00217	ybgAp2	738920		sigma38			b0708;b0707	739001	740925		Ecocyc:TU0-14679 
RDBECOLITUC01700	gpt	RDBECOLIOPC01910	gpt	RDBECOLIGNC00407	gpt	RDBECOLIPMC00218	gptp	255914	RDBECOLITMC00057	sigma70			b0238	255977	256435	256442-256474	Ecocyc:TU0-14680 
RDBECOLITUC01701	dksA-yadB	RDBECOLIOPC02737	sfsA-dksA	RDBECOLIGNC01330,RDBECOLIGNC00224	gluQ;dksA	RDBECOLIPMC00220	dksAp2	160657		sigma70	RDBECOLITFC00039,RDBECOLITFC00039	DksA,DksA	b0144;b0145	160604	159186		Ecocyc:TU0-14681 
RDBECOLITUC01702	ecnB	RDBECOLIOPC02711	ecnAB	RDBECOLIGNC02929	ecnB	RDBECOLIPMC00222	ecnBp	4376509	RDBECOLITMC00058	sigma38	RDBECOLITFC00040	OmpR	b4411	4376553	4376699	4376705-4376731	Ecocyc:TU0-14682 
RDBECOLITUC01703	creD	RDBECOLIOPC01551	creABCD	RDBECOLIGNC00141	creD	RDBECOLIPMC00223	creDp	4638160	RDBECOLITMC00366		RDBECOLITFC00112	CreB	b4400	4638178	4639530	4639538-4639572	Ecocyc:TU0-14683 
RDBECOLITUC01704	nemRA	RDBECOLIOPC02813	nemRA-gloA	RDBECOLIGNC03743,RDBECOLIGNC03742	nemA;nemR	RDBECOLIPMC00225	nemRp	1726021		sigma70	RDBECOLITFC00174,RDBECOLITFC00161	NemR,RutR	b1650;b1649	1726023	1727756		Ecocyc:TU0-14687 
RDBECOLITUC01705	yliM-ompX	RDBECOLIOPC02371	yliM-ompX	RDBECOLIGNC02791,RDBECOLIGNC02016	yliM;ompX	RDBECOLIPMC00227	yliMp	850209	RDBECOLITMC00067	sigma70			b4736;b0814	850332	850965	850982-851009	Ecocyc:TU0-14688 
RDBECOLITUC01706	ssrS-ygfA	RDBECOLIOPC03592	ssrS-ygfA	RDBECOLIGNC01140,RDBECOLIGNC02536	fau;ssrS	RDBECOLIPMC00231	ssrSp2	3055759		sigma70	RDBECOLITFC00020,RDBECOLITFC00014,RDBECOLITFC00066,RDBECOLITFC00053	H-NS,Lrp,StpA,Fis	b2912;b2911	3055983	3056789		Ecocyc:TU0-14689 
RDBECOLITUC01707	yfaXWVU	RDBECOLIOPC02853	yfaX-rhmD	RDBECOLIGNC03990,RDBECOLIGNC03991,RDBECOLIGNC03992,RDBECOLIGNC03993	yfaU;yfaV;rhmD;yfaX								b2245;b2246;b2247;b2248	2362211	2358042		Ecocyc:TU0-14691 
RDBECOLITUC01708	pstS	RDBECOLIOPC03587	pstSCAB-phoU	RDBECOLIGNC00724	pstS	RDBECOLIPMC03521	pstSp	3911568	RDBECOLITMC00070	sigma70	RDBECOLITFC00128,RDBECOLITFC00211,RDBECOLITFC00202,RDBECOLITFC00202	FNR,IHF,PhoB,PhoB	b3728	3911525	3910485	3910443-3910473	Ecocyc:TU0-14692 
RDBECOLITUC01709	pstSCA	RDBECOLIOPC03587	pstSCAB-phoU	RDBECOLIGNC00772,RDBECOLIGNC00774,RDBECOLIGNC00724	pstA;pstC;pstS	RDBECOLIPMC03521	pstSp	3911568	RDBECOLITMC00071	sigma70	RDBECOLITFC00128,RDBECOLITFC00211,RDBECOLITFC00202,RDBECOLITFC00202	FNR,IHF,PhoB,PhoB	b3726;b3727;b3728	3911525	3908549	3908495-3908517	Ecocyc:TU0-14693 
RDBECOLITUC01710	pstB-phoU	RDBECOLIOPC03587	pstSCAB-phoU	RDBECOLIGNC00725,RDBECOLIGNC00773	phoU;pstB	RDBECOLIPMC00234	pstBp3	3908447		sigma70			b3724;b3725	3908366	3906853		Ecocyc:TU0-14694 
RDBECOLITUC01711	rph	RDBECOLIOPC02922	rph-pyrE	RDBECOLIGNC00853	rph	RDBECOLIPMC03667	rphp	3816580	RDBECOLITMC00072				b3643	3816549	3815863	3815807-3815828	Ecocyc:TU0-14696 
RDBECOLITUC01712	mdtEF	RDBECOLIOPC03599	gadEF-mdtEF	RDBECOLIGNC02119,RDBECOLIGNC02118	mdtF;mdtE	RDBECOLIPMC00244	mdtEp2	3659140					b3514;b3513	3659232	3663527		Ecocyc:TU0-14697 
RDBECOLITUC01713	mdtEF	RDBECOLIOPC03599	gadEF-mdtEF	RDBECOLIGNC02119,RDBECOLIGNC02118	mdtF;mdtE	RDBECOLIPMC00245	mdtEp3	3659145					b3514;b3513	3659232	3663527		Ecocyc:TU0-14698 
RDBECOLITUC01714	cmr	RDBECOLIOPC03445	cmr	RDBECOLIGNC03309	mdfA	RDBECOLIPMC00246	cmrp2	883569	RDBECOLITMC00309				b0842	883673	884905	884910-884938	Ecocyc:TU0-14699 
RDBECOLITUC01715	tolC-ygiBC	RDBECOLIOPC01896	tolC-ygiBC	RDBECOLIGNC01147,RDBECOLIGNC01146,RDBECOLIGNC00997	ygiC;ygiB;tolC	RDBECOLIPMC00247	tolCp1	3178004					b3038;b3037;b3035	3178115	3181581		Ecocyc:TU0-14701 
RDBECOLITUC01716	tolC-ygiBC	RDBECOLIOPC01896	tolC-ygiBC	RDBECOLIGNC01147,RDBECOLIGNC01146,RDBECOLIGNC00997	ygiC;ygiB;tolC	RDBECOLIPMC00248	tolCp2	3178012			RDBECOLITFC00166	PhoP	b3038;b3037;b3035	3178115	3181581		Ecocyc:TU0-14702 
RDBECOLITUC01717	tolC-ygiBC	RDBECOLIOPC01896	tolC-ygiBC	RDBECOLIGNC01147,RDBECOLIGNC01146,RDBECOLIGNC00997	ygiC;ygiB;tolC	RDBECOLIPMC00249	tolCp3	3178062			RDBECOLITFC00201,RDBECOLITFC00051,RDBECOLITFC00074	SoxS,Rob,MarA	b3038;b3037;b3035	3178115	3181581		Ecocyc:TU0-14704 
RDBECOLITUC01718	murQP	RDBECOLIOPC03139	murQP-yfeW	RDBECOLIGNC04093,RDBECOLIGNC04092	murP;murQ	RDBECOLIPMC00251	murQp1	2545733		sigma70	RDBECOLITFC00159,RDBECOLITFC00159,RDBECOLITFC00189	MurR,MurR,CRP	b2429;b2428	2545773	2548097		Ecocyc:TU0-14714 
RDBECOLITUC01719	murQP	RDBECOLIOPC03139	murQP-yfeW	RDBECOLIGNC04093,RDBECOLIGNC04092	murP;murQ	RDBECOLIPMC00252	murQp2	2545741		sigma70	RDBECOLITFC00159,RDBECOLITFC00189,RDBECOLITFC00159	MurR,CRP,MurR	b2429;b2428	2545773	2548097		Ecocyc:TU0-14715 
RDBECOLITUC01720	sibE	RDBECOLIOPC00616	sibE	RDBECOLIGNC02662	sibE	RDBECOLIPMC00255	sibEp	3195240		sigma70			b4611	3195240	3195097		Ecocyc:TU0-14716 
RDBECOLITUC01721	sibC	RDBECOLIOPC02352	sibC	RDBECOLIGNC02888	sibC	RDBECOLIPMC00256	sibCp	3056851	RDBECOLITMC00198				b4446	3056851	3056991	3056957-3056991	Ecocyc:TU0-14717 
RDBECOLITUC01722	gadW	RDBECOLIOPC02867	gadXW	RDBECOLIGNC02120	gadW	RDBECOLIPMC00260	gadWp1	3664651	RDBECOLITMC00108		RDBECOLITFC00141	YdeO	b3515	3664618	3663890	3663541-3663571	Ecocyc:TU0-14718 
RDBECOLITUC01723	gadW	RDBECOLIOPC02867	gadXW	RDBECOLIGNC02120	gadW	RDBECOLIPMC00261	gadWp2	3664781	RDBECOLITMC00108		RDBECOLITFC00166,RDBECOLITFC00021,RDBECOLITFC00020,RDBECOLITFC00187,RDBECOLITFC00023,RDBECOLITFC00187,RDBECOLITFC00187,RDBECOLITFC00187,RDBECOLITFC00023	PhoP,SdiA,H-NS,GadX,GadW,GadX,GadX,GadX,GadW	b3515	3664618	3663890	3663541-3663571	Ecocyc:TU0-14719 
RDBECOLITUC01724	uvrB	RDBECOLIOPC01941	uvrB	RDBECOLIGNC01050	uvrB	RDBECOLIPMC00265	uvrBp1	813493		sigma70	RDBECOLITFC00214	LexA	b0779	813526	815547		Ecocyc:TU0-14730 
RDBECOLITUC01725	gadEF	RDBECOLIOPC03599	gadEF-mdtEF	RDBECOLIGNC02758,RDBECOLIGNC01497	gadF;gadE	RDBECOLIPMC00271	gadEp3	3657800		sigma70	RDBECOLITFC00141,RDBECOLITFC00187,RDBECOLITFC00187,RDBECOLITFC00098	YdeO,GadX,GadX,ArcA	b4718;b3512	3658366	3659082		Ecocyc:TU0-14736 
RDBECOLITUC01726	fadR	RDBECOLIOPC00682	fadR	RDBECOLIGNC00275	fadR	RDBECOLIPMC00274	fadRp1	1234905	RDBECOLITMC00079	sigma70	RDBECOLITFC00126,RDBECOLITFC00039	FadR,DksA	b1187	1234938	1235657	1235677-1235698	Ecocyc:TU0-14737 
RDBECOLITUC01727	yjeV	RDBECOLIOPC01587	yjeV	RDBECOLIGNC02683	yjeV	RDBECOLIPMC00275	yjeVp	4392736		sigma70	RDBECOLITFC00017,RDBECOLITFC00017	DnaA,DnaA	b4670	4392892	4392945		Ecocyc:TU0-14738 
RDBECOLITUC01728	ogt	RDBECOLIOPC03210	abgABT-ogt	RDBECOLIGNC00660	ogt	RDBECOLIPMC00277	ogtp	1400284			RDBECOLITFC00053,RDBECOLITFC00009,RDBECOLITFC00009,RDBECOLITFC00009,RDBECOLITFC00009	Fis,NarL,NarL,NarL,NarL	b1335	1400236	1399721		Ecocyc:TU0-14739 
RDBECOLITUC01729	pepA	RDBECOLIOPC03333	pepA	RDBECOLIGNC00685	pepA	RDBECOLIPMC00280	pepAp2	4486112		sigma70			b4260	4485951	4484440		Ecocyc:TU0-14740 
RDBECOLITUC01730	pepA	RDBECOLIOPC03333	pepA	RDBECOLIGNC00685	pepA	RDBECOLIPMC00281	pepAp3	4486101		sigma70			b4260	4485951	4484440		Ecocyc:TU0-14741 
RDBECOLITUC01731	gadE-mdtEF	RDBECOLIOPC03599	gadEF-mdtEF	RDBECOLIGNC02758,RDBECOLIGNC02119,RDBECOLIGNC02118,RDBECOLIGNC01497	gadF;mdtF;mdtE;gadE	RDBECOLIPMC00284	gadEp4	3658062		sigma70			b4718;b3514;b3513;b3512	3658366	3663527		Ecocyc:TU0-14742 
RDBECOLITUC01732	rfaYZ	RDBECOLIOPC03573	rirA-rfaQGPSBIJYZ-waaU	RDBECOLIGNC01389,RDBECOLIGNC01388	waaZ;waaY	RDBECOLIPMC00287	waaYp	3801136		sigma70	RDBECOLITFC00201,RDBECOLITFC00074	SoxS,MarA	b3624;b3625	3800965	3799345		Ecocyc:TU0-14744 
RDBECOLITUC01733	mdh	RDBECOLIOPC03063	mdh	RDBECOLIGNC00568	mdh	RDBECOLIPMC00288	mdhp2	3384470			RDBECOLITFC00173	DpiA	b3236	3384268	3383330		Ecocyc:TU0-14745 
RDBECOLITUC01734	uxaCA	RDBECOLIOPC00107	uxaCA	RDBECOLIGNC02370,RDBECOLIGNC04694	uxaA;uxaC	RDBECOLIPMC00289	uxaCp1	3244843			RDBECOLITFC00106	KdpE	b3091;b3092	3244741	3241827		Ecocyc:TU0-14746 
RDBECOLITUC01735	exuT	RDBECOLIOPC02855	exuT	RDBECOLIGNC02371	exuT	RDBECOLIPMC00290	exuTp1	3245043			RDBECOLITFC00173	DpiA	b3093	3245224	3246522		Ecocyc:TU0-14749 
RDBECOLITUC01736	citCDEFXG	RDBECOLIOPC03308	citCDEFXG	RDBECOLIGNC03216,RDBECOLIGNC03217,RDBECOLIGNC03218,RDBECOLIGNC03219,RDBECOLIGNC03220,RDBECOLIGNC03221	citG;citX;citF;citE;citD;citC	RDBECOLIPMC00291	citCp2	652039			RDBECOLITFC00173,RDBECOLITFC00009,RDBECOLITFC00173,RDBECOLITFC00173,RDBECOLITFC00189,RDBECOLITFC00128	DpiA,NarL,DpiA,DpiA,CRP,FNR	b0613;b0614;b0615;b0616;b0617;b0618	651856	646631		Ecocyc:TU0-14750 
RDBECOLITUC01737	dpiBA	RDBECOLIOPC03484	dpiBA	RDBECOLIGNC03223,RDBECOLIGNC03222	dpiA;dpiB	RDBECOLIPMC00293	dpiBp2	652172			RDBECOLITFC00009,RDBECOLITFC00025,RDBECOLITFC00025	NarL,DcuR,DcuR	b0620;b0619	652235	654542		Ecocyc:TU0-14751 
RDBECOLITUC01738	tsaE-amiB-mutL-miaA-hfq-hflXKC	RDBECOLIOPC02986	yjeFE-amiB-mutL-miaA-hfq-hflXKC	RDBECOLIGNC00428,RDBECOLIGNC00429,RDBECOLIGNC00430,RDBECOLIGNC00431,RDBECOLIGNC00587,RDBECOLIGNC01253,RDBECOLIGNC01331,RDBECOLIGNC01691	hflC;hflK;hflX;hfq;miaA;mutL;amiB;tsaE	RDBECOLIPMC00299	tsaEp						b4175;b4174;b4173;b4172;b4171;b4170;b4169;b4168	4395585	4404304		Ecocyc:TU0-14759 
RDBECOLITUC01739	ahpCF	RDBECOLIOPC03164	ahpCF	RDBECOLIGNC01351,RDBECOLIGNC01350	ahpF;ahpC	RDBECOLIPMC00301	ahpCp2	638693		sigma70	RDBECOLITFC00216,RDBECOLITFC00216	OxyR,OxyR	b0606;b0605	638945	641318		Ecocyc:TU0-14761 
RDBECOLITUC01740	ycgZ-ymgA-ariR-ymgC	RDBECOLIOPC03596	ycgZ-ymgA-ariR-ymgC	RDBECOLIGNC03471,RDBECOLIGNC03470,RDBECOLIGNC03469,RDBECOLIGNC03468	ymgC;ariR;ymgA;ycgZ	RDBECOLIPMC00362	ycgZp	1215752		sigma70	RDBECOLITFC00157,RDBECOLITFC00074	BluR,MarA	b1167;b1166;b1165;b1164	1215789	1216996		Ecocyc:TU0-14762 
RDBECOLITUC01741	yrbN-deaD	RDBECOLIOPC01795	yrbN-deaD	RDBECOLIGNC00209,RDBECOLIGNC02692	deaD;yrbN	RDBECOLIPMC00303	yrbNp1	3308086		sigma70			b3162;b4685	3307933	3305971		Ecocyc:TU0-14763 
RDBECOLITUC01742	ivbL-ilvBN-uhpABC	RDBECOLIOPC03544	ivbL-ilvBN-uhpABC	RDBECOLIGNC01041,RDBECOLIGNC01040,RDBECOLIGNC01039,RDBECOLIGNC00494,RDBECOLIGNC00487,RDBECOLIGNC01248	uhpC;uhpB;uhpA;ilvN;ilvB;ivbL								b3667;b3668;b3669;b3670;b3671;b3672	3852988	3847305		Ecocyc:TU0-14764 
RDBECOLITUC01743	yfiRN	RDBECOLIOPC01572	yfiR-dgcN-yfiB	RDBECOLIGNC02414,RDBECOLIGNC04178	dgcN;yfiR								b2604;b2603	2741875	2743609		Ecocyc:TU0-14765 
RDBECOLITUC01744	iraD	RDBECOLIOPC03208	iraD	RDBECOLIGNC02759,RDBECOLIGNC02761,RDBECOLIGNC02760,RDBECOLIGNC04661	idlP;ytiD;ytiC;iraD	RDBECOLIPMC00318	iraDp1	4556576		sigma70	RDBECOLITFC00039,RDBECOLITFC00017	DksA,DnaA	b4722;b4721;b4720;b4326	4556574	4557385		Ecocyc:TU0-14766 
RDBECOLITUC01745	azuCR	RDBECOLIOPC02258	azuCR	RDBECOLIGNC04737,RDBECOLIGNC02694	azuR;azuC	RDBECOLIPMC00319	azuCp	1988001		sigma70	RDBECOLITFC00189,RDBECOLITFC00189	CRP,CRP	b4434;b4663	1988001	1987843		Ecocyc:TU0-14767 
RDBECOLITUC01746	ykgR	RDBECOLIOPC01236	ykgR	RDBECOLIGNC02695	ykgR	RDBECOLIPMC00320	ykgRp	313285		sigma70	RDBECOLITFC00189	CRP	b4671	313242	313141		Ecocyc:TU0-14769 
RDBECOLITUC01747	yobF-cspC	RDBECOLIOPC01213	yobF-cspC	RDBECOLIGNC02087,RDBECOLIGNC03850	cspC;yobF	RDBECOLIPMC00321	yobFp1	1907793		sigma70	RDBECOLITFC00169,RDBECOLITFC00169,RDBECOLITFC00169	BtsR,BtsR,BtsR	b1823;b1824	1907591	1907226		Ecocyc:TU0-14771 
RDBECOLITUC01748	rraB	RDBECOLIOPC01867	yjgD	RDBECOLIGNC04625	rraB	RDBECOLIPMC00322	rraBp1	4478384		sigma70			b4255	4478473	4478889		Ecocyc:TU0-14772 
RDBECOLITUC01749	glmY	RDBECOLIOPC03365	glmY	RDBECOLIGNC02909	glmY	RDBECOLIPMC00323	glmYp2	2691340	RDBECOLITMC00089	sigma70			b4441	2691340	2691157	2691157-2691185	Ecocyc:TU0-14775 
RDBECOLITUC01750	yahE	RDBECOLIOPC02002	yahDEFG	RDBECOLIGNC03078	yahE	RDBECOLIPMC00324	yahEp	335739		sigma54			b0319	335925	336788		Ecocyc:TU0-14781 
RDBECOLITUC01751	nikABCDER	RDBECOLIOPC03577	nikABCDER	RDBECOLIGNC01981,RDBECOLIGNC01472,RDBECOLIGNC01980,RDBECOLIGNC01979,RDBECOLIGNC01978,RDBECOLIGNC01977	nikE;nikR;nikD;nikC;nikB;nikA	RDBECOLIPMC00327	nikAp2	3613439		sigma54			b3480;b3481;b3479;b3478;b3477;b3476	3613667	3618989		Ecocyc:TU0-14783 
RDBECOLITUC01752	htpG	RDBECOLIOPC01534	htpG	RDBECOLIGNC00454	htpG	RDBECOLIPMC00332	htpGp3	494817		sigma54			b0473	495120	496994		Ecocyc:TU0-14784 
RDBECOLITUC01753	flhDC	RDBECOLIOPC02921	flhDC	RDBECOLIGNC00313,RDBECOLIGNC00314	flhC;flhD	RDBECOLIPMC00333	flhDp2	1978577	RDBECOLITMC00216	sigma54	RDBECOLITFC00115	MatA	b1891;b1892	1978197	1977266	1977200-1977254	Ecocyc:TU0-14785 
RDBECOLITUC01754	actP	RDBECOLIOPC03435	acs-yjcHG	RDBECOLIGNC01867	actP	RDBECOLIPMC00334	actPp	4284935		sigma54			b4067	4284902	4283253		Ecocyc:TU0-14786 
RDBECOLITUC01755	rhaD	RDBECOLIOPC00464	rhaBAD	RDBECOLIGNC01794	rhaD	RDBECOLIPMC00335	rhaDp	4094385		sigma54			b3902	4094272	4093448		Ecocyc:TU0-14787 
RDBECOLITUC01756	mqsRA	RDBECOLIOPC03047	mqsRA	RDBECOLIGNC04376,RDBECOLIGNC04377	mqsA;mqsR	RDBECOLIPMC00336	mqsRp2	3168562		sigma70			b3021;b3022	3168544	3167851		Ecocyc:TU0-14791 
RDBECOLITUC01757	xdhABC	RDBECOLIOPC01407	xdhABC	RDBECOLIGNC04298,RDBECOLIGNC04297,RDBECOLIGNC04296	xdhC;xdhB;xdhA	RDBECOLIPMC00337	xdhAp2	3000265		sigma54			b2868;b2867;b2866	3000345	3003968		Ecocyc:TU0-14792 
RDBECOLITUC01758	acrD	RDBECOLIOPC02830	acrD	RDBECOLIGNC00012	acrD	RDBECOLIPMC00338	acrDp2	2587550		sigma54	RDBECOLITFC00170,RDBECOLITFC00170,RDBECOLITFC00170,RDBECOLITFC00182	CpxR,CpxR,CpxR,BaeR	b2470	2587595	2590708		Ecocyc:TU0-14793 
RDBECOLITUC01759	greA	RDBECOLIOPC01554	greA	RDBECOLIGNC00408	greA	RDBECOLIPMC00339	greAp1	3328864	RDBECOLITMC00100	sigma70			b3181	3328715	3328239	3328806-3328846	Ecocyc:TU0-14794 
RDBECOLITUC01760	fnrS	RDBECOLIOPC00633	fnrS	RDBECOLIGNC02700	fnrS	RDBECOLIPMC00342	fnrSp	1409129	RDBECOLITMC00101	sigma70	RDBECOLITFC00128	FNR	b4699	1409129	1409250	1409217-1409249	Ecocyc:TU0-14795 
RDBECOLITUC01761	mgrR	RDBECOLIOPC02238	mgrR	RDBECOLIGNC02699	mgrR	RDBECOLIPMC00343	mgrRp	1622914	RDBECOLITMC00102	sigma70	RDBECOLITFC00166	PhoP	b4698	1622914	1622817	1622817-1622874	Ecocyc:TU0-14797 
RDBECOLITUC01762	selD-topB	RDBECOLIOPC02930	ydjA-selD-topB	RDBECOLIGNC01002,RDBECOLIGNC00931	topB;selD	RDBECOLIPMC00348	selDp2	1848029	RDBECOLITMC00105				b1763;b1764	1848008	1844999	1844937-1844959	Ecocyc:TU0-14798 
RDBECOLITUC01763	ynjH	RDBECOLIOPC00835	ynjH	RDBECOLIGNC03806	ynjH	RDBECOLIPMC00350	ynjHp2	1842188		sigma28			b1760	1842135	1841863		Ecocyc:TU0-14800 
RDBECOLITUC01764	rdcAB	RDBECOLIOPC02631	rdcAB	RDBECOLIGNC04566,RDBECOLIGNC01189	rdcB;rdcA	RDBECOLIPMC00352	rdcAp1	4327079		sigma28			b4110;b4109	4327135	4330238		Ecocyc:TU0-14801 
RDBECOLITUC01765	ykfBF-yafX-ykfGH-yafW-ykfI	RDBECOLIOPC03606	yafY-ykfBF-yafX-ykfGH-yafW-ykfI	RDBECOLIGNC03016,RDBECOLIGNC03017,RDBECOLIGNC02572,RDBECOLIGNC03018,RDBECOLIGNC03019,RDBECOLIGNC03020,RDBECOLIGNC03021	ykfI;yafW;ykfH;ykfG;yafX;ykfF;ykfB	RDBECOLIPMC00354	ykfBp1	266158		sigma28			b0245;b0246;b4504;b0247;b0248;b0249;b0250	266087	263328		Ecocyc:TU0-14802 
RDBECOLITUC01766	ykfBF-yafX-ykfGH-yafW-ykfI	RDBECOLIOPC03606	yafY-ykfBF-yafX-ykfGH-yafW-ykfI	RDBECOLIGNC03016,RDBECOLIGNC03017,RDBECOLIGNC02572,RDBECOLIGNC03018,RDBECOLIGNC03019,RDBECOLIGNC03020,RDBECOLIGNC03021	ykfI;yafW;ykfH;ykfG;yafX;ykfF;ykfB	RDBECOLIPMC00355	ykfBp2	266227		sigma28			b0245;b0246;b4504;b0247;b0248;b0249;b0250	266087	263328		Ecocyc:TU0-14803 
RDBECOLITUC01767	hemL	RDBECOLIOPC02004	hemL	RDBECOLIGNC00425	hemL	RDBECOLIPMC00356	hemLp1	174902		sigma28			b0154	174882	173602		Ecocyc:TU0-14805 
RDBECOLITUC01768	hemL	RDBECOLIOPC02004	hemL	RDBECOLIGNC00425	hemL	RDBECOLIPMC00357	hemLp2	174941		sigma28			b0154	174882	173602		Ecocyc:TU0-14806 
RDBECOLITUC01769	rnlB	RDBECOLIOPC03459	rnlAB	RDBECOLIGNC04189	rnlB	RDBECOLIPMC00361	rnlBp2	2766860		sigma70			b2631	2766984	2767355		Ecocyc:TU0-14812 
RDBECOLITUC01770	pfkA	RDBECOLIOPC02836	pfkA	RDBECOLIGNC00690	pfkA	RDBECOLIPMC00364	pfkAp1	4107522	RDBECOLITMC00206	sigma70			b3916	4107552	4108514	4108678-4108732	Ecocyc:TU0-14813 
RDBECOLITUC01771	pgk	RDBECOLIOPC03598	epd-pgk-fbaA	RDBECOLIGNC00694	pgk	RDBECOLIPMC00365	pgkp2	3072648	RDBECOLITMC00298				b2926	3072622	3071459	3071431-3071450	Ecocyc:TU0-14814 
RDBECOLITUC01772	pgk-fbaA	RDBECOLIOPC03598	epd-pgk-fbaA	RDBECOLIGNC00276,RDBECOLIGNC00694	fbaA;pgk	RDBECOLIPMC00365	pgkp2	3072648					b2925;b2926	3072622	3070165		Ecocyc:TU0-14816 
RDBECOLITUC01773	pgk	RDBECOLIOPC03598	epd-pgk-fbaA	RDBECOLIGNC00694	pgk	RDBECOLIPMC00366	pgkp3	3072735	RDBECOLITMC00298	sigma70			b2926	3072622	3071459	3071431-3071450	Ecocyc:TU0-14817 
RDBECOLITUC01774	pgk-fbaA	RDBECOLIOPC03598	epd-pgk-fbaA	RDBECOLIGNC00276,RDBECOLIGNC00694	fbaA;pgk	RDBECOLIPMC00366	pgkp3	3072735		sigma70			b2925;b2926	3072622	3070165		Ecocyc:TU0-14818 
RDBECOLITUC01775	gpmA	RDBECOLIOPC01927	gpmA	RDBECOLIGNC01640	gpmA	RDBECOLIPMC00367	gpmAp2	787670		sigma70			b0755	787595	786843		Ecocyc:TU0-14819 
RDBECOLITUC01776	eno	RDBECOLIOPC03252	pyrG-eno	RDBECOLIGNC00252	eno	RDBECOLIPMC00368	enop4	2907968		sigma70			b2779	2907941	2906643		Ecocyc:TU0-14820 
RDBECOLITUC01777	eno	RDBECOLIOPC03252	pyrG-eno	RDBECOLIGNC00252	eno	RDBECOLIPMC00369	enop7	2908152		sigma70			b2779	2907941	2906643		Ecocyc:TU0-14821 
RDBECOLITUC01778	pykF	RDBECOLIOPC03586	pykF	RDBECOLIGNC00794	pykF	RDBECOLIPMC00370	pykFp3	1755617					b1676	1755698	1757110		Ecocyc:TU0-14822 
RDBECOLITUC01779	fabB	RDBECOLIOPC00620	fabB	RDBECOLIGNC00268	fabB	RDBECOLIPMC03623	fabBp	2441641	RDBECOLITMC00118	sigma70	RDBECOLITFC00126,RDBECOLITFC00028	FadR,FabR	b2323	2441605	2440385	2440283-2440310	Ecocyc:TU0-1482 
RDBECOLITUC01780	gor	RDBECOLIOPC02044	gor	RDBECOLIGNC00405	gor	RDBECOLIPMC00416	gorp	3646112		sigma70	RDBECOLITFC00216	OxyR	b3500	3646299	3647651		Ecocyc:TU0-14 
RDBECOLITUC01781	flxA	RDBECOLIOPC01834	flxA	RDBECOLIGNC03686	flxA	RDBECOLIPMC00418	flxAp	1646388		sigma28	RDBECOLITFC00053	Fis	b1566	1646405	1646737		Ecocyc:TU0-1501 
RDBECOLITUC01782	fliCX	RDBECOLIOPC00852	fliCX	RDBECOLIGNC04728,RDBECOLIGNC00315	fliX;fliC	RDBECOLIPMC00419	fliCp	2003676		sigma28	RDBECOLITFC00115,RDBECOLITFC00020,RDBECOLITFC00077	MatA,H-NS,GadE	b4827;b1923	2003606	2001912		Ecocyc:TU0-1521 
RDBECOLITUC01783	tsr	RDBECOLIOPC02848	tsr	RDBECOLIGNC01022	tsr	RDBECOLIPMC00421	tsrp2	4591633		sigma28			b4355	4591657	4593312		Ecocyc:TU0-1541 
RDBECOLITUC01784	flgMN	RDBECOLIOPC03112	flgAMN	RDBECOLIGNC03427,RDBECOLIGNC02966	flgN;flgM	RDBECOLIPMC00422	flgMp	1130165		sigma28	RDBECOLITFC00018,RDBECOLITFC00018	CsgD,CsgD	b1070;b1071	1130128	1129414		Ecocyc:TU0-1544 
RDBECOLITUC01785	flgK	RDBECOLIOPC00562	flgK	RDBECOLIGNC04727,RDBECOLIGNC01498,RDBECOLIGNC01890	flgO;flgL;flgK	RDBECOLIPMC00423	flgKp	1138351		sigma28			b4826;b1083;b1082	1138378	1141063		Ecocyc:TU0-1545 
RDBECOLITUC01786	aer	RDBECOLIOPC02277	aer	RDBECOLIGNC04396	aer	RDBECOLIPMC00424	aerp	3219120		sigma28	RDBECOLITFC00128,RDBECOLITFC00189	FNR,CRP	b3072	3219076	3217556		Ecocyc:TU0-1546 
RDBECOLITUC01787	tar-tap-cheRBYZ	RDBECOLIOPC01153	tar-tap-cheRBYZ	RDBECOLIGNC00147,RDBECOLIGNC00146,RDBECOLIGNC00143,RDBECOLIGNC00144,RDBECOLIGNC00975,RDBECOLIGNC00976	cheZ;cheY;cheB;cheR;tap;tar	RDBECOLIPMC00425	tarp	1972716		sigma28	RDBECOLITFC00128	FNR	b1881;b1882;b1883;b1884;b1885;b1886	1972691	1966393		Ecocyc:TU0-1547 
RDBECOLITUC01788	ycgR	RDBECOLIOPC00295	ycgR	RDBECOLIGNC03485	ycgR	RDBECOLIPMC00426	ycgRp	1244556		sigma28	RDBECOLITFC00052	FlhDC	b1194	1244527	1243793		Ecocyc:TU0-1548 
RDBECOLITUC01789	yhjH	RDBECOLIOPC01877	yhjH	RDBECOLIGNC02129	pdeH	RDBECOLIPMC00427	yhjHp	3679229		sigma28	RDBECOLITFC00052	FlhDC	b3525	3679187	3678420		Ecocyc:TU0-1549 
RDBECOLITUC01790	cspA	RDBECOLIOPC02805	cspA	RDBECOLIGNC00162	cspA	RDBECOLIPMC03664	cspAp1	3719889	RDBECOLITMC00048	sigma70	RDBECOLITFC00020,RDBECOLITFC00020,RDBECOLITFC00020,RDBECOLITFC00020,RDBECOLITFC00020,RDBECOLITFC00053,RDBECOLITFC00053,RDBECOLITFC00053,RDBECOLITFC00053,RDBECOLITFC00053	H-NS,H-NS,H-NS,H-NS,H-NS,Fis,Fis,Fis,Fis,Fis	b3556	3720049	3720261	3720286-3720313	Ecocyc:TU0-1581 
RDBECOLITUC01791	cspA	RDBECOLIOPC02805	cspA	RDBECOLIGNC00162	cspA	RDBECOLIPMC03665	cspAp2	3719940	RDBECOLITMC00048	sigma70			b3556	3720049	3720261	3720286-3720313	Ecocyc:TU0-1582 
RDBECOLITUC01792	nanATEK-yhcH	RDBECOLIOPC03113	nanATEK-yhcH	RDBECOLIGNC04469,RDBECOLIGNC04470,RDBECOLIGNC04471,RDBECOLIGNC02973,RDBECOLIGNC00629	nanQ;nanK;nanE;nanT;nanA	RDBECOLIPMC00428	nanAp	3373620		sigma70	RDBECOLITFC00189,RDBECOLITFC00154,RDBECOLITFC00154,RDBECOLITFC00154,RDBECOLITFC00053,RDBECOLITFC00053,RDBECOLITFC00053	CRP,NanR,NanR,NanR,Fis,Fis,Fis	b3221;b3222;b3223;b3224;b3225	3373576	3369014		Ecocyc:TU0-1601 
RDBECOLITUC01793	dcuC	RDBECOLIOPC00607	dcuC	RDBECOLIGNC03224	dcuC	RDBECOLIPMC00429	dcuCp	656083			RDBECOLITFC00098,RDBECOLITFC00128,RDBECOLITFC00128,RDBECOLITFC00128	ArcA,FNR,FNR,FNR	b0621	655968	654583		Ecocyc:TU0-1603 
RDBECOLITUC01794	sodB	RDBECOLIOPC02201	sodB	RDBECOLIGNC00942	sodB	RDBECOLIPMC03597	sodBp	1735323	RDBECOLITMC00174	sigma70	RDBECOLITFC00038,RDBECOLITFC00189,RDBECOLITFC00211	NsrR,CRP,IHF	b1656	1735378	1735959	1736082-1736114	Ecocyc:TU0-1681 
RDBECOLITUC01795	asr	RDBECOLIOPC01959	asr	RDBECOLIGNC03708	asr	RDBECOLIPMC00430	asrp	1671327	RDBECOLITMC00269	sigma70	RDBECOLITFC00048,RDBECOLITFC00048,RDBECOLITFC00202,RDBECOLITFC00167,RDBECOLITFC00020	RcdA,RcdA,PhoB,RstA,H-NS	b1597	1671376	1671684	1671703-1671720	Ecocyc:TU0-1701 
RDBECOLITUC01796	fxsA	RDBECOLIOPC00333	fxsA	RDBECOLIGNC04573	fxsA	RDBECOLIPMC00431	fxsAp	4368603		sigma32			b4140	4368664	4369140		Ecocyc:TU0-1721 
RDBECOLITUC01797	ribA	RDBECOLIOPC02692	ribA	RDBECOLIGNC01301	ribA	RDBECOLIPMC03912	ribAp1	1339190	RDBECOLITMC00125	sigma70	RDBECOLITFC00201	SoxS	b1277	1339160	1338570	1338512-1338548	Ecocyc:TU0-1741 
RDBECOLITUC01798	ribA	RDBECOLIOPC02692	ribA	RDBECOLIGNC01301	ribA	RDBECOLIPMC03916	ribAp2	1339234	RDBECOLITMC00125	sigma70			b1277	1339160	1338570	1338512-1338548	Ecocyc:TU0-1742 
RDBECOLITUC01799	osmC	RDBECOLIOPC02839	osmC	RDBECOLIGNC00672	osmC	RDBECOLIPMC03751	osmCp1	1556596		sigma70	RDBECOLITFC00042,RDBECOLITFC00084,RDBECOLITFC00020,RDBECOLITFC00014	RcsB,NhaR,H-NS,Lrp	b1482	1556625	1557056		Ecocyc:TU0-1761 
RDBECOLITUC01800	osmC	RDBECOLIOPC02839	osmC	RDBECOLIGNC00672	osmC	RDBECOLIPMC03752	osmCp2	1556606		sigma38	RDBECOLITFC00014,RDBECOLITFC00020	Lrp,H-NS	b1482	1556625	1557056		Ecocyc:TU0-1762 
RDBECOLITUC01801	pth-ychF	RDBECOLIOPC03209	pth-ychF	RDBECOLIGNC01369,RDBECOLIGNC00775	ychF;pth	RDBECOLIPMC00432	pthp	1258542		sigma70			b1203;b1204	1258513	1256721		Ecocyc:TU0-1781 
RDBECOLITUC01802	ychF	RDBECOLIOPC03209	pth-ychF	RDBECOLIGNC01369	ychF	RDBECOLIPMC00433	ychFp	1257882		sigma70	RDBECOLITFC00216,RDBECOLITFC00216	OxyR,OxyR	b1203	1257812	1256721		Ecocyc:TU0-1782 
RDBECOLITUC01803	metK	RDBECOLIOPC01140	metK	RDBECOLIGNC00581	metK	RDBECOLIPMC00434	metKp	3086577		sigma70	RDBECOLITFC00189,RDBECOLITFC00218,RDBECOLITFC00218	CRP,MetJ,MetJ	b2942	3086706	3087860		Ecocyc:TU0-1783 
RDBECOLITUC01804	pspF	RDBECOLIOPC02674	pspF	RDBECOLIGNC02214	pspF	RDBECOLIPMC00436	pspFp1	1367945	RDBECOLITMC00022	sigma70	RDBECOLITFC00110,RDBECOLITFC00110	PspF,PspF	b1303	1367912	1366935	1366818-1366913	Ecocyc:TU0-1802 
RDBECOLITUC01805	pspF	RDBECOLIOPC02674	pspF	RDBECOLIGNC02214	pspF	RDBECOLIPMC00437	pspFp2	1367929	RDBECOLITMC00022	sigma70			b1303	1367912	1366935	1366818-1366913	Ecocyc:TU0-1803 
RDBECOLITUC01806	pspF	RDBECOLIOPC02674	pspF	RDBECOLIGNC02214	pspF	RDBECOLIPMC00438	pspFp3	1368040	RDBECOLITMC00022	sigma70			b1303	1367912	1366935	1366818-1366913	Ecocyc:TU0-1805 
RDBECOLITUC01807	cusCFBA	RDBECOLIOPC00019	cusCFBA	RDBECOLIGNC02230,RDBECOLIGNC03200,RDBECOLIGNC03199,RDBECOLIGNC03198	cusA;cusB;cusF;cusC	RDBECOLIPMC00440	cusCp	595573		sigma70	RDBECOLITFC00202,RDBECOLITFC00073,RDBECOLITFC00120	PhoB,HprR,CusR	b0575;b0574;b0573;b0572	595600	601857		Ecocyc:TU0-1821 
RDBECOLITUC01808	cusRS	RDBECOLIOPC01507	cusRS	RDBECOLIGNC03196,RDBECOLIGNC03197	cusS;cusR	RDBECOLIPMC00441	cusRp	595462		sigma70	RDBECOLITFC00202,RDBECOLITFC00073,RDBECOLITFC00120	PhoB,HprR,CusR	b0570;b0571	595443	593328		Ecocyc:TU0-1822 
RDBECOLITUC01809	inaA	RDBECOLIOPC00590	inaA	RDBECOLIGNC01385	inaA	RDBECOLIPMC00442	inaAp	2349499		sigma70	RDBECOLITFC00201,RDBECOLITFC00074,RDBECOLITFC00051	SoxS,MarA,Rob	b2237	2349472	2348822		Ecocyc:TU0-1841 
RDBECOLITUC01810	iscRSUA	RDBECOLIOPC02183	iscRSUA	RDBECOLIGNC02029,RDBECOLIGNC04151,RDBECOLIGNC04152,RDBECOLIGNC04153	iscA;iscU;iscS;iscR	RDBECOLIPMC00443	iscRp	2662199		sigma70	RDBECOLITFC00055,RDBECOLITFC00055	IscR,IscR	b2528;b2529;b2530;b2531	2662131	2659563		Ecocyc:TU0-1881 
RDBECOLITUC01811	dcuD	RDBECOLIOPC03111	dcuD	RDBECOLIGNC04473	dcuD	RDBECOLIPMC00445	dcuDp1	3374766		sigma70	RDBECOLITFC00166	PhoP	b3227	3374869	3376236		Ecocyc:TU0-1902 
RDBECOLITUC01812	gabDTP	RDBECOLIOPC03188	csiD-ygaF-gabDTP	RDBECOLIGNC01300,RDBECOLIGNC00354,RDBECOLIGNC01299	gabP;gabT;gabD	RDBECOLIPMC00446	gabDp1	2791172		sigma70	RDBECOLITFC00135	Nac	b2663;b2662;b2661	2791273	2795653		Ecocyc:TU0-1921 
RDBECOLITUC01813	glcDEFGBA	RDBECOLIOPC01803	glcDEFGBA	RDBECOLIGNC04350,RDBECOLIGNC02436,RDBECOLIGNC04351,RDBECOLIGNC02863,RDBECOLIGNC04352,RDBECOLIGNC04353	glcA;glcB;glcG;glcF;glcE;glcD	RDBECOLIPMC03897	glcDp	3128076		sigma70	RDBECOLITFC00158,RDBECOLITFC00211,RDBECOLITFC00200,RDBECOLITFC00098,RDBECOLITFC00098	PdhR,IHF,GlcC,ArcA,ArcA	b2975;b2976;b2977;b4467;b4468;b2979	3128021	3119597		Ecocyc:TU0-1962 
RDBECOLITUC01814	glcC	RDBECOLIOPC00829	glcC	RDBECOLIGNC04354	glcC	RDBECOLIPMC03898	glcCp	3128206		sigma70	RDBECOLITFC00057,RDBECOLITFC00189,RDBECOLITFC00200,RDBECOLITFC00053,RDBECOLITFC00053,RDBECOLITFC00053,RDBECOLITFC00053	Cra,CRP,GlcC,Fis,Fis,Fis,Fis	b2980	3128272	3129036		Ecocyc:TU0-1963 
RDBECOLITUC01815	osmY	RDBECOLIOPC02351	osmY	RDBECOLIGNC01357	osmY	RDBECOLIPMC03736	osmYp	4611153		sigma70	RDBECOLITFC00013,RDBECOLITFC00189,RDBECOLITFC00189,RDBECOLITFC00014,RDBECOLITFC00014,RDBECOLITFC00211,RDBECOLITFC00211,RDBECOLITFC00189,RDBECOLITFC00053,RDBECOLITFC00053	FliZ,CRP,CRP,Lrp,Lrp,IHF,IHF,CRP,Fis,Fis	b4376	4611396	4612001		Ecocyc:TU0-1981 
RDBECOLITUC01816	rpmF-plsX-fabHDG	RDBECOLIOPC03600	rpmF-plsX-fabHDG	RDBECOLIGNC01288,RDBECOLIGNC01287,RDBECOLIGNC00271,RDBECOLIGNC01400,RDBECOLIGNC00880	fabG;fabD;fabH;plsX;rpmF	RDBECOLIPMC00058	rpmFp	1147338					b1093;b1092;b1091;b1090;b1089	1147367	1151404		Ecocyc:TU0-1 
RDBECOLITUC01817	rlmL-uup	RDBECOLIOPC00541	rlmL-uup	RDBECOLIGNC03357,RDBECOLIGNC03358	rlmL;uup	RDBECOLIPMC00447	rlmLp	1007672					b0948;b0949	1007844	1011871		Ecocyc:TU0-2001 
RDBECOLITUC01818	psiE	RDBECOLIOPC02241	psiE	RDBECOLIGNC01188	psiE	RDBECOLIPMC00448	psiEp	4240300		sigma70	RDBECOLITFC00202,RDBECOLITFC00202,RDBECOLITFC00189	PhoB,PhoB,CRP	b4030	4240325	4240735		Ecocyc:TU0-2021 
RDBECOLITUC01819	hpt	RDBECOLIOPC01127	hpt	RDBECOLIGNC02438	hpt	RDBECOLIPMC00449	hptp	141360		sigma70	RDBECOLITFC00189,RDBECOLITFC00211	CRP,IHF	b0125	141431	141967		Ecocyc:TU0-2041 
RDBECOLITUC01820	gcd	RDBECOLIOPC03037	gcd	RDBECOLIGNC00362	gcd	RDBECOLIPMC00450	gcdp1	141263	RDBECOLITMC00287	sigma70	RDBECOLITFC00211,RDBECOLITFC00189	IHF,CRP	b0124	141225	138835	138801-138816	Ecocyc:TU0-2042 
RDBECOLITUC01821	mfd	RDBECOLIOPC02670	mfd	RDBECOLIGNC01565	mfd	RDBECOLIPMC00452	mfdp1	1174028		sigma70			b1114	1173964	1170518		Ecocyc:TU0-2081 
RDBECOLITUC01822	mfd	RDBECOLIOPC02670	mfd	RDBECOLIGNC01565	mfd	RDBECOLIPMC00453	mfdp2	1173992		sigma70			b1114	1173964	1170518		Ecocyc:TU0-2082 
RDBECOLITUC01823	ybjC-nfsA-rimK-ybjN	RDBECOLIOPC02789	ybjC-nfsA-rimK-ybjN	RDBECOLIGNC03316,RDBECOLIGNC00842,RDBECOLIGNC01235,RDBECOLIGNC02390	ybjN;rimK;nfsA;ybjC	RDBECOLIPMC00454	ybjCp	890892		sigma70	RDBECOLITFC00216,RDBECOLITFC00216,RDBECOLITFC00201,RDBECOLITFC00074,RDBECOLITFC00051,RDBECOLITFC00201	OxyR,OxyR,SoxS,MarA,Rob,SoxS	b0853;b0852;b0851;b0850	890913	893433		Ecocyc:TU0-2101 
RDBECOLITUC01824	rimK-ybjN	RDBECOLIOPC02789	ybjC-nfsA-rimK-ybjN	RDBECOLIGNC03316,RDBECOLIGNC00842	ybjN;rimK	RDBECOLIPMC00455	rimKp	891876		sigma70			b0853;b0852	891967	893433		Ecocyc:TU0-2121 
RDBECOLITUC01825	gadX	RDBECOLIOPC02867	gadXW	RDBECOLIGNC02121	gadX	RDBECOLIPMC00456	gadXp	3665839	RDBECOLITMC00281	sigma38	RDBECOLITFC00187,RDBECOLITFC00202,RDBECOLITFC00077,RDBECOLITFC00128,RDBECOLITFC00020,RDBECOLITFC00023,RDBECOLITFC00161	GadX,PhoB,GadE,FNR,H-NS,GadW,RutR	b3516	3665810	3664986	3664915-3664935	Ecocyc:TU0-2261 
RDBECOLITUC01826	metNIQ	RDBECOLIOPC02164	metNIQ	RDBECOLIGNC01459,RDBECOLIGNC01674,RDBECOLIGNC01567	metQ;metI;metN	RDBECOLIPMC00457	metNp	222714		sigma70	RDBECOLITFC00044,RDBECOLITFC00218,RDBECOLITFC00218	HypT,MetJ,MetJ	b0197;b0198;b0199	222645	220113		Ecocyc:TU0-2302 
RDBECOLITUC01827	serA	RDBECOLIOPC01170	serA	RDBECOLIGNC00932	serA	RDBECOLIPMC00458	serAp2	3058549		sigma70	RDBECOLITFC00189,RDBECOLITFC00014	CRP,Lrp	b2913	3058410	3057178		Ecocyc:TU0-2342 
RDBECOLITUC01828	mhpABCDFE	RDBECOLIOPC00309	mhpABCDFE	RDBECOLIGNC04710,RDBECOLIGNC03094,RDBECOLIGNC04709,RDBECOLIGNC04708,RDBECOLIGNC04707,RDBECOLIGNC04706	mhpF;mhpE;mhpD;mhpC;mhpB;mhpA	RDBECOLIPMC00460	mhpAp	368519		sigma70	RDBECOLITFC00189,RDBECOLITFC00156	CRP,MhpR	b0351;b0352;b0350;b0349;b0348;b0347	368611	374881		Ecocyc:TU0-2402 
RDBECOLITUC01829	mhpR-lacI	RDBECOLIOPC03450	mhpR-lacI	RDBECOLIGNC00517,RDBECOLIGNC03093	lacI;mhpR	RDBECOLIPMC00461	mhpRp2	368528		sigma70			b0345;b0346	368420	366428		Ecocyc:TU0-2405 
RDBECOLITUC01830	mgtA	RDBECOLIOPC02823	mgtA	RDBECOLIGNC02702,RDBECOLIGNC02311	mgtL;mgtA	RDBECOLIPMC00462	mgtAp2	4467280		sigma70			b4702;b4242	4467431	4470321		Ecocyc:TU0-2421 
RDBECOLITUC01831	mgtA	RDBECOLIOPC02823	mgtA	RDBECOLIGNC02702,RDBECOLIGNC02311	mgtL;mgtA	RDBECOLIPMC03901	mgtAp1	4467363		sigma70	RDBECOLITFC00166	PhoP	b4702;b4242	4467431	4470321		Ecocyc:TU0-2422 
RDBECOLITUC01832	treR	RDBECOLIOPC03430	treR	RDBECOLIGNC02085	treR	RDBECOLIPMC00463	treRp2	4467275	RDBECOLITMC00249	sigma70			b4241	4467246	4466299	4466284-4466298	Ecocyc:TU0-2441 
RDBECOLITUC01833	treR	RDBECOLIOPC03430	treR	RDBECOLIGNC02085	treR	RDBECOLIPMC00464	treRp3	4467279	RDBECOLITMC00249	sigma70	RDBECOLITFC00166	PhoP	b4241	4467246	4466299	4466284-4466298	Ecocyc:TU0-2442 
RDBECOLITUC01834	treR	RDBECOLIOPC03430	treR	RDBECOLIGNC02085	treR	RDBECOLIPMC00465	treRp4	4467347	RDBECOLITMC00249	sigma70	RDBECOLITFC00166	PhoP	b4241	4467246	4466299	4466284-4466298	Ecocyc:TU0-2443 
RDBECOLITUC01835	mgrB	RDBECOLIOPC01112	mgrB	RDBECOLIGNC03852	mgrB	RDBECOLIPMC03902	mgrBp	1908792			RDBECOLITFC00166	PhoP	b1826	1908766	1908623		Ecocyc:TU0-2447 
RDBECOLITUC01836	topA	RDBECOLIOPC02584	topA	RDBECOLIGNC01001	topA	RDBECOLIPMC03754	topAp1	1330980		sigma32	RDBECOLITFC00053,RDBECOLITFC00053,RDBECOLITFC00053,RDBECOLITFC00053,RDBECOLITFC00053,RDBECOLITFC00053,RDBECOLITFC00053,RDBECOLITFC00053,RDBECOLITFC00053,RDBECOLITFC00053,RDBECOLITFC00053	Fis,Fis,Fis,Fis,Fis,Fis,Fis,Fis,Fis,Fis,Fis	b1274	1331048	1333645		Ecocyc:TU0-2501 
RDBECOLITUC01837	topA	RDBECOLIOPC02584	topA	RDBECOLIGNC01001	topA	RDBECOLIPMC03755	topAp2	1330883		sigma70			b1274	1331048	1333645		Ecocyc:TU0-2502 
RDBECOLITUC01838	topA	RDBECOLIOPC02584	topA	RDBECOLIGNC01001	topA	RDBECOLIPMC03756	topAp3	1330848		sigma70			b1274	1331048	1333645		Ecocyc:TU0-2503 
RDBECOLITUC01839	topA	RDBECOLIOPC02584	topA	RDBECOLIGNC01001	topA	RDBECOLIPMC03757	topAp4	1330818		sigma70	RDBECOLITFC00053,RDBECOLITFC00053,RDBECOLITFC00053,RDBECOLITFC00053,RDBECOLITFC00053	Fis,Fis,Fis,Fis,Fis	b1274	1331048	1333645		Ecocyc:TU0-2504 
RDBECOLITUC01840	topA	RDBECOLIOPC02584	topA	RDBECOLIGNC01001	topA	RDBECOLIPMC03758	topAp5	1330789		sigma70			b1274	1331048	1333645		Ecocyc:TU0-2505 
RDBECOLITUC01841	fiu	RDBECOLIOPC00566	fiu	RDBECOLIGNC03283	fiu	RDBECOLIPMC00466	fiup	841648		sigma70	RDBECOLITFC00189,RDBECOLITFC00093,RDBECOLITFC00093,RDBECOLITFC00093,RDBECOLITFC00093	CRP,Fur,Fur,Fur,Fur	b0805	841531	839249		Ecocyc:TU0-2521 
RDBECOLITUC01842	exbD	RDBECOLIOPC02148	exbBD	RDBECOLIGNC00266	exbD	RDBECOLIPMC00468	exbDp	3151390	RDBECOLITMC00293		RDBECOLITFC00093	Fur	b3005	3151243	3150818	3150552-3150576	Ecocyc:TU0-2562 
RDBECOLITUC01843	fhuE	RDBECOLIOPC01155	fhuE	RDBECOLIGNC00300	fhuE	RDBECOLIPMC00469	fhuEp	1161647	RDBECOLITMC00245		RDBECOLITFC00093,RDBECOLITFC00093	Fur,Fur	b1102	1161551	1159362	1159325-1159346	Ecocyc:TU0-2581 
RDBECOLITUC01844	gyrB	RDBECOLIOPC01333	gyrB	RDBECOLIGNC00417	gyrB	RDBECOLIPMC03668	gyrBp	3880150	RDBECOLITMC00224	sigma70	RDBECOLITFC00053,RDBECOLITFC00053	Fis,Fis	b3699	3880119	3877705	3877532-3877586	Ecocyc:TU0-2603 
RDBECOLITUC01845	sufABCDSE	RDBECOLIOPC01773	sufABCDSE	RDBECOLIGNC03758,RDBECOLIGNC03759,RDBECOLIGNC03760,RDBECOLIGNC03761,RDBECOLIGNC03762,RDBECOLIGNC01345	sufE;sufS;sufD;sufC;sufB;sufA	RDBECOLIPMC00470	sufAp	1764418		sigma70	RDBECOLITFC00038,RDBECOLITFC00038,RDBECOLITFC00216,RDBECOLITFC00055,RDBECOLITFC00211,RDBECOLITFC00216,RDBECOLITFC00093,RDBECOLITFC00055,RDBECOLITFC00055	NsrR,NsrR,OxyR,IscR,IHF,OxyR,Fur,IscR,IscR	b1679;b1680;b1681;b1682;b1683;b1684	1764386	1758874		Ecocyc:TU0-2621 
RDBECOLITUC01846	micF	RDBECOLIOPC02822	micF	RDBECOLIGNC02500	micF	RDBECOLIPMC03619	micFp1	2313084		sigma70	RDBECOLITFC00040,RDBECOLITFC00040,RDBECOLITFC00040,RDBECOLITFC00051,RDBECOLITFC00019,RDBECOLITFC00201,RDBECOLITFC00201,RDBECOLITFC00074,RDBECOLITFC00211,RDBECOLITFC00020,RDBECOLITFC00014,RDBECOLITFC00014,RDBECOLITFC00014,RDBECOLITFC00014,RDBECOLITFC00065	OmpR,OmpR,OmpR,Rob,HU,SoxS,SoxS,MarA,IHF,H-NS,Lrp,Lrp,Lrp,Lrp,AcrR	b4439	2313084	2313176		Ecocyc:TU0-2644 
RDBECOLITUC01847	narU	RDBECOLIOPC03538	narUZYWV	RDBECOLIGNC02047	narU	RDBECOLIPMC00471	narUp1	1544124		sigma70			b1469	1544060	1542672		Ecocyc:TU0-2649 
RDBECOLITUC01848	narU	RDBECOLIOPC03538	narUZYWV	RDBECOLIGNC02047	narU	RDBECOLIPMC00472	narUp2	1544163		sigma38			b1469	1544060	1542672		Ecocyc:TU0-2661 
RDBECOLITUC01849	isrC-flu	RDBECOLIOPC03006	isrC-flu	RDBECOLIGNC02905,RDBECOLIGNC03923	isrC;flu	RDBECOLIPMC00473	flup	2071317	RDBECOLITMC00236	sigma70	RDBECOLITFC00216,RDBECOLITFC00216,RDBECOLITFC00036,RDBECOLITFC00039,RDBECOLITFC00216	OxyR,OxyR,YdcI,DksA,OxyR	b4435;b2000	2071317	2074658	2071478-2071511	Ecocyc:TU0-2701 
RDBECOLITUC01850	metJ	RDBECOLIOPC02204	metJ	RDBECOLIGNC00580	metJ	RDBECOLIPMC03698	metJp1	4128558					b3938	4128395	4128078		Ecocyc:TU0-2706 
RDBECOLITUC01851	metJ	RDBECOLIOPC02204	metJ	RDBECOLIGNC00580	metJ	RDBECOLIPMC03697	metJp2	4128529		sigma70	RDBECOLITFC00093	Fur	b3938	4128395	4128078		Ecocyc:TU0-2707 
RDBECOLITUC01852	metJ	RDBECOLIOPC02204	metJ	RDBECOLIGNC00580	metJ	RDBECOLIPMC03696	metJp3	4128466		sigma70			b3938	4128395	4128078		Ecocyc:TU0-2708 
RDBECOLITUC01853	amiA-hemF	RDBECOLIOPC01820	amiA-hemF	RDBECOLIGNC02073,RDBECOLIGNC01752	hemF;amiA	RDBECOLIPMC00474	amiAp	2552241		sigma70	RDBECOLITFC00211	IHF	b2436;b2435	2552352	2554124		Ecocyc:TU0-2741 
RDBECOLITUC01854	hemF	RDBECOLIOPC01820	amiA-hemF	RDBECOLIGNC02073	hemF	RDBECOLIPMC00475	hemFp1	2553205		sigma70	RDBECOLITFC00211	IHF	b2436	2553225	2554124		Ecocyc:TU0-2742 
RDBECOLITUC01855	recN	RDBECOLIOPC01447	recN	RDBECOLIGNC00821	recN	RDBECOLIPMC00590	recNp	2751759		sigma70	RDBECOLITFC00017,RDBECOLITFC00017,RDBECOLITFC00214,RDBECOLITFC00214	DnaA,DnaA,LexA,LexA	b2616	2751795	2753456		Ecocyc:TU0-2 
RDBECOLITUC01856	emrKY	RDBECOLIOPC01461	emrKY	RDBECOLIGNC02431,RDBECOLIGNC04063	emrY;emrK	RDBECOLIPMC00476	emrKp	2483448			RDBECOLITFC00128,RDBECOLITFC00181	FNR,EvgA	b2367;b2368	2483339	2480638		Ecocyc:TU0-3101 
RDBECOLITUC01857	trxA	RDBECOLIOPC02131	trxA	RDBECOLIGNC01019	trxA	RDBECOLIPMC03688	trxAp1	3965647	RDBECOLITMC00235	sigma70	RDBECOLITFC00189	CRP	b3781	3965761	3966090	3966105-3966136	Ecocyc:TU0-3102 
RDBECOLITUC01858	trxA	RDBECOLIOPC02131	trxA	RDBECOLIGNC01019	trxA	RDBECOLIPMC03689	trxAp2	3965687	RDBECOLITMC00235	sigma70			b3781	3965761	3966090	3966105-3966136	Ecocyc:TU0-3103 
RDBECOLITUC01859	trxC	RDBECOLIOPC01142	trxC	RDBECOLIGNC01814	trxC	RDBECOLIPMC00477	trxCp	2718675		sigma70	RDBECOLITFC00216,RDBECOLITFC00216	OxyR,OxyR	b2582	2718735	2719154		Ecocyc:TU0-3104 
RDBECOLITUC01860	copA	RDBECOLIOPC00287	copA	RDBECOLIGNC03141	copA	RDBECOLIPMC03903	copAp	511411		sigma70	RDBECOLITFC00105	CueR	b0484	511379	508875		Ecocyc:TU0-3122 
RDBECOLITUC01861	glsA-ybaT	RDBECOLIOPC01757	glsA-ybaT	RDBECOLIGNC03143,RDBECOLIGNC03142	ybaT;glsA	RDBECOLIPMC00478	glsAp	511573		sigma38	RDBECOLITFC00187	GadX	b0486;b0485	511641	513868		Ecocyc:TU0-3123 
RDBECOLITUC01862	cueO	RDBECOLIOPC00788	cueO	RDBECOLIGNC02189	cueO	RDBECOLIPMC00479	cueOp	137045			RDBECOLITFC00105	CueR	b0123	137083	138633		Ecocyc:TU0-3124 
RDBECOLITUC01863	chiA	RDBECOLIOPC00023	chiA	RDBECOLIGNC01214	chiA	RDBECOLIPMC00480	chiAp	3469896		sigma70	RDBECOLITFC00020	H-NS	b3338	3469853	3467160		Ecocyc:TU0-3141 
RDBECOLITUC01864	xdhABC	RDBECOLIOPC01407	xdhABC	RDBECOLIGNC04297,RDBECOLIGNC04298,RDBECOLIGNC04296	xdhB;xdhC;xdhA	RDBECOLIPMC00481	xdhAp1	3000257			RDBECOLITFC00128	FNR	b2867;b2868;b2866	3000345	3003968		Ecocyc:TU0-3145 
RDBECOLITUC01865	cydAB	RDBECOLIOPC03593	cydAB	RDBECOLIGNC00169,RDBECOLIGNC00168	cydB;cydA	RDBECOLIPMC00482	cydAp3	771202		sigma70	RDBECOLITFC00098,RDBECOLITFC00128,RDBECOLITFC00020,RDBECOLITFC00128	ArcA,FNR,H-NS,FNR	b0734;b0733	771458	774181		Ecocyc:TU0-3161 
RDBECOLITUC01866	cydAB	RDBECOLIOPC03593	cydAB	RDBECOLIGNC00169,RDBECOLIGNC00168	cydB;cydA	RDBECOLIPMC00483	cydAp4	771213		sigma70	RDBECOLITFC00098,RDBECOLITFC00128,RDBECOLITFC00020,RDBECOLITFC00128	ArcA,FNR,H-NS,FNR	b0734;b0733	771458	774181		Ecocyc:TU0-3162 
RDBECOLITUC01867	cydAB	RDBECOLIOPC03593	cydAB	RDBECOLIGNC00169,RDBECOLIGNC00168	cydB;cydA	RDBECOLIPMC00484	cydAp5	771368		sigma70	RDBECOLITFC00057,RDBECOLITFC00057	Cra,Cra	b0734;b0733	771458	774181		Ecocyc:TU0-3163 
RDBECOLITUC01868	fldB	RDBECOLIOPC00234	fldB	RDBECOLIGNC02355	fldB	RDBECOLIPMC00485	fldBp	3039822		sigma70	RDBECOLITFC00201,RDBECOLITFC00201	SoxS,SoxS	b2895	3039855	3040376		Ecocyc:TU0-3202 
RDBECOLITUC01869	recF	RDBECOLIOPC03584	dnaAN-recF	RDBECOLIGNC00818	recF	RDBECOLIPMC03669	recFp1	3881841					b3700	3881221	3880148		Ecocyc:TU0-3301 
RDBECOLITUC01870	recF	RDBECOLIOPC03584	dnaAN-recF	RDBECOLIGNC00818	recF	RDBECOLIPMC03670	recFp2	3881861					b3700	3881221	3880148		Ecocyc:TU0-3302 
RDBECOLITUC01871	infC	RDBECOLIOPC03375	thrS-infC-rpmI-rplT-pheMST-ihfA	RDBECOLIGNC00498	infC	RDBECOLIPMC03601	infCp1	1801346	RDBECOLITMC00203		RDBECOLITFC00039	DksA	b1718	1800638	1800096	1800035-1800091	Ecocyc:TU0-3304 
RDBECOLITUC01872	infC-rpmI-rplT	RDBECOLIOPC03375	thrS-infC-rpmI-rplT-pheMST-ihfA	RDBECOLIGNC00871,RDBECOLIGNC01208,RDBECOLIGNC00498	rplT;rpmI;infC	RDBECOLIPMC00486	infCp2	1800818	RDBECOLITMC00023	sigma70	RDBECOLITFC00039	DksA	b1716;b1717;b1718	1800638	1799393	1799363-1799382	Ecocyc:TU0-3305 
RDBECOLITUC01873	patA	RDBECOLIOPC02919	patA	RDBECOLIGNC04397	patA	RDBECOLIPMC00487	patAp	3219458		sigma38	RDBECOLITFC00153,RDBECOLITFC00211,RDBECOLITFC00053,RDBECOLITFC00153,RDBECOLITFC00153	NtrC,IHF,Fis,NtrC,NtrC	b3073	3219494	3220873		Ecocyc:TU0-3341 
RDBECOLITUC01874	rrsB-gltT-rrlB-rrfB	RDBECOLIOPC03535	rrsB-gltT-rrlB-rrfB	RDBECOLIGNC02508,RDBECOLIGNC02515,RDBECOLIGNC02469,RDBECOLIGNC02522	rrfB;rrlB;gltT;rrsB	RDBECOLIPMC00489	rrsBp2	4166484	RDBECOLITMC00086,RDBECOLITMC00087	sigma70	RDBECOLITFC00084	NhaR	b3971;b3970;b3969;b3968	4166659	4171756	4171760-4171803;4171935-4171962	Ecocyc:TU0-3364 
RDBECOLITUC01875	gpmA	RDBECOLIOPC01927	gpmA	RDBECOLIGNC01640	gpmA	RDBECOLIPMC00490	gpmAp	787632		sigma70	RDBECOLITFC00093,RDBECOLITFC00093	Fur,Fur	b0755	787595	786843		Ecocyc:TU0-3382 
RDBECOLITUC01876	ryhB	RDBECOLIOPC00276	ryhB	RDBECOLIGNC02875	ryhB	RDBECOLIPMC02057	yhhXp5	3581016		sigma70	RDBECOLITFC00093,RDBECOLITFC00093,RDBECOLITFC00093	Fur,Fur,Fur	b4451	3581016	3580922		Ecocyc:TU0-3401 
RDBECOLITUC01877	ygaC	RDBECOLIOPC01744	ygaC	RDBECOLIGNC02084	ygaC	RDBECOLIPMC00491	ygaCp	2800590			RDBECOLITFC00093	Fur	b2671	2799994	2799650		Ecocyc:TU0-3403 
RDBECOLITUC01878	lpxP	RDBECOLIOPC00773	lpxP	RDBECOLIGNC04071	lpxP	RDBECOLIPMC00528	lpxPp	2495578		sigma24			b2378	2495645	2496565		Ecocyc:TU0-3421 
RDBECOLITUC01879	ybaB-recR	RDBECOLIOPC00007	ybaB-recR	RDBECOLIGNC00824,RDBECOLIGNC01087	recR;ybaB	RDBECOLIPMC00539	ybaBp	493709		sigma24			b0472;b0471	494076	495010		Ecocyc:TU0-3422 
RDBECOLITUC01880	bamE	RDBECOLIOPC01390	bamE	RDBECOLIGNC00940	bamE	RDBECOLIPMC00550	bamEp	2753486		sigma24	RDBECOLITFC00038,RDBECOLITFC00170	NsrR,CpxR	b2617	2753605	2753946		Ecocyc:TU0-3423 
RDBECOLITUC01881	psd-mscM	RDBECOLIOPC00494	psd-mscM	RDBECOLIGNC04581,RDBECOLIGNC00765	mscM;psd	RDBECOLIPMC00561	psdp	4390638		sigma24	RDBECOLITFC00170	CpxR	b4159;b4160	4390360	4386047		Ecocyc:TU0-3424 
RDBECOLITUC01882	bacA	RDBECOLIOPC02163	bacA	RDBECOLIGNC01606	bacA	RDBECOLIPMC00571	bacAp	3204175		sigma24	RDBECOLITFC00170	CpxR	b3057	3204131	3203310		Ecocyc:TU0-3425 
RDBECOLITUC01883	sbmA-yaiW	RDBECOLIOPC01081	sbmA-yaiW	RDBECOLIGNC03113,RDBECOLIGNC00916	yaiW;sbmA	RDBECOLIPMC00574	sbmAp	396553		sigma24	RDBECOLITFC00170	CpxR	b0378;b0377	396639	398966		Ecocyc:TU0-3426 
RDBECOLITUC01884	sdsR-pphA	RDBECOLIOPC02602	sdsR-pphA	RDBECOLIGNC02885,RDBECOLIGNC03861	sdsR;pphA	RDBECOLIPMC00575	pphAp	1923385		sigma32			b4433;b1838	1923207	1922313		Ecocyc:TU0-3463 
RDBECOLITUC01885	yeaY	RDBECOLIOPC01785	tsaB-yeaY	RDBECOLIGNC03840	yeaY	RDBECOLIPMC00576	yeaYp	1890561		sigma24			b1806	1890532	1889951		Ecocyc:TU0-3464 
RDBECOLITUC01886	yiiS-uspD	RDBECOLIOPC00816	yiiS-uspD	RDBECOLIGNC01804,RDBECOLIGNC01803	uspD;yiiS	RDBECOLIPMC00577	yiiSp	4112869		sigma24	RDBECOLITFC00141	YdeO	b3923;b3922	4112967	4113721		Ecocyc:TU0-3465 
RDBECOLITUC01887	sixA	RDBECOLIOPC02521	sixA	RDBECOLIGNC04041	sixA	RDBECOLIPMC00578	sixAp	2456999		sigma70			b2340	2456812	2456327		Ecocyc:TU0-3481 
RDBECOLITUC01888	yfeYX	RDBECOLIOPC01433	yfeYX	RDBECOLIGNC04095,RDBECOLIGNC04096	yfeX;yfeY	RDBECOLIPMC00579	yfeYp	2551243		sigma24			b2431;b2432	2551216	2549646		Ecocyc:TU0-3484 
RDBECOLITUC01889	argR	RDBECOLIOPC01545	argR	RDBECOLIGNC00066	argR	RDBECOLIPMC03655	argRp2	3384602					b3237	3384703	3385173		Ecocyc:TU0-3501 
RDBECOLITUC01890	asnW	RDBECOLIOPC02089	asnW	RDBECOLIGNC03913	asnW				RDBECOLITMC00189				b1984	2058102	2058027	2057926-2057974	Ecocyc:TU0-3561 
RDBECOLITUC01891	argT-hisJQMP	RDBECOLIOPC02495	argT-hisJQMP	RDBECOLIGNC00445,RDBECOLIGNC00006,RDBECOLIGNC02023,RDBECOLIGNC02022,RDBECOLIGNC00068	hisP;hisM;hisQ;hisJ;argT	RDBECOLIPMC00580	argTp	2427849		sigma54	RDBECOLITFC00153,RDBECOLITFC00153	NtrC,NtrC	b2306;b2307;b2308;b2309;b2310	2427791	2423736		Ecocyc:TU0-3581 
RDBECOLITUC01892	prpBCDE	RDBECOLIOPC00264	prpBCDE	RDBECOLIGNC03092,RDBECOLIGNC03091,RDBECOLIGNC03090,RDBECOLIGNC03089	prpE;prpD;prpC;prpB	RDBECOLIPMC00581	prpBp	348646		sigma54	RDBECOLITFC00057,RDBECOLITFC00064,RDBECOLITFC00064,RDBECOLITFC00189	Cra,PrpR,PrpR,CRP	b0335;b0334;b0333;b0331	348682	354592		Ecocyc:TU0-3602 
RDBECOLITUC01893	yeaGH	RDBECOLIOPC01728	yeaGH	RDBECOLIGNC03820,RDBECOLIGNC03819	yeaH;yeaG	RDBECOLIPMC00582	yeaGp1	1866815		sigma54	RDBECOLITFC00153	NtrC	b1784;b1783	1866908	1870238		Ecocyc:TU0-3621 
RDBECOLITUC01894	yhdWXYZ	RDBECOLIOPC00762	yhdWXYZ	RDBECOLIGNC02389,RDBECOLIGNC02388,RDBECOLIGNC02387,RDBECOLIGNC02386	yhdZ;yhdY;yhdX;yhdW	RDBECOLIPMC00583	yhdWp	3418972		sigma54	RDBECOLITFC00153,RDBECOLITFC00153	NtrC,NtrC	b3271;b3270;b3269;b3268	3419042	3423194		Ecocyc:TU0-3622 
RDBECOLITUC01895	ddpXABCDF	RDBECOLIOPC02587	ddpXABCDF	RDBECOLIGNC03631,RDBECOLIGNC03632,RDBECOLIGNC03633,RDBECOLIGNC03634,RDBECOLIGNC03635,RDBECOLIGNC03636	ddpF;ddpD;ddpC;ddpB;ddpA;ddpX	RDBECOLIPMC00584	ddpXp1	1563107		sigma54	RDBECOLITFC00153,RDBECOLITFC00153	NtrC,NtrC	b1483;b1484;b1485;b1486;b1487;b1488	1563076	1557112		Ecocyc:TU0-3623 
RDBECOLITUC01896	glnD	RDBECOLIOPC03044	map-glnD-dapD	RDBECOLIGNC01376	glnD	RDBECOLIPMC00492	glnDp	188655			RDBECOLITFC00093,RDBECOLITFC00128,RDBECOLITFC00128	Fur,FNR,FNR	b0167	188650	185978		Ecocyc:TU0-36398 
RDBECOLITUC01897	glrR-glnB	RDBECOLIOPC03583	glrR-glnB	RDBECOLIGNC00377,RDBECOLIGNC01257	glnB;glrR								b2553;b2554	2688803	2687070		Ecocyc:TU0-36399 
RDBECOLITUC01898	fhuF	RDBECOLIOPC02827	fhuF	RDBECOLIGNC04684	fhuF	RDBECOLIPMC00496	fhuFp2	4605752		sigma70			b4367	4605663	4604875		Ecocyc:TU0-36402 
RDBECOLITUC01899	rcsB	RDBECOLIOPC02363	rcsDB	RDBECOLIGNC00811	rcsB	RDBECOLIPMC00499	rcsBp2	2315975		sigma70			b2217	2316177	2316827		Ecocyc:TU0-36403 
RDBECOLITUC01900	cbrBC	RDBECOLIOPC03232	cbrBC	RDBECOLIGNC01664,RDBECOLIGNC01663	cbrC;cbrB								b3717;b3716	3897506	3898609		Ecocyc:TU0-36404 
RDBECOLITUC01901	yciG	RDBECOLIOPC03423	yciGFE	RDBECOLIGNC01110	yciG	RDBECOLIPMC02999	yciGp	1316092	RDBECOLITMC00113	sigma38	RDBECOLITFC00089,RDBECOLITFC00089,RDBECOLITFC00020,RDBECOLITFC00020	McbR,McbR,H-NS,H-NS	b1259	1316035	1315856	1315785-1315815	Ecocyc:TU0-36408 
RDBECOLITUC01902	yciE	RDBECOLIOPC03423	yciGFE	RDBECOLIGNC01108	yciE	RDBECOLIPMC00501	yciEp	1315396	RDBECOLITMC00114	sigma70			b1257	1315224	1314718	1314668-1314698	Ecocyc:TU0-36411 
RDBECOLITUC01903	pcnB-folk	RDBECOLIOPC02987	pcnB-folK	RDBECOLIGNC01341,RDBECOLIGNC00682	folK;pcnB	RDBECOLIPMC00503	pcnBp4	159391		sigma38	RDBECOLITFC00039	DksA	b0142;b0143	159126	157253		Ecocyc:TU0-36412 
RDBECOLITUC01904	alaA-yfbR	RDBECOLIOPC02331	alaA-yfbR	RDBECOLIGNC04016,RDBECOLIGNC04015	yfbR;alaA								b2291;b2290	2407561	2409461		Ecocyc:TU0-36413 
RDBECOLITUC01905	luxS	RDBECOLIOPC01292	luxS	RDBECOLIGNC02364	luxS	RDBECOLIPMC00507	luxSp1	2815065		sigma38			b2687	2814733	2814218		Ecocyc:TU0-36414 
RDBECOLITUC01906	glgAP	RDBECOLIOPC03304	glgBXCAP	RDBECOLIGNC00373,RDBECOLIGNC00370	glgP;glgA	RDBECOLIPMC00509	glgAp	3568392	RDBECOLITMC00212	sigma70	RDBECOLITFC00166	PhoP	b3428;b3429	3568033	3564134	3564082-3564136	Ecocyc:TU0-36417 
RDBECOLITUC01907	pstCAB-phoU	RDBECOLIOPC03587	pstSCAB-phoU	RDBECOLIGNC00725,RDBECOLIGNC00773,RDBECOLIGNC00772,RDBECOLIGNC00774	phoU;pstB;pstA;pstC	RDBECOLIPMC00511	pstCp	3910542		sigma70			b3724;b3725;b3726;b3727	3910398	3906853		Ecocyc:TU0-36418 
RDBECOLITUC01908	pstB-phoU	RDBECOLIOPC03587	pstSCAB-phoU	RDBECOLIGNC00725,RDBECOLIGNC00773	phoU;pstB	RDBECOLIPMC00512	pstBp1	3908556		sigma70			b3724;b3725	3908366	3906853		Ecocyc:TU0-36419 
RDBECOLITUC01909	phoU	RDBECOLIOPC03587	pstSCAB-phoU	RDBECOLIGNC00725	phoU	RDBECOLIPMC00513	phoUp	3907665		sigma70	RDBECOLITFC00202	PhoB	b3724	3907578	3906853		Ecocyc:TU0-36420 
RDBECOLITUC01910	uxaB	RDBECOLIOPC01571	uxaB	RDBECOLIGNC01053	uxaB	RDBECOLIPMC00514	uxaBp	1610720		sigma70	RDBECOLITFC00001,RDBECOLITFC00189,RDBECOLITFC00093,RDBECOLITFC00093	ExuR,CRP,Fur,Fur	b1521	1610680	1609229		Ecocyc:TU0-36422 
RDBECOLITUC01911	ssrS	RDBECOLIOPC03592	ssrS-ygfA	RDBECOLIGNC02536	ssrS	RDBECOLIPMC00231	ssrSp2	3055759	RDBECOLITMC00116	sigma70	RDBECOLITFC00020,RDBECOLITFC00014,RDBECOLITFC00066,RDBECOLITFC00053	H-NS,Lrp,StpA,Fis	b2911	3055983	3056165	3056235-3056283	Ecocyc:TU0-36423 
RDBECOLITUC01912	ssrS	RDBECOLIOPC03592	ssrS-ygfA	RDBECOLIGNC02536	ssrS	RDBECOLIPMC00230	ssrSp1	3055974	RDBECOLITMC00116	sigma70	RDBECOLITFC00020,RDBECOLITFC00014,RDBECOLITFC00066,RDBECOLITFC00053	H-NS,Lrp,StpA,Fis	b2911	3055983	3056165	3056235-3056283	Ecocyc:TU0-36424 
RDBECOLITUC01913	iraM	RDBECOLIOPC03181	iraM	RDBECOLIGNC03464	iraM	RDBECOLIPMC00518	iraMp2	1212123		sigma70	RDBECOLITFC00166	PhoP	b1160	1212003	1211680		Ecocyc:TU0-36425 
RDBECOLITUC01914	tufA	RDBECOLIOPC02625	rpsLG-fusA-tufA	RDBECOLIGNC01024	tufA	RDBECOLIPMC00520	tufAp2	3471583		sigma70			b3339	3471329	3470145		Ecocyc:TU0-36426 
RDBECOLITUC01915	mhpR-lacI	RDBECOLIOPC03450	mhpR-lacI	RDBECOLIGNC00517,RDBECOLIGNC03093	lacI;mhpR	RDBECOLIPMC00521	mhpRp1	368536		sigma70	RDBECOLITFC00189	CRP	b0345;b0346	368420	366428		Ecocyc:TU0-36427 
RDBECOLITUC01916	yrbG-kdsDC-lptCAB	RDBECOLIOPC03605	lptAB-rpoN-hpf-ptsN-rapZ-npr	RDBECOLIGNC01621,RDBECOLIGNC04460,RDBECOLIGNC04459,RDBECOLIGNC04458,RDBECOLIGNC04457,RDBECOLIGNC02384	lptB;lptA;lptC;kdsC;kdsD;yrbG	RDBECOLIPMC03036	yrbGp	3340211		sigma70			b3201;b3200;b3199;b3198;b3197;b3196	3340275	3344669		Ecocyc:TU0-36430 
RDBECOLITUC01917	kdsC-lptCAB	RDBECOLIOPC03605	lptAB-rpoN-hpf-ptsN-rapZ-npr	RDBECOLIGNC01621,RDBECOLIGNC04460,RDBECOLIGNC04459,RDBECOLIGNC04458	lptB;lptA;lptC;kdsC	RDBECOLIPMC00522	kdsCp2	3342010		sigma70			b3201;b3200;b3199;b3198	3342273	3344669		Ecocyc:TU0-36431 
RDBECOLITUC01918	kdsC-lptCAB	RDBECOLIOPC03605	lptAB-rpoN-hpf-ptsN-rapZ-npr	RDBECOLIGNC01621,RDBECOLIGNC04460,RDBECOLIGNC04459,RDBECOLIGNC04458	lptB;lptA;lptC;kdsC	RDBECOLIPMC00523	kdsCp3	3341719		sigma70			b3201;b3200;b3199;b3198	3342273	3344669		Ecocyc:TU0-36432 
RDBECOLITUC01919	lptAB	RDBECOLIOPC03605	lptAB-rpoN-hpf-ptsN-rapZ-npr	RDBECOLIGNC01621,RDBECOLIGNC04460	lptB;lptA	RDBECOLIPMC00524	lptAp2	3343299		sigma70			b3201;b3200	3343380	3344669		Ecocyc:TU0-36433 
RDBECOLITUC01920	yjbEFGH	RDBECOLIOPC02901	yjbEFGH	RDBECOLIGNC01851,RDBECOLIGNC01850,RDBECOLIGNC01849,RDBECOLIGNC01848	yjbH;yjbG;yjbF;yjbE	RDBECOLIPMC00525	yjbEp2	4235872		sigma70			b4029;b4028;b4027;b4026	4235906	4239730		Ecocyc:TU0-36435 
RDBECOLITUC01921	arrS	RDBECOLIOPC01277	arrS	RDBECOLIGNC02703	arrS	RDBECOLIPMC00529	arrSp	3658054		sigma70			b4704	3658054	3657985		Ecocyc:TU0-36438 
RDBECOLITUC01922	plsB	RDBECOLIOPC03066	plsB	RDBECOLIGNC00730	plsB	RDBECOLIPMC00570	plsBp2	4256502					b4041	4256466	4254043		Ecocyc:TU0-36440 
RDBECOLITUC01923	dgkA	RDBECOLIOPC01259	dgkA	RDBECOLIGNC00218	dgkA	RDBECOLIPMC00572	dgkAp1	4256457			RDBECOLITFC00196	BasR	b4042	4256637	4257005		Ecocyc:TU0-36442 
RDBECOLITUC01924	cbpAM	RDBECOLIOPC03597	cbpA-cbpM	RDBECOLIGNC02078,RDBECOLIGNC02077	cbpM;cbpA	RDBECOLIPMC00573	cbpAp2	1063828		sigma38			b0999;b1000	1063775	1062550		Ecocyc:TU0-36443 
RDBECOLITUC01926	rutABCDEFG	RDBECOLIOPC01553	rutABCDEFG	RDBECOLIGNC03392,RDBECOLIGNC03391,RDBECOLIGNC03390,RDBECOLIGNC03389,RDBECOLIGNC03388,RDBECOLIGNC03387,RDBECOLIGNC03386	rutA;rutB;rutC;rutD;rutE;rutF;rutG	RDBECOLIPMC00587	rutAp	1074026		sigma54	RDBECOLITFC00153,RDBECOLITFC00098,RDBECOLITFC00166,RDBECOLITFC00153,RDBECOLITFC00161	NtrC,ArcA,PhoP,NtrC,RutR	b1012;b1011;b1010;b1009;b1008;b1007;b1006	1074011	1068511		Ecocyc:TU0-3645 
RDBECOLITUC01927	acs-yjcHG	RDBECOLIOPC03435	acs-yjcHG	RDBECOLIGNC01867,RDBECOLIGNC01868,RDBECOLIGNC01410	actP;yjcH;acs	RDBECOLIPMC00588	acsp1	4287595		sigma70	RDBECOLITFC00211,RDBECOLITFC00053	IHF,Fis	b4067;b4068;b4069	4287371	4283253		Ecocyc:TU0-3721 
RDBECOLITUC01928	acs-yjcHG	RDBECOLIOPC03435	acs-yjcHG	RDBECOLIGNC01867,RDBECOLIGNC01868,RDBECOLIGNC01410	actP;yjcH;acs	RDBECOLIPMC00589	acsp2	4287391		sigma70	RDBECOLITFC00211,RDBECOLITFC00189,RDBECOLITFC00189,RDBECOLITFC00211,RDBECOLITFC00053,RDBECOLITFC00053,RDBECOLITFC00053,RDBECOLITFC00211	IHF,CRP,CRP,IHF,Fis,Fis,Fis,IHF	b4067;b4068;b4069	4287371	4283253		Ecocyc:TU0-3723 
RDBECOLITUC01929	metBL	RDBECOLIOPC01223	metBL	RDBECOLIGNC00582,RDBECOLIGNC00574	metL;metB	RDBECOLIPMC03699	metBp	4128636	RDBECOLITMC00215	sigma70	RDBECOLITFC00044,RDBECOLITFC00166,RDBECOLITFC00218,RDBECOLITFC00218,RDBECOLITFC00218,RDBECOLITFC00218,RDBECOLITFC00218,RDBECOLITFC00218	HypT,PhoP,MetJ,MetJ,MetJ,MetJ,MetJ,MetJ	b3940;b3939	4128672	4132267	4132402-4132456	Ecocyc:TU0-3741 
RDBECOLITUC01930	rapA-rluA	RDBECOLIOPC03479	rapA-rluA	RDBECOLIGNC02326,RDBECOLIGNC01070	rluA;rapA	RDBECOLIPMC00591	rapAp1	63358		sigma70			b0058;b0059	63264	59687		Ecocyc:TU0-3841 
RDBECOLITUC01931	nhaAR	RDBECOLIOPC02579	nhaAR	RDBECOLIGNC01065,RDBECOLIGNC00644	nhaR;nhaA	RDBECOLIPMC00592	nhaAp2	17317		sigma38			b0020;b0019	17489	19620		Ecocyc:TU0-3862 
RDBECOLITUC01932	proP	RDBECOLIOPC03334	proP	RDBECOLIGNC01558	proP	RDBECOLIPMC03816	proPp2	4330407		sigma38	RDBECOLITFC00189,RDBECOLITFC00053,RDBECOLITFC00053	CRP,Fis,Fis	b4111	4330502	4332004		Ecocyc:TU0-3882 
RDBECOLITUC01933	sra	RDBECOLIOPC01036	bdm-sra	RDBECOLIGNC01463	sra	RDBECOLIPMC00593	srap	1556046		sigma38	RDBECOLITFC00211,RDBECOLITFC00053,RDBECOLITFC00040	IHF,Fis,OmpR	b1480	1555963	1555826		Ecocyc:TU0-3901 
RDBECOLITUC01934	ftsQ	RDBECOLIOPC03591	mraZW-ftsLIO-murEF-mraY-murD-ftsW-murGC-ddlB-ftsQAZ-lpxC	RDBECOLIGNC00336	ftsQ	RDBECOLIPMC03812	ftsQp2	102742		sigma38	RDBECOLITFC00021	SdiA	b0093	103155	103985		Ecocyc:TU0-3941 
RDBECOLITUC01935	fepDGC	RDBECOLIOPC03014	fepDGC	RDBECOLIGNC00289,RDBECOLIGNC00292,RDBECOLIGNC00290	fepC;fepG;fepD	RDBECOLIPMC00596	fepDp2	622192		sigma70			b0588;b0589;b0590	622189	619384		Ecocyc:TU0-3963 
RDBECOLITUC01936	csiE	RDBECOLIOPC02668	csiE	RDBECOLIGNC04156	csiE	RDBECOLIPMC03938	csiEp	2665401		sigma70	RDBECOLITFC00020,RDBECOLITFC00189	H-NS,CRP	b2535	2665435	2666715		Ecocyc:TU0-3982 
RDBECOLITUC01937	cpxRA	RDBECOLIOPC03312	cpxRA	RDBECOLIGNC00159,RDBECOLIGNC00017	cpxA;cpxR	RDBECOLIPMC02768	cpxRp	4105686		sigma70	RDBECOLITFC00170,RDBECOLITFC00170	CpxR,CpxR	b3911;b3912	4105670	4103602		Ecocyc:TU0-3 
RDBECOLITUC01938	csiD-ygaF-gabDTP	RDBECOLIOPC03188	csiD-ygaF-gabDTP	RDBECOLIGNC01300,RDBECOLIGNC00354,RDBECOLIGNC01299,RDBECOLIGNC02247,RDBECOLIGNC04211	gabP;gabT;gabD;lhgD;glaH	RDBECOLIPMC00597	csiDp	2788927		sigma38	RDBECOLITFC00080,RDBECOLITFC00020,RDBECOLITFC00014,RDBECOLITFC00189,RDBECOLITFC00080	GlaR,H-NS,Lrp,CRP,GlaR	b2663;b2662;b2661;b2660;b2659	2788985	2795653		Ecocyc:TU0-4001 
RDBECOLITUC01939	pdeR	RDBECOLIOPC01897	pdeR	RDBECOLIGNC03501	pdeR	RDBECOLIPMC00598	pdeRp	1346843		sigma38	RDBECOLITFC00013,RDBECOLITFC00161	FliZ,RutR	b1285	1346742	1344757		Ecocyc:TU0-4021 
RDBECOLITUC01940	dsbC	RDBECOLIOPC03353	xerD-dsbC-recJ	RDBECOLIGNC01058	dsbC	RDBECOLIPMC00599	dsbCp	3038834		sigma24	RDBECOLITFC00170,RDBECOLITFC00170	CpxR,CpxR	b2893	3038822	3038112		Ecocyc:TU0-4141 
RDBECOLITUC01941	mdoGH	RDBECOLIOPC01360	mdoGH	RDBECOLIGNC01813,RDBECOLIGNC01812	opgH;opgG	RDBECOLIPMC00600	opgGp2	1109257	RDBECOLITMC00250	sigma70			b1049;b1048	1109335	1113406	1113532-1113560	Ecocyc:TU0-4143 
RDBECOLITUC01942	hlpA-lpxD-fabZ-lpxA	RDBECOLIOPC03570	bamA-hlpA-lpxD-fabZ-lpxAB-rnhB-dnaE	RDBECOLIGNC00537,RDBECOLIGNC01256,RDBECOLIGNC00310,RDBECOLIGNC00448	lpxA;fabZ;lpxD;skp	RDBECOLIPMC00601	hlpAp	200455		sigma24	RDBECOLITFC00077,RDBECOLITFC00170	GadE,CpxR	b0181;b0180;b0179;b0178	200482	203348		Ecocyc:TU0-4146 
RDBECOLITUC01943	bamC	RDBECOLIOPC03233	dapA-nlpB	RDBECOLIGNC00650	bamC	RDBECOLIPMC00602	bamCp	2599014	RDBECOLITMC00251	sigma24			b2477	2598865	2597831	2597803-2597824	Ecocyc:TU0-4161 
RDBECOLITUC01944	yceI	RDBECOLIOPC02354	yceJI	RDBECOLIGNC01749	yceI								b1056	1118476	1117901		Ecocyc:TU0-41656 
RDBECOLITUC01945	bhsA	RDBECOLIOPC01718	bhsA	RDBECOLIGNC03435	bhsA	RDBECOLIPMC01037	bhsAp9	1169019		sigma70			b1112	1169073	1169330		Ecocyc:TU0-41673 
RDBECOLITUC01946	phoQ	RDBECOLIOPC03191	phoPQ	RDBECOLIGNC00722	phoQ	RDBECOLIPMC01049	phoQp5	1189940		sigma24	RDBECOLITFC00202	PhoB	b1129	1189776	1188316		Ecocyc:TU0-41681 
RDBECOLITUC01947	mpaA	RDBECOLIOPC03456	ycjY-ymjDC-mpaA	RDBECOLIGNC03524	mpaA						RDBECOLITFC00054	PgrR	b1326	1390598	1389870		Ecocyc:TU0-41739 
RDBECOLITUC01948	ydbK-ompN	RDBECOLIOPC02722	ydbK-ompN	RDBECOLIGNC03561,RDBECOLIGNC03562	ompN;ydbK	RDBECOLIPMC01183	ydbKp4	1440846		sigma38			b1377;b1378	1440784	1435760		Ecocyc:TU0-41760 
RDBECOLITUC01950	gadC	RDBECOLIOPC03512	gadBC	RDBECOLIGNC03640	gadC				RDBECOLITMC00307				b1492	1570489	1568954	1568904-1568930	Ecocyc:TU0-41793 
RDBECOLITUC01951	ydeNM	RDBECOLIOPC02963	ydeNM	RDBECOLIGNC03641,RDBECOLIGNC03642	ydeM;ydeN	RDBECOLIPMC01248	ydeNp	1582554		sigma70	RDBECOLITFC00027,RDBECOLITFC00027,RDBECOLITFC00022,RDBECOLITFC00187,RDBECOLITFC00187	NagC,NagC,AraC,GadX,GadX	b1497;b1498	1582524	1579633		Ecocyc:TU0-41795 
RDBECOLITUC01952	ydeI	RDBECOLIOPC02276	ydeI	RDBECOLIGNC01586	ydeI	RDBECOLIPMC01261	ydeIp5	1624559		sigma70	RDBECOLITFC00048	RcdA	b1536	1624497	1624105		Ecocyc:TU0-41801 
RDBECOLITUC01953	rfaDFCL	RDBECOLIOPC02956	rfaDFCL	RDBECOLIGNC01387,RDBECOLIGNC01169,RDBECOLIGNC02092,RDBECOLIGNC00828	waaL;waaC;waaF;rfaD	RDBECOLIPMC00603	rfaDp1	3793939		sigma70			b3622;b3621;b3620;b3619	3793987	3798207		Ecocyc:TU0-4181 
RDBECOLITUC01954	rfaDFCL	RDBECOLIOPC02956	rfaDFCL	RDBECOLIGNC01387,RDBECOLIGNC01169,RDBECOLIGNC02092,RDBECOLIGNC00828	waaL;waaC;waaF;rfaD	RDBECOLIPMC00604	rfaDp2	3793896					b3622;b3621;b3620;b3619	3793987	3798207		Ecocyc:TU0-4182 
RDBECOLITUC01955	rfaDFCL	RDBECOLIOPC02956	rfaDFCL	RDBECOLIGNC01387,RDBECOLIGNC01169,RDBECOLIGNC02092,RDBECOLIGNC00828	waaL;waaC;waaF;rfaD	RDBECOLIPMC00605	rfaDp4	3793970		sigma24			b3622;b3621;b3620;b3619	3793987	3798207		Ecocyc:TU0-4183 
RDBECOLITUC01956	ydiY	RDBECOLIOPC00108	ydiY	RDBECOLIGNC03779	ydiY						RDBECOLITFC00135	Nac	b1722	1806083	1805325		Ecocyc:TU0-41842 
RDBECOLITUC01957	lpxD	RDBECOLIOPC03570	bamA-hlpA-lpxD-fabZ-lpxAB-rnhB-dnaE	RDBECOLIGNC00310	lpxD	RDBECOLIPMC00606	lpxDp	200960		sigma24			b0179	200971	201996		Ecocyc:TU0-4184 
RDBECOLITUC01958	msrB	RDBECOLIOPC01523	msrB	RDBECOLIGNC02252	msrB	RDBECOLIPMC01364	msrBp6	1862464		sigma70			b1778	1862429	1862016		Ecocyc:TU0-41857 
RDBECOLITUC01959	fadD-sroD	RDBECOLIOPC00603	fadD-sroD	RDBECOLIGNC02922,RDBECOLIGNC01483	sroD;fadD	RDBECOLIPMC00608	fadDp	1889807	RDBECOLITMC00098	sigma70	RDBECOLITFC00189,RDBECOLITFC00098,RDBECOLITFC00126,RDBECOLITFC00126	CRP,ArcA,FadR,FadR	b1805	1889746	1888017	1888017-1888043	Ecocyc:TU0-4187 
RDBECOLITUC01960	yggN	RDBECOLIOPC03361	yggN	RDBECOLIGNC02359	yggN	RDBECOLIPMC00609	yggNp1	3101798		sigma24			b2958	3101623	3100904		Ecocyc:TU0-4189 
RDBECOLITUC01961	sdiA	RDBECOLIOPC03301	sdiA	RDBECOLIGNC00923	sdiA	RDBECOLIPMC01443	sdiAp2	1996897		sigma70			b1916	1996832	1996110		Ecocyc:TU0-41901 
RDBECOLITUC01962	yggN	RDBECOLIOPC03361	yggN	RDBECOLIGNC02359	yggN	RDBECOLIPMC00610	yggNp2	3101744		sigma24			b2958	3101623	3100904		Ecocyc:TU0-4191 
RDBECOLITUC01963	ygiM	RDBECOLIOPC01925	htrG-cca	RDBECOLIGNC02284	ygiM	RDBECOLIPMC00618	ygiMp1	3201104		sigma24			b3055	3201207	3201827		Ecocyc:TU0-4192 
RDBECOLITUC01964	hemA-prfA-prmC	RDBECOLIOPC02669	hemA-prfA-prmC	RDBECOLIGNC02277,RDBECOLIGNC00751,RDBECOLIGNC00420	prmC;prfA;hemA	RDBECOLIPMC03592	hemAp1	1263676		sigma70	RDBECOLITFC00211,RDBECOLITFC00098,RDBECOLITFC00128	IHF,ArcA,FNR	b1212;b1211;b1210	1263714	1266927		Ecocyc:TU0-4201 
RDBECOLITUC01965	hemA	RDBECOLIOPC02669	hemA-prfA-prmC	RDBECOLIGNC00420	hemA	RDBECOLIPMC03591	hemAp2	1263583					b1210	1263714	1264970		Ecocyc:TU0-4202 
RDBECOLITUC01966	bamA	RDBECOLIOPC03570	bamA-hlpA-lpxD-fabZ-lpxAB-rnhB-dnaE	RDBECOLIGNC02989	bamA	RDBECOLIPMC00732	bamAp1	197821		sigma24			b0177	197928	200360		Ecocyc:TU0-4204 
RDBECOLITUC01967	yqjA-mzrA	RDBECOLIOPC01455	yqjA-mzrA	RDBECOLIGNC04410,RDBECOLIGNC04409	mzrA;yqjA	RDBECOLIPMC00743	yqjAp2	3247643		sigma24			b3096;b3095	3247773	3248822		Ecocyc:TU0-4205 
RDBECOLITUC01968	rpsI	RDBECOLIOPC02983	rplM-rpsI	RDBECOLIGNC00898	rpsI				RDBECOLITMC00283				b3230	3378207	3377815	3377756-3377782	Ecocyc:TU0-42202 
RDBECOLITUC01969	bamD	RDBECOLIOPC03046	bamD	RDBECOLIGNC04176	bamD	RDBECOLIPMC00903	bamDp1	2736006		sigma24			b2595	2736146	2736883		Ecocyc:TU0-4221 
RDBECOLITUC01970	rseP	RDBECOLIOPC00368	rseP	RDBECOLIGNC02285	rseP	RDBECOLIPMC00914	rsePp	196470		sigma24			b0176	196546	197898		Ecocyc:TU0-4222 
RDBECOLITUC01971	gntU	RDBECOLIOPC02837	gntRKU	RDBECOLIGNC02338	gntU				RDBECOLITMC00268				b4476	3577061	3575721	3575688-3575711	Ecocyc:TU0-42252 
RDBECOLITUC01972	yghF	RDBECOLIOPC00884	yghF	RDBECOLIGNC04346	yghF	RDBECOLIPMC01114	yghFp	3112899		sigma24			b2970	3113049	3112054		Ecocyc:TU0-4242 
RDBECOLITUC01973	yciT	RDBECOLIOPC02658	yciZT	RDBECOLIGNC03500	yciT	RDBECOLIPMC02407	yciTp	1344510		sigma38			b1284	1344346	1343597		Ecocyc:TU0-42448 
RDBECOLITUC01974	yffO-yffP	RDBECOLIOPC01506	yffO-yffP	RDBECOLIGNC04106,RDBECOLIGNC04105	yffP;yffO	RDBECOLIPMC02408	yffOp	2562053		sigma38			b2447;b2446	2562111	2563117		Ecocyc:TU0-42449 
RDBECOLITUC01975	araFGH	RDBECOLIOPC02671	araFGH	RDBECOLIGNC00055,RDBECOLIGNC00054,RDBECOLIGNC00053	araH;araG;araF	RDBECOLIPMC02411	araFp2	1986148		sigma38			b4460;b1900;b1901	1986128	1982554		Ecocyc:TU0-42451 
RDBECOLITUC01976	ppk-ppx	RDBECOLIOPC02825	ppk-ppx	RDBECOLIGNC01368,RDBECOLIGNC01465	ppx;ppk	RDBECOLIPMC02412	ppkp	2622977		sigma38			b2502;b2501	2623044	2626656		Ecocyc:TU0-42452 
RDBECOLITUC01977	appY	RDBECOLIOPC03133	appY	RDBECOLIGNC00046	appY	RDBECOLIPMC02413	appYp2	583656		sigma38	RDBECOLITFC00098	ArcA	b0564	583681	584430		Ecocyc:TU0-42454 
RDBECOLITUC01978	gpmM-envC-yibQ	RDBECOLIOPC02968	gpmM-envC-yibQ	RDBECOLIGNC02174,RDBECOLIGNC02173,RDBECOLIGNC02172	yibQ;envC;gpmM	RDBECOLIPMC02414	gpmMp2	3785187		sigma38			b3614;b3613;b3612	3785260	3789060		Ecocyc:TU0-42455 
RDBECOLITUC01979	csrA	RDBECOLIOPC03601	csrA	RDBECOLIGNC01409	csrA	RDBECOLIPMC02415	csrAp1	2819373		sigma70			b2696	2819146	2818961		Ecocyc:TU0-42456 
RDBECOLITUC01980	csrA	RDBECOLIOPC03601	csrA	RDBECOLIGNC01409	csrA	RDBECOLIPMC02416	csrAp2	2819370		sigma70			b2696	2819146	2818961		Ecocyc:TU0-42457 
RDBECOLITUC01981	csrA	RDBECOLIOPC03601	csrA	RDBECOLIGNC01409	csrA	RDBECOLIPMC02417	csrAp4	2819198					b2696	2819146	2818961		Ecocyc:TU0-42458 
RDBECOLITUC01982	csrA	RDBECOLIOPC03601	csrA	RDBECOLIGNC01409	csrA	RDBECOLIPMC02418	csrAp5	2819189		sigma70			b2696	2819146	2818961		Ecocyc:TU0-42459 
RDBECOLITUC01983	rybA-mntS	RDBECOLIOPC00634	rybA-mntS	RDBECOLIGNC02883,RDBECOLIGNC02717	rybA;mntS	RDBECOLIPMC02421	rybAp	853064		sigma70	RDBECOLITFC00143,RDBECOLITFC00143	MntR,MntR	b4416;b4705	853064	852725		Ecocyc:TU0-42460 
RDBECOLITUC01984	azoR	RDBECOLIOPC02240	azoR	RDBECOLIGNC03590	azoR	RDBECOLIPMC02422	azoRp	1482904		sigma70			b1412	1482860	1482255		Ecocyc:TU0-42461 
RDBECOLITUC01985	ddpXABCDF	RDBECOLIOPC02587	ddpXABCDF	RDBECOLIGNC03631,RDBECOLIGNC03632,RDBECOLIGNC03633,RDBECOLIGNC03634,RDBECOLIGNC03635,RDBECOLIGNC03636	ddpF;ddpD;ddpC;ddpB;ddpA;ddpX	RDBECOLIPMC02423	ddpXp2	1563201		sigma38			b1483;b1484;b1485;b1486;b1487;b1488	1563076	1557112		Ecocyc:TU0-42462 
RDBECOLITUC01986	ddpXABCDF	RDBECOLIOPC02587	ddpXABCDF	RDBECOLIGNC03631,RDBECOLIGNC03632,RDBECOLIGNC03633,RDBECOLIGNC03634,RDBECOLIGNC03635,RDBECOLIGNC03636	ddpF;ddpD;ddpC;ddpB;ddpA;ddpX	RDBECOLIPMC02424	ddpXp3	1563249		sigma38			b1483;b1484;b1485;b1486;b1487;b1488	1563076	1557112		Ecocyc:TU0-42463 
RDBECOLITUC01987	sdiA	RDBECOLIOPC03301	sdiA	RDBECOLIGNC00923	sdiA	RDBECOLIPMC02425	sdiAp1	1996917		sigma70			b1916	1996832	1996110		Ecocyc:TU0-42465 
RDBECOLITUC01988	sdiA	RDBECOLIOPC03301	sdiA	RDBECOLIGNC00923	sdiA	RDBECOLIPMC02426	sdiAp3	1996867		sigma70			b1916	1996832	1996110		Ecocyc:TU0-42466 
RDBECOLITUC01989	sdiA	RDBECOLIOPC03301	sdiA	RDBECOLIGNC00923	sdiA	RDBECOLIPMC02427	sdiAp4	1996857		sigma70			b1916	1996832	1996110		Ecocyc:TU0-42467 
RDBECOLITUC01990	cbrA	RDBECOLIOPC03472	cbrA	RDBECOLIGNC01655	cbrA						RDBECOLITFC00112	CreB	b3690	3869377	3870441		Ecocyc:TU0-42468 
RDBECOLITUC01991	recG	RDBECOLIOPC01644	rpoZ-spoT-trmH-recG	RDBECOLIGNC00819	recG						RDBECOLITFC00112	CreB	b3652	3825210	3827291		Ecocyc:TU0-42470 
RDBECOLITUC01992	metH	RDBECOLIOPC03313	metH	RDBECOLIGNC00579	metH	RDBECOLIPMC02428	metHp2	4223505		sigma70			b4019	4223828	4227511		Ecocyc:TU0-42471 
RDBECOLITUC01993	patZ	RDBECOLIOPC01978	tapT-patZ	RDBECOLIGNC04175	patZ	RDBECOLIPMC02429	pkap	2719931		sigma70	RDBECOLITFC00189,RDBECOLITFC00189	CRP,CRP	b2584	2719953	2722613		Ecocyc:TU0-42472 
RDBECOLITUC01994	shiA	RDBECOLIOPC00306	shiA	RDBECOLIGNC03911	shiA	RDBECOLIPMC02430	shiAp	2053566		sigma70			b1981	2053643	2054959		Ecocyc:TU0-42474 
RDBECOLITUC01995	leuO	RDBECOLIOPC03100	leuO	RDBECOLIGNC00523	leuO	RDBECOLIPMC02432	leuOp1	84154			RDBECOLITFC00190	LrhA	b0076	84368	85312		Ecocyc:TU0-42475 
RDBECOLITUC01996	leuO	RDBECOLIOPC03100	leuO	RDBECOLIGNC00523	leuO	RDBECOLIPMC02433	leuOp2	84304			RDBECOLITFC00095,RDBECOLITFC00020,RDBECOLITFC00066,RDBECOLITFC00212,RDBECOLITFC00212,RDBECOLITFC00212,RDBECOLITFC00212,RDBECOLITFC00212,RDBECOLITFC00212,RDBECOLITFC00212,RDBECOLITFC00212	RcsB-BglJ,H-NS,StpA,LeuO,LeuO,LeuO,LeuO,LeuO,LeuO,LeuO,LeuO	b0076	84368	85312		Ecocyc:TU0-42477 
RDBECOLITUC01997	leuLABCD	RDBECOLIOPC03602	leuLABCD	RDBECOLIGNC01526,RDBECOLIGNC01527,RDBECOLIGNC01528,RDBECOLIGNC01203,RDBECOLIGNC01252	leuD;leuC;leuB;leuA;leuL	RDBECOLIPMC02434	leuLp2	84024					b0071;b0072;b0073;b0074;b0075	83708	78848		Ecocyc:TU0-42478 
RDBECOLITUC01998	rsmG	RDBECOLIOPC03263	asnC-mioC-mnmG	RDBECOLIGNC00369	rsmG								b3740	3923680	3923057		Ecocyc:TU0-42479 
RDBECOLITUC01999	gapA	RDBECOLIOPC03265	gapA-yeaD	RDBECOLIGNC00360	gapA	RDBECOLIPMC02437	gapAp7	1862240					b1779	1862771	1863766		Ecocyc:TU0-42480 
RDBECOLITUC02000	gapA	RDBECOLIOPC03265	gapA-yeaD	RDBECOLIGNC00360	gapA	RDBECOLIPMC02438	gapAp6	1862247					b1779	1862771	1863766		Ecocyc:TU0-42481 
RDBECOLITUC02001	fumC	RDBECOLIOPC02659	fumAC	RDBECOLIGNC00351	fumC	RDBECOLIPMC02439	fumCp1	1686654		sigma70	RDBECOLITFC00051	Rob	b1611	1686588	1685185		Ecocyc:TU0-42482 
RDBECOLITUC02002	rmf	RDBECOLIOPC00345	rmf	RDBECOLIGNC02558	rmf	RDBECOLIPMC02440	rmfp	1015650	RDBECOLITMC00122		RDBECOLITFC00189,RDBECOLITFC00098,RDBECOLITFC00089,RDBECOLITFC00048,RDBECOLITFC00021,RDBECOLITFC00136	CRP,ArcA,McbR,RcdA,SdiA,SlyA	b0953	1015715	1015882	1015900-1015924	Ecocyc:TU0-42483 
RDBECOLITUC02003	esrE	RDBECOLIOPC01835	esrE	RDBECOLIGNC02719	esrE	RDBECOLIPMC02442	esrEp	4019978		sigma70	RDBECOLITFC00093	Fur	b4707	4019978	4020229		Ecocyc:TU0-42484 
RDBECOLITUC02004	thrL	RDBECOLIOPC02649	thrLABC	RDBECOLIGNC01250	thrL	RDBECOLIPMC03497	thrLp	148	RDBECOLITMC00051	sigma70	RDBECOLITFC00039	DksA	b0001	190	255	274-310	Ecocyc:TU0-42486 
RDBECOLITUC02005	btsT	RDBECOLIOPC00076	btsT	RDBECOLIGNC04678	btsT	RDBECOLIPMC02443	yjiYp	4591367		sigma38	RDBECOLITFC00169,RDBECOLITFC00189	BtsR,CRP	b4354	4591279	4589129		Ecocyc:TU0-42491 
RDBECOLITUC02006	yhjX	RDBECOLIOPC01476	yhjX	RDBECOLIGNC02144	yhjX	RDBECOLIPMC02445	yhjXp	3712043		sigma70	RDBECOLITFC00061,RDBECOLITFC00061	PyrR,PyrR	b3547	3712007	3710799		Ecocyc:TU0-42492 
RDBECOLITUC02007	cspI	RDBECOLIOPC03316	cspI	RDBECOLIGNC03678	cspI	RDBECOLIPMC02446	cspIp2	1638712					b1552	1638667	1638455		Ecocyc:TU0-42493 
RDBECOLITUC02008	ibaG-murA	RDBECOLIOPC03588	ibaG-murA	RDBECOLIGNC01326,RDBECOLIGNC04454	murA;ibaG	RDBECOLIPMC02447	ibaGp1	3336833					b3189;b3190	3336803	3335235		Ecocyc:TU0-42495 
RDBECOLITUC02009	dksA-gluQ	RDBECOLIOPC02737	sfsA-dksA	RDBECOLIGNC01330,RDBECOLIGNC00224	gluQ;dksA	RDBECOLIPMC02448	dksAp3	160751		sigma70			b0144;b0145	160604	159186		Ecocyc:TU0-42497 
RDBECOLITUC02010	yibD	RDBECOLIOPC00503	yibD	RDBECOLIGNC01239	waaH						RDBECOLITFC00196	BasR	b3615	3790081	3789047		Ecocyc:TU0-42498 
RDBECOLITUC02011	fumAC	RDBECOLIOPC02659	fumAC	RDBECOLIGNC00351,RDBECOLIGNC00349	fumC;fumA	RDBECOLIPMC03427	fumAp	1688440		sigma70	RDBECOLITFC00189,RDBECOLITFC00189,RDBECOLITFC00189,RDBECOLITFC00189,RDBECOLITFC00189,RDBECOLITFC00128,RDBECOLITFC00098	CRP,CRP,CRP,CRP,CRP,FNR,ArcA	b1611;b1612	1688377	1685185		Ecocyc:TU0-42499 
RDBECOLITUC02012	bluF	RDBECOLIOPC00901	bluF	RDBECOLIGNC03467	bluF	RDBECOLIPMC02449	bluFp	1215506		sigma70	RDBECOLITFC00048,RDBECOLITFC00048	RcdA,RcdA	b1163	1215475	1214264		Ecocyc:TU0-42501 
RDBECOLITUC02013	ssrA	RDBECOLIOPC00033	ssrA	RDBECOLIGNC02537	ssrA	RDBECOLIPMC02450	ssrAp	2755586		sigma70			b2621	2755593	2755955		Ecocyc:TU0-42503 
RDBECOLITUC02014	yfeCD	RDBECOLIOPC01525	yfeCD	RDBECOLIGNC01395,RDBECOLIGNC01394	yfeD;yfeC	RDBECOLIPMC02451	yfeCp	2518407					b2399;b2398	2518467	2519205		Ecocyc:TU0-42504 
RDBECOLITUC02015	leuL	RDBECOLIOPC03602	leuLABCD	RDBECOLIGNC01252	leuL	RDBECOLIPMC03498	leuLp1	83735	RDBECOLITMC00069	sigma70	RDBECOLITFC00212	LeuO	b0075	83708	83622	83574-83603	Ecocyc:TU0-42508 
RDBECOLITUC02016	sucAB	RDBECOLIOPC03446	sdhCDAB-sucABCD-sdhX	RDBECOLIGNC00968,RDBECOLIGNC00967	sucB;sucA	RDBECOLIPMC03426	sucAp	758586	RDBECOLITMC00247	sigma38	RDBECOLITFC00128,RDBECOLITFC00098,RDBECOLITFC00211	FNR,ArcA,IHF	b0727;b0726	758706	762739	762959-762966	Ecocyc:TU0-42509 
RDBECOLITUC02017	trpL	RDBECOLIOPC03145	trpLEDCBA	RDBECOLIGNC01247	trpL	RDBECOLIPMC03388	trpLp	1323108	RDBECOLITMC00049	sigma70	RDBECOLITFC00032,RDBECOLITFC00032,RDBECOLITFC00032	TrpR,TrpR,TrpR	b1265	1323082	1323038	1322975-1322995	Ecocyc:TU0-42510 
RDBECOLITUC02018	hisL	RDBECOLIOPC03589	hisLGDCBHAFI	RDBECOLIGNC01242	hisL	RDBECOLIPMC02823	hisLp	2089965	RDBECOLITMC00050		RDBECOLITFC00039	DksA	b2018	2089996	2090046	2090108-2090140	Ecocyc:TU0-42511 
RDBECOLITUC02019	gntK	RDBECOLIOPC02837	gntRKU	RDBECOLIGNC02336	gntK	RDBECOLIPMC03540	gntKp	3577645	RDBECOLITMC00270	sigma70	RDBECOLITFC00189,RDBECOLITFC00068,RDBECOLITFC00068,RDBECOLITFC00177,RDBECOLITFC00177	CRP,IdnR,IdnR,GntR,GntR	b3437	3577592	3577065	3577006-3577038	Ecocyc:TU0-42512 
RDBECOLITUC02020	ivbL	RDBECOLIOPC03544	ivbL-ilvBN-uhpABC	RDBECOLIGNC01248	ivbL	RDBECOLIPMC03351	ivbLp	3853023	RDBECOLITMC00047	sigma70	RDBECOLITFC00189	CRP	b3672	3852988	3852890	3852835-3852982	Ecocyc:TU0-42513 
RDBECOLITUC02021	tnaC	RDBECOLIOPC02356	tnaCAB	RDBECOLIGNC01249	tnaC	RDBECOLIPMC03407	tnaCp	3888411	RDBECOLITMC00068	sigma70	RDBECOLITFC00063,RDBECOLITFC00063,RDBECOLITFC00189	TorR,TorR,CRP	b3707	3888435	3888509	3888462-3888509	Ecocyc:TU0-42514 
RDBECOLITUC02022	bglG	RDBECOLIOPC02966	bglGFB	RDBECOLIGNC00112	bglG	RDBECOLIPMC02771	bglGp1	3906697	RDBECOLITMC00266		RDBECOLITFC00212,RDBECOLITFC00189,RDBECOLITFC00020,RDBECOLITFC00053,RDBECOLITFC00053,RDBECOLITFC00212,RDBECOLITFC00095,RDBECOLITFC00066	LeuO,CRP,H-NS,Fis,Fis,LeuO,RcsB-BglJ,StpA	b3723	3906567	3905731	3905636-3905687	Ecocyc:TU0-42515 
RDBECOLITUC02023	ilvL	RDBECOLIOPC03607	ilvLXG_1G_2MEDA	RDBECOLIGNC01243	ilvL	RDBECOLIPMC03683	ilvLp1	3950218	RDBECOLITMC00046	sigma70	RDBECOLITFC00211,RDBECOLITFC00211	IHF,IHF	b3766	3950322	3950420	3950320-3950471	Ecocyc:TU0-42516 
RDBECOLITUC02024	ilvL	RDBECOLIOPC03607	ilvLXG_1G_2MEDA	RDBECOLIGNC01243	ilvL	RDBECOLIPMC03684	ilvLp2	3950290	RDBECOLITMC00046	sigma70	RDBECOLITFC00211,RDBECOLITFC00211,RDBECOLITFC00014,RDBECOLITFC00014,RDBECOLITFC00014	IHF,IHF,Lrp,Lrp,Lrp	b3766	3950322	3950420	3950320-3950471	Ecocyc:TU0-42517 
RDBECOLITUC02025	rhoL	RDBECOLIOPC01364	rhoL-rho	RDBECOLIGNC02279	rhoL	RDBECOLIPMC03690	rhoLp	3966162	RDBECOLITMC00066,RDBECOLITMC00065,RDBECOLITMC00064,RDBECOLITMC00063,RDBECOLITMC00062				b3782	3966231	3966332	3966856-3966876;3966718-3966740;3966491-3966513;3966342-3966359;3966305-3966335	Ecocyc:TU0-42518 
RDBECOLITUC02026	tatABC	RDBECOLIOPC02473	tatABC	RDBECOLIGNC01437,RDBECOLIGNC04561,RDBECOLIGNC04560	tatC;tatB;tatA	RDBECOLIPMC02212	tatAp1	4021909	RDBECOLITMC00038	sigma70			b3839;b3838;b3836	4021945	4023512	4023516-4023537	Ecocyc:TU0-42519 
RDBECOLITUC02027	ycjY-ymjDC-mpaA	RDBECOLIOPC03456	ycjY-ymjDC-mpaA	RDBECOLIGNC03524,RDBECOLIGNC02585,RDBECOLIGNC02686,RDBECOLIGNC03525	mpaA;ymjC;ymjD;ycjY	RDBECOLIPMC01150	ycjYp6	1392072		sigma32	RDBECOLITFC00054	PgrR	b1326;b4525;b4673;b1327	1391853	1389870		Ecocyc:TU0-42524 
RDBECOLITUC02028	frr	RDBECOLIOPC00887	frr	RDBECOLIGNC00329	frr	RDBECOLIPMC02455	frrp	192814	RDBECOLITMC00127	sigma70			b0172	192872	193429	193442-193498	Ecocyc:TU0-42525 
RDBECOLITUC02029	leuE	RDBECOLIOPC00021	leuE	RDBECOLIGNC03834	leuE	RDBECOLIPMC02456	leuEp	1880800			RDBECOLITFC00014,RDBECOLITFC00014,RDBECOLITFC00014,RDBECOLITFC00014	Lrp,Lrp,Lrp,Lrp	b1798	1880759	1880121		Ecocyc:TU0-42526 
RDBECOLITUC02030	agrA	RDBECOLIOPC01509	agrA	RDBECOLIGNC02721	agrA	RDBECOLIPMC02457	agrAp	3648063	RDBECOLITMC00129				b4712	3648063	3648144	3648117-3648144	Ecocyc:TU0-42529 
RDBECOLITUC02031	agrB	RDBECOLIOPC00592	agrB	RDBECOLIGNC02722	agrB	RDBECOLIPMC02458	agrBp	3648294	RDBECOLITMC00128				b4713	3648294	3648375	3648348-3648375	Ecocyc:TU0-42530 
RDBECOLITUC02032	cbpA-cbpM	RDBECOLIOPC03597	cbpA-cbpM	RDBECOLIGNC02078,RDBECOLIGNC02077	cbpM;cbpA	RDBECOLIPMC02459	cbpAp6	1064037		sigma70	RDBECOLITFC00053	Fis	b0999;b1000	1063775	1062550		Ecocyc:TU0-42532 
RDBECOLITUC02033	cbpA-cbpM	RDBECOLIOPC03597	cbpA-cbpM	RDBECOLIGNC02078,RDBECOLIGNC02077	cbpM;cbpA	RDBECOLIPMC02460	cbpAp4	1063919		sigma70	RDBECOLITFC00053	Fis	b0999;b1000	1063775	1062550		Ecocyc:TU0-42533 
RDBECOLITUC02034	nemRA-gloA	RDBECOLIOPC02813	nemRA-gloA	RDBECOLIGNC03744,RDBECOLIGNC03743,RDBECOLIGNC03742	gloA;nemA;nemR	RDBECOLIPMC00225	nemRp	1726021		sigma70	RDBECOLITFC00174,RDBECOLITFC00161	NemR,RutR	b1651;b1650;b1649	1726023	1728244		Ecocyc:TU0-42534 
RDBECOLITUC02035	ydcSTUV-patD	RDBECOLIOPC02910	ydcSTUV-patD	RDBECOLIGNC03610,RDBECOLIGNC03609,RDBECOLIGNC03608,RDBECOLIGNC03607,RDBECOLIGNC03606	patD;ydcV;ydcU;ydcT;ydcS	RDBECOLIPMC02463	ydcSp1	1511599		sigma38	RDBECOLITFC00135	Nac	b1444;b1443;b1442;b1441;b1440	1511654	1517002		Ecocyc:TU0-42535 
RDBECOLITUC02036	acpP	RDBECOLIOPC03600	rpmF-plsX-fabHDG	RDBECOLIGNC02557	acpP	RDBECOLIPMC03983	acpPp	1151575	RDBECOLITMC00132	sigma70			b1094	1151615	1151851	1151860-1151887	Ecocyc:TU0-42537 
RDBECOLITUC02037	fabF	RDBECOLIOPC03600	rpmF-plsX-fabHDG	RDBECOLIGNC02324	fabF								b1095	1151939	1153180		Ecocyc:TU0-42538 
RDBECOLITUC02038	ydbK-ompN	RDBECOLIOPC02722	ydbK-ompN	RDBECOLIGNC03561,RDBECOLIGNC03562	ompN;ydbK	RDBECOLIPMC00546	ydbKp	1440831			RDBECOLITFC00201,RDBECOLITFC00201	SoxS,SoxS	b1377;b1378	1440784	1435760		Ecocyc:TU0-42540 
RDBECOLITUC02039	nanA	RDBECOLIOPC03113	nanATEK-yhcH	RDBECOLIGNC00629	nanA	RDBECOLIPMC00428	nanAp	3373620		sigma70	RDBECOLITFC00189,RDBECOLITFC00154,RDBECOLITFC00154,RDBECOLITFC00154,RDBECOLITFC00053,RDBECOLITFC00053,RDBECOLITFC00053	CRP,NanR,NanR,NanR,Fis,Fis,Fis	b3225	3373576	3372683		Ecocyc:TU0-42543 
RDBECOLITUC02040	nanCMS	RDBECOLIOPC03035	nanCMS	RDBECOLIGNC04657,RDBECOLIGNC04658,RDBECOLIGNC04659	nanS;nanM;nanC	RDBECOLIPMC02827	nanCp	4539928			RDBECOLITFC00189,RDBECOLITFC00027,RDBECOLITFC00027,RDBECOLITFC00154,RDBECOLITFC00154,RDBECOLITFC00154	CRP,NagC,NagC,NanR,NanR,NanR	b4309;b4310;b4311	4539501	4536614		Ecocyc:TU0-42544 
RDBECOLITUC02041	ghoST	RDBECOLIOPC01128	ghoST	RDBECOLIGNC02609,RDBECOLIGNC04572	ghoT;ghoS	RDBECOLIPMC02464	ghoSp	4352549					b4559;b4128	4352584	4353081		Ecocyc:TU0-42545 
RDBECOLITUC02042	feaR	RDBECOLIOPC03594	feaR	RDBECOLIGNC03567	feaR	RDBECOLIPMC02465	feaRp1	1447349		sigma70	RDBECOLITFC00094	QseB	b1384	1447283	1446378		Ecocyc:TU0-42547 
RDBECOLITUC02043	feaR	RDBECOLIOPC03594	feaR	RDBECOLIGNC03567	feaR	RDBECOLIPMC02466	feaRp2	1447309		sigma70	RDBECOLITFC00038,RDBECOLITFC00202,RDBECOLITFC00135,RDBECOLITFC00094,RDBECOLITFC00189	NsrR,PhoB,Nac,QseB,CRP	b1384	1447283	1446378		Ecocyc:TU0-42548 
RDBECOLITUC02044	feaR	RDBECOLIOPC03594	feaR	RDBECOLIGNC03567	feaR	RDBECOLIPMC02467	feaRp3	1447394		sigma70			b1384	1447283	1446378		Ecocyc:TU0-42549 
RDBECOLITUC02045	feaB	RDBECOLIOPC02455	feaB	RDBECOLIGNC04690	feaB	RDBECOLIPMC02469	feaBp2	1447370	RDBECOLITMC00133	sigma70			b1385	1447519	1449018	1449037-1449063	Ecocyc:TU0-42551 
RDBECOLITUC02046	tynA	RDBECOLIOPC01491	tynA	RDBECOLIGNC02422	tynA	RDBECOLIPMC00310	tynAp	1451409		sigma70	RDBECOLITFC00127,RDBECOLITFC00127	FeaR,FeaR	b1386	1451349	1449076		Ecocyc:TU0-42552 
RDBECOLITUC02047	ssnA	RDBECOLIOPC00609	ygfK-ssnA	RDBECOLIGNC04309	ssnA	RDBECOLIPMC02471	ssnAp	3018950	RDBECOLITMC00134	sigma70			b2879	3019161	3020489	3020500-3020522	Ecocyc:TU0-42558 
RDBECOLITUC02048	gcvR	RDBECOLIOPC02610	gcvR	RDBECOLIGNC01131	gcvR	RDBECOLIPMC02472	gcvRp2	2599806		sigma70			b2479	2599906	2600478		Ecocyc:TU0-42559 
RDBECOLITUC02049	degQ	RDBECOLIOPC02816	degQS	RDBECOLIGNC04476	degQ	RDBECOLIPMC02473	degQp	3380698	RDBECOLITMC00136,RDBECOLITMC00137	sigma70			b3234	3380743	3382110	3382115-3382154;3382157-3382178	Ecocyc:TU0-42560 
RDBECOLITUC02050	degS	RDBECOLIOPC02816	degQS	RDBECOLIGNC01594	degS	RDBECOLIPMC02474	degSp	3382173	RDBECOLITMC00135	sigma70			b3235	3382200	3383267	3383281-3383316	Ecocyc:TU0-42561 
RDBECOLITUC02051	bglG	RDBECOLIOPC02966	bglGFB	RDBECOLIGNC00112	bglG	RDBECOLIPMC02483	bglGp2	3906717	RDBECOLITMC00266		RDBECOLITFC00189,RDBECOLITFC00095	CRP,RcsB-BglJ	b3723	3906567	3905731	3905636-3905687	Ecocyc:TU0-42564 
RDBECOLITUC02052	yejG	RDBECOLIOPC02783	yejG	RDBECOLIGNC01954	yejG	RDBECOLIPMC02485	yejGp2	2278397					b2181	2278237	2277893		Ecocyc:TU0-42565 
RDBECOLITUC02053	mepS	RDBECOLIOPC02650	mepS	RDBECOLIGNC03982	mepS	RDBECOLIPMC02486	mepSp2	2269811					b2175	2269979	2270545		Ecocyc:TU0-42566 
RDBECOLITUC02055	aroL-yaiA-aroM	RDBECOLIOPC02544	aroL-yaiA-aroM	RDBECOLIGNC00079,RDBECOLIGNC01080,RDBECOLIGNC00078	aroM;yaiA;aroL	RDBECOLIPMC02488	aroLp2	406355					b0390;b0389;b0388	406405	408105		Ecocyc:TU0-42568 
RDBECOLITUC02056	serC	RDBECOLIOPC03150	serC-aroA	RDBECOLIGNC00934	serC	RDBECOLIPMC02489	serCp2	957579					b0907	957653	958741		Ecocyc:TU0-42569 
RDBECOLITUC02057	araE-ygeA	RDBECOLIOPC03217	araE-ygeA	RDBECOLIGNC01139,RDBECOLIGNC00052	ygeA;araE	RDBECOLIPMC03397	araEp	2982208		sigma70	RDBECOLITFC00022,RDBECOLITFC00022,RDBECOLITFC00189	AraC,AraC,CRP	b2840;b2841	2982182	2979943		Ecocyc:TU0-42571 
RDBECOLITUC02058	ralA	RDBECOLIOPC00263	ralA	RDBECOLIGNC02723	ralA	RDBECOLIPMC02490	ralAp	1413556	RDBECOLITMC00139				b4714	1413556	1413734	1413702-1413724	Ecocyc:TU0-42572 
RDBECOLITUC02059	lapAB	RDBECOLIOPC02036	yciSM-pyrF-yciH	RDBECOLIGNC02351,RDBECOLIGNC03499	lapB;lapA	RDBECOLIPMC02491	lapAp2	1340186		sigma70			b1280;b1279	1340243	1341727		Ecocyc:TU0-42573 
RDBECOLITUC02060	micL	RDBECOLIOPC03339	micL	RDBECOLIGNC02724	micL	RDBECOLIPMC02493	micLp1	1958747		sigma24			b4717	1958747	1958441		Ecocyc:TU0-42576 
RDBECOLITUC02061	grcA	RDBECOLIOPC02586	grcA	RDBECOLIGNC01715	grcA	RDBECOLIPMC02495	grcAp2	2716506					b2579	2716449	2716066		Ecocyc:TU0-42577 
RDBECOLITUC02062	galE	RDBECOLIOPC02889	galETKM	RDBECOLIGNC00355	galE	RDBECOLIPMC03344	galEp1	792081	RDBECOLITMC00142,RDBECOLITMC00141	sigma70	RDBECOLITFC00189,RDBECOLITFC00033,RDBECOLITFC00020,RDBECOLITFC00020,RDBECOLITFC00020,RDBECOLITFC00020,RDBECOLITFC00019,RDBECOLITFC00088,RDBECOLITFC00088,RDBECOLITFC00033	CRP,GalS,H-NS,H-NS,H-NS,H-NS,HU,GalR,GalR,GalS	b0759	792055	791039	790312-790425;790921-790940	Ecocyc:TU0-42578 
RDBECOLITUC02063	galE	RDBECOLIOPC02889	galETKM	RDBECOLIGNC00355	galE	RDBECOLIPMC03345	galEp2	792086		sigma70	RDBECOLITFC00033,RDBECOLITFC00088,RDBECOLITFC00033,RDBECOLITFC00088,RDBECOLITFC00033,RDBECOLITFC00019,RDBECOLITFC00189,RDBECOLITFC00088	GalS,GalR,GalS,GalR,GalS,HU,CRP,GalR	b0759	792055	791039		Ecocyc:TU0-42580 
RDBECOLITUC02064	galET	RDBECOLIOPC02889	galETKM	RDBECOLIGNC00359,RDBECOLIGNC00355	galT;galE	RDBECOLIPMC03344	galEp1	792081	RDBECOLITMC00143,RDBECOLITMC00144	sigma70	RDBECOLITFC00189,RDBECOLITFC00033,RDBECOLITFC00020,RDBECOLITFC00020,RDBECOLITFC00020,RDBECOLITFC00020,RDBECOLITFC00019,RDBECOLITFC00088,RDBECOLITFC00088,RDBECOLITFC00033	CRP,GalS,H-NS,H-NS,H-NS,H-NS,HU,GalR,GalR,GalS	b0758;b0759	792055	789983	789840-789918;789952-789977	Ecocyc:TU0-42581 
RDBECOLITUC02065	galET	RDBECOLIOPC02889	galETKM	RDBECOLIGNC00359,RDBECOLIGNC00355	galT;galE	RDBECOLIPMC03345	galEp2	792086		sigma70	RDBECOLITFC00033,RDBECOLITFC00088,RDBECOLITFC00033,RDBECOLITFC00088,RDBECOLITFC00033,RDBECOLITFC00019,RDBECOLITFC00189,RDBECOLITFC00088	GalS,GalR,GalS,GalR,GalS,HU,CRP,GalR	b0758;b0759	792055	789983		Ecocyc:TU0-42582 
RDBECOLITUC02066	galETK	RDBECOLIOPC02889	galETKM	RDBECOLIGNC00356,RDBECOLIGNC00359,RDBECOLIGNC00355	galK;galT;galE	RDBECOLIPMC03344	galEp1	792081	RDBECOLITMC00145	sigma70	RDBECOLITFC00189,RDBECOLITFC00033,RDBECOLITFC00020,RDBECOLITFC00020,RDBECOLITFC00020,RDBECOLITFC00020,RDBECOLITFC00019,RDBECOLITFC00088,RDBECOLITFC00088,RDBECOLITFC00033	CRP,GalS,H-NS,H-NS,H-NS,H-NS,HU,GalR,GalR,GalS	b0757;b0758;b0759	792055	788831	788615-788741	Ecocyc:TU0-42583 
RDBECOLITUC02067	galETK	RDBECOLIOPC02889	galETKM	RDBECOLIGNC00356,RDBECOLIGNC00359,RDBECOLIGNC00355	galK;galT;galE	RDBECOLIPMC03345	galEp2	792086		sigma70	RDBECOLITFC00033,RDBECOLITFC00088,RDBECOLITFC00033,RDBECOLITFC00088,RDBECOLITFC00033,RDBECOLITFC00019,RDBECOLITFC00189,RDBECOLITFC00088	GalS,GalR,GalS,GalR,GalS,HU,CRP,GalR	b0757;b0758;b0759	792055	788831		Ecocyc:TU0-42584 
RDBECOLITUC02068	galK	RDBECOLIOPC02889	galETKM	RDBECOLIGNC00356	galK	RDBECOLIPMC02496	galKp	790463					b0757	789979	788831		Ecocyc:TU0-42588 
RDBECOLITUC02069	relA	RDBECOLIOPC03285	relA-mazEF	RDBECOLIGNC00825	relA	RDBECOLIPMC02497	relAp3	2913700		sigma54			b2784	2913651	2911417		Ecocyc:TU0-42589 
RDBECOLITUC02070	relA	RDBECOLIOPC03285	relA-mazEF	RDBECOLIGNC00825	relA	RDBECOLIPMC02498	relAp4	2914318		sigma54	RDBECOLITFC00153	NtrC	b2784	2913651	2911417		Ecocyc:TU0-42590 
RDBECOLITUC02072	ariR	RDBECOLIOPC03596	ycgZ-ymgA-ariR-ymgC	RDBECOLIGNC03470	ariR						RDBECOLITFC00152	CysB	b1166	1216369	1216635		Ecocyc:TU0-42593 
RDBECOLITUC02073	gltI-sroC-gltJKL	RDBECOLIOPC01441	gltI-sroC-gltJKL	RDBECOLIGNC02346,RDBECOLIGNC02345,RDBECOLIGNC02344,RDBECOLIGNC02921,RDBECOLIGNC03235	gltL;gltK;gltJ;sroC;gltI	RDBECOLIPMC00586	gltIp2			sigma54			b0652;b0653;b0654;b4763;b0655	687747	684530		Ecocyc:TU0-42594 
RDBECOLITUC02074	metG	RDBECOLIOPC03052	metG	RDBECOLIGNC00578	metG	RDBECOLIPMC02507	metGp2	2193758	RDBECOLITMC00150	sigma70			b2114	2194300	2196333	2196343-2196366	Ecocyc:TU0-42595 
RDBECOLITUC02075	yibN-grxC-secB-gpsA	RDBECOLIOPC03581	yibN-grxC-secB-gpsA	RDBECOLIGNC02170,RDBECOLIGNC02171,RDBECOLIGNC02437,RDBECOLIGNC00925	grxC;yibN;gpsA;secB	RDBECOLIPMC02509	yibNp	3785195		sigma70			b3610;b3611;b3608;b3609	3785015	3782642		Ecocyc:TU0-42596 
RDBECOLITUC02076	ascB	RDBECOLIOPC02601	ascFB	RDBECOLIGNC00081	ascB	RDBECOLIPMC02511	ascBp	2840942					b2716	2840990	2842414		Ecocyc:TU0-42599 
RDBECOLITUC02077	panD	RDBECOLIOPC02796	panD	RDBECOLIGNC01683	panD	RDBECOLIPMC02518	panDp2	146754		sigma70			b0131	146694	146314		Ecocyc:TU0-42600 
RDBECOLITUC02078	accA	RDBECOLIOPC02974	accA	RDBECOLIGNC01589	accA	RDBECOLIPMC02519	accAp2	208326			RDBECOLITFC00126	FadR	b0185	208621	209580		Ecocyc:TU0-42602 
RDBECOLITUC02079	accBC	RDBECOLIOPC02047	accBC	RDBECOLIGNC00270,RDBECOLIGNC00269	accC;accB	RDBECOLIPMC02520	accBp2	3405172	RDBECOLITMC00001		RDBECOLITFC00126	FadR	b3256;b3255	3405436	3407266	3407286-3407302	Ecocyc:TU0-42603 
RDBECOLITUC02080	fabI	RDBECOLIOPC02133	fabI	RDBECOLIGNC01481	fabI	RDBECOLIPMC02521	fabIp	1351121			RDBECOLITFC00126	FadR	b1288	1351039	1350251		Ecocyc:TU0-42604 
RDBECOLITUC02081	yajG-ampG	RDBECOLIOPC01567	yajG-ampG	RDBECOLIGNC02071,RDBECOLIGNC02070	ampG;yajG	RDBECOLIPMC02522	yajGp	454210		sigma70			b0433;b0434	454167	452070		Ecocyc:TU0-42605 
RDBECOLITUC02082	yqaE-kbp	RDBECOLIOPC01948	yqaE-kbp	RDBECOLIGNC04212,RDBECOLIGNC04213	kbp;yqaE	RDBECOLIPMC00262	yqaEp	2797085			RDBECOLITFC00170	CpxR	b2665;b2666	2797028	2796337		Ecocyc:TU0-42608 
RDBECOLITUC02083	exuR	RDBECOLIOPC01759	exuR	RDBECOLIGNC02372	exuR	RDBECOLIPMC02527	exuRp2	3246618		sigma70	RDBECOLITFC00001,RDBECOLITFC00001,RDBECOLITFC00142,RDBECOLITFC00189	ExuR,ExuR,UxuR,CRP	b3094	3246652	3247428		Ecocyc:TU0-42612 
RDBECOLITUC02084	lgt	RDBECOLIOPC03323	lgt-thyA	RDBECOLIGNC02025	lgt	RDBECOLIPMC02529	lgtp	2966121	RDBECOLITMC00154	sigma70			b2828	2966037	2965162	2965066-2965095	Ecocyc:TU0-42614 
RDBECOLITUC02085	thyA	RDBECOLIOPC03323	lgt-thyA	RDBECOLIGNC00990	thyA	RDBECOLIPMC02530	thyAp	2965254	RDBECOLITMC00155	sigma70			b2827	2965155	2964361	2964320-2964339	Ecocyc:TU0-42616 
RDBECOLITUC02086	sdsN	RDBECOLIOPC02948	sdsN	RDBECOLIGNC02708	sdsN	RDBECOLIPMC02531	sdsNp2	1996880	RDBECOLITMC00238	sigma38			b4719	1996921	1997057	1997022-1997050	Ecocyc:TU0-42620 
RDBECOLITUC02087	sdiA	RDBECOLIOPC03301	sdiA	RDBECOLIGNC00923	sdiA	RDBECOLIPMC02532	sdiAp2b	1996893					b1916	1996832	1996110		Ecocyc:TU0-42622 
RDBECOLITUC02088	sdiA	RDBECOLIOPC03301	sdiA	RDBECOLIGNC00923	sdiA	RDBECOLIPMC01444	sdiAp1b	1996910		sigma70			b1916	1996832	1996110		Ecocyc:TU0-42626 
RDBECOLITUC02089	rplU-rpmA-yhbE-obgE	RDBECOLIOPC02912	rplU-rpmA-yhbE-obgE	RDBECOLIGNC04453,RDBECOLIGNC01454,RDBECOLIGNC02556,RDBECOLIGNC02555	obgE;yhbE;rpmA;rplU	RDBECOLIPMC00504	rplUp	3333516		sigma70	RDBECOLITFC00029,RDBECOLITFC00039	MlrA,DksA	b3183;b3184;b3185;b3186	3333451	3330582		Ecocyc:TU0-42628 
RDBECOLITUC02090	sdsN	RDBECOLIOPC02948	sdsN	RDBECOLIGNC02708	sdsN	RDBECOLIPMC02533	sdsNp1	1996921	RDBECOLITMC00238	sigma38			b4719	1996921	1997057	1997022-1997050	Ecocyc:TU0-42630 
RDBECOLITUC02091	rpoE-rseABC	RDBECOLIOPC03603	rseD-rpoE-rseABC	RDBECOLIGNC02764,RDBECOLIGNC04172,RDBECOLIGNC04173,RDBECOLIGNC02211,RDBECOLIGNC01824	rseD;rseC;rseB;rseA;rpoE	RDBECOLIPMC02534	rpoEp1b	2710393		sigma70	RDBECOLITFC00211	IHF	b4725;b2570;b2571;b2572;b2573	2710164	2707322		Ecocyc:TU0-42636 
RDBECOLITUC02092	rseD-rpoE-rseABC	RDBECOLIOPC03603	rseD-rpoE-rseABC	RDBECOLIGNC02764,RDBECOLIGNC04172,RDBECOLIGNC04173,RDBECOLIGNC02211,RDBECOLIGNC01824	rseD;rseC;rseB;rseA;rpoE	RDBECOLIPMC02535	rseDp2	2710339		sigma70	RDBECOLITFC00189,RDBECOLITFC00153,RDBECOLITFC00042,RDBECOLITFC00162,RDBECOLITFC00162,RDBECOLITFC00162	CRP,NtrC,RcsB,GlrR,GlrR,GlrR	b4725;b2570;b2571;b2572;b2573	2710164	2707322		Ecocyc:TU0-42638 
RDBECOLITUC02093	rseD-rpoE-rseABC	RDBECOLIOPC03603	rseD-rpoE-rseABC	RDBECOLIGNC02764,RDBECOLIGNC04172,RDBECOLIGNC04173,RDBECOLIGNC02211,RDBECOLIGNC01824	rseD;rseC;rseB;rseA;rpoE	RDBECOLIPMC02536	rseDp3	2710230		sigma38			b4725;b2570;b2571;b2572;b2573	2710164	2707322		Ecocyc:TU0-42640 
RDBECOLITUC02094	rpoE-rseABC	RDBECOLIOPC03603	rseD-rpoE-rseABC	RDBECOLIGNC04172,RDBECOLIGNC04173,RDBECOLIGNC02211,RDBECOLIGNC01824	rseC;rseB;rseA;rpoE	RDBECOLIPMC02537	rpoEp5	2710165		sigma70			b2570;b2571;b2572;b2573	2710012	2707322		Ecocyc:TU0-42642 
RDBECOLITUC02095	hcp-hcr-poxB	RDBECOLIOPC02383	poxB-ltaE-ybjT	RDBECOLIGNC00744,RDBECOLIGNC03325,RDBECOLIGNC03326	poxB;hcr;hcp	RDBECOLIPMC02832	hcpp1	913845			RDBECOLITFC00216,RDBECOLITFC00085,RDBECOLITFC00009,RDBECOLITFC00085,RDBECOLITFC00009,RDBECOLITFC00128,RDBECOLITFC00038	OxyR,NarP,NarL,NarP,NarL,FNR,NsrR	b0871;b0872;b0873	913814	909331		Ecocyc:TU0-42650 
RDBECOLITUC02096	leuV	RDBECOLIOPC02890	leuQPV	RDBECOLIGNC02488	leuV								b4368	4606165	4606079		Ecocyc:TU0-42652 
RDBECOLITUC02097	leuO	RDBECOLIOPC03100	leuO	RDBECOLIGNC00523	leuO	RDBECOLIPMC02541	leuOp3	84298			RDBECOLITFC00190	LrhA	b0076	84368	85312		Ecocyc:TU0-42656 
RDBECOLITUC02098	serW	RDBECOLIOPC03572	infA-serW	RDBECOLIGNC02533	serW	RDBECOLIPMC02542	serWp1	926043	RDBECOLITMC00161	sigma70			b0883	925971	925884	925843-925871	Ecocyc:TU0-42660 
RDBECOLITUC02099	infA-serW	RDBECOLIOPC03572	infA-serW	RDBECOLIGNC02533,RDBECOLIGNC00496	serW;infA								b0883;b0884	926443	925884		Ecocyc:TU0-42662 
RDBECOLITUC02100	ymdAB-clsC	RDBECOLIOPC03372	ymdAB-clsC	RDBECOLIGNC03416,RDBECOLIGNC03415,RDBECOLIGNC03414	clsC;ymdB;ymdA	RDBECOLIPMC02544	ymdAp	1105201			RDBECOLITFC00052	FlhDC	b1046;b1045;b1044	1105414	1107776		Ecocyc:TU0-42664 
RDBECOLITUC02101	ymdB	RDBECOLIOPC03372	ymdAB-clsC	RDBECOLIGNC03415	ymdB	RDBECOLIPMC02545	ymdBp	1105803					b1045	1105820	1106353		Ecocyc:TU0-42666 
RDBECOLITUC02102	ymdAB	RDBECOLIOPC03372	ymdAB-clsC	RDBECOLIGNC03415,RDBECOLIGNC03414	ymdB;ymdA	RDBECOLIPMC02544	ymdAp	1105201					b1045;b1044	1105414	1106353		Ecocyc:TU0-42668 
RDBECOLITUC02103	mlaFEDCB	RDBECOLIOPC03196	mlaFEDCB	RDBECOLIGNC04455,RDBECOLIGNC04456,RDBECOLIGNC02381,RDBECOLIGNC02382,RDBECOLIGNC02383	mlaB;mlaC;mlaD;mlaE;mlaF	RDBECOLIPMC02547	mlaFp1	3340132					b3191;b3192;b3193;b3194;b3195	3340065	3336963		Ecocyc:TU0-42672 
RDBECOLITUC02104	mlaFEDCB	RDBECOLIOPC03196	mlaFEDCB	RDBECOLIGNC04455,RDBECOLIGNC04456,RDBECOLIGNC02381,RDBECOLIGNC02382,RDBECOLIGNC02383	mlaB;mlaC;mlaD;mlaE;mlaF	RDBECOLIPMC02548	mlaFp3	3340102					b3191;b3192;b3193;b3194;b3195	3340065	3336963		Ecocyc:TU0-42674 
RDBECOLITUC02105	yihW	RDBECOLIOPC02606	yihV-csqR	RDBECOLIGNC01777	csqR	RDBECOLIPMC02550	csqRp	4074641		sigma70	RDBECOLITFC00189,RDBECOLITFC00189,RDBECOLITFC00138	CRP,CRP,CsqR	b3884	4074669	4075454		Ecocyc:TU0-42682 
RDBECOLITUC02106	argH	RDBECOLIOPC02945	argCBH	RDBECOLIGNC01200	argH								b3960	4156850	4158223		Ecocyc:TU0-42684 
RDBECOLITUC02107	yihUTS	RDBECOLIOPC02899	yihUTS	RDBECOLIGNC01773,RDBECOLIGNC01774,RDBECOLIGNC01775	yihS;yihT;yihU	RDBECOLIPMC02552	yihUp2	4073596		sigma70			b3880;b3881;b3882	4073571	4070515		Ecocyc:TU0-42686 
RDBECOLITUC02108	yihUTS	RDBECOLIOPC02899	yihUTS	RDBECOLIGNC01773,RDBECOLIGNC01774,RDBECOLIGNC01775	yihS;yihT;yihU	RDBECOLIPMC02553	yihUp3	4073606		sigma70			b3880;b3881;b3882	4073571	4070515		Ecocyc:TU0-42688 
RDBECOLITUC02109	yihUTS	RDBECOLIOPC02899	yihUTS	RDBECOLIGNC01773,RDBECOLIGNC01774,RDBECOLIGNC01775	yihS;yihT;yihU	RDBECOLIPMC02557	yihUp4	4073634		sigma70			b3880;b3881;b3882	4073571	4070515		Ecocyc:TU0-42689 
RDBECOLITUC02110	yihUTS	RDBECOLIOPC02899	yihUTS	RDBECOLIGNC01773,RDBECOLIGNC01774,RDBECOLIGNC01775	yihS;yihT;yihU	RDBECOLIPMC02558	yihUp5	4073663		sigma70	RDBECOLITFC00138	CsqR	b3880;b3881;b3882	4073571	4070515		Ecocyc:TU0-42690 
RDBECOLITUC02111	aroD	RDBECOLIOPC00533	ydiNB-aroD	RDBECOLIGNC00072	aroD	RDBECOLIPMC02560	aroDp	1774571		sigma70			b1693	1774686	1775444		Ecocyc:TU0-42694 
RDBECOLITUC02112	csgA	RDBECOLIOPC02941	csgBAC	RDBECOLIGNC01444	csgA	RDBECOLIPMC02562	csgAp	1104236		sigma70	RDBECOLITFC00116	BolA	b1042	1104447	1104902		Ecocyc:TU0-42695 
RDBECOLITUC02113	dmsC	RDBECOLIOPC03411	dmsABC	RDBECOLIGNC00228	dmsC	RDBECOLIPMC02563	dmsCp	943957		sigma70			b0896	944033	944896		Ecocyc:TU0-42696 
RDBECOLITUC02114	fucO	RDBECOLIOPC03051	fucAO	RDBECOLIGNC00345	fucO	RDBECOLIPMC02564	fucOp	2933223		sigma70			b2799	2933013	2931865		Ecocyc:TU0-42697 
RDBECOLITUC02115	fucU	RDBECOLIOPC02701	fucPIKUR	RDBECOLIGNC00348	fucU	RDBECOLIPMC02565	fucUp	2938837		sigma70			b2804	2938888	2939310		Ecocyc:TU0-42698 
RDBECOLITUC02116	garR	RDBECOLIOPC03288	garPLRK-rnpB	RDBECOLIGNC01157	garR	RDBECOLIPMC02566	garRp	3272820					b3125	3272751	3271867		Ecocyc:TU0-42699 
RDBECOLITUC02117	glpQ	RDBECOLIOPC02894	glpTQ	RDBECOLIGNC00392	glpQ	RDBECOLIPMC02567	glpQp	2351124		sigma54			b2239	2351011	2349935		Ecocyc:TU0-42700 
RDBECOLITUC02118	imp	RDBECOLIOPC03579	surA-pdxA-rsmA-apaGH	RDBECOLIGNC01520	lptD	RDBECOLIPMC01535	impp1	57156		sigma70			b0054	57109	54755		Ecocyc:TU0-4284 
RDBECOLITUC02119	imp	RDBECOLIOPC03579	surA-pdxA-rsmA-apaGH	RDBECOLIGNC01520	lptD	RDBECOLIPMC01546	impp2	57241		sigma70			b0054	57109	54755		Ecocyc:TU0-4285 
RDBECOLITUC02120	imp-surA-pdxA	RDBECOLIOPC03579	surA-pdxA-rsmA-apaGH	RDBECOLIGNC00683,RDBECOLIGNC00973,RDBECOLIGNC01520	pdxA;surA;lptD	RDBECOLIPMC01567	impp3	57336		sigma24			b0052;b0053;b0054	57109	52427		Ecocyc:TU0-4287 
RDBECOLITUC02121	iclR	RDBECOLIOPC01074	iclR	RDBECOLIGNC00484	iclR	RDBECOLIPMC01578	iclRp	4223652			RDBECOLITFC00126,RDBECOLITFC00191	FadR,IclR	b4018	4223628	4222804		Ecocyc:TU0-4288 
RDBECOLITUC02122	secMA-mutT	RDBECOLIOPC00208	secMA-mutT	RDBECOLIGNC00618,RDBECOLIGNC00924,RDBECOLIGNC01074	mutT;secA;secM								b0099;b0098;b0097	107705	111433		Ecocyc:TU0-4343 
RDBECOLITUC02123	yaiS	RDBECOLIOPC01770	yaiS	RDBECOLIGNC03104	yaiS						RDBECOLITFC00135	Nac	b0364	384616	384059		Ecocyc:TU0-4401 
RDBECOLITUC02124	kch	RDBECOLIOPC00803	kch	RDBECOLIGNC01553	kch								b1250	1310269	1309016		Ecocyc:TU0-4403 
RDBECOLITUC02125	puuP	RDBECOLIOPC03123	puuAP	RDBECOLIGNC02797,RDBECOLIGNC03505	ymjE;puuP	RDBECOLIPMC02604	puuPp	1359373		sigma54			b4742;b1296	1359341	1357802		Ecocyc:TU0-4404 
RDBECOLITUC02126	glrK	RDBECOLIOPC01419	glrK	RDBECOLIGNC04170	glrK	RDBECOLIPMC02613	glrKp	2691123		sigma70			b2556	2691098	2689671		Ecocyc:TU0-4405 
RDBECOLITUC02127	btuD	RDBECOLIOPC01035	btuCED	RDBECOLIGNC00124	btuD	RDBECOLIPMC02568	btuDp	1793583		sigma70			b1709	1793558	1792809		Ecocyc:TU0-44193 
RDBECOLITUC02128	malY	RDBECOLIOPC03143	malXY	RDBECOLIGNC00556	malY	RDBECOLIPMC02569	malYp	1700840		sigma70			b1622	1700957	1702129		Ecocyc:TU0-44194 
RDBECOLITUC02129	psiF	RDBECOLIOPC03073	phoA-psiF	RDBECOLIGNC01366	psiF	RDBECOLIPMC02570	psiFp	403231		sigma70			b0384	403281	403601		Ecocyc:TU0-44195 
RDBECOLITUC02130	allB	RDBECOLIOPC01712	gcl-hyi-glxR-ybbVW-allB-ybbY-glxK	RDBECOLIGNC03160	allB	RDBECOLIPMC02571	allBp1	539041		sigma70			b0512	539147	540508		Ecocyc:TU0-44196 
RDBECOLITUC02131	allB	RDBECOLIOPC01712	gcl-hyi-glxR-ybbVW-allB-ybbY-glxK	RDBECOLIGNC03160	allB	RDBECOLIPMC02572	allBp2	538986		sigma70			b0512	539147	540508		Ecocyc:TU0-44197 
RDBECOLITUC02132	allB	RDBECOLIOPC01712	gcl-hyi-glxR-ybbVW-allB-ybbY-glxK	RDBECOLIGNC03160	allB	RDBECOLIPMC02573	allBp3	538944		sigma70			b0512	539147	540508		Ecocyc:TU0-44198 
RDBECOLITUC02133	frlR	RDBECOLIOPC02641	frlABCDR	RDBECOLIGNC04517	frlR	RDBECOLIPMC02574	frlRp1	3504043		sigma70			b3375	3504052	3504783		Ecocyc:TU0-44199 
RDBECOLITUC02134	frlR	RDBECOLIOPC02641	frlABCDR	RDBECOLIGNC04517	frlR	RDBECOLIPMC02575	frlRp2	3504033		sigma70			b3375	3504052	3504783		Ecocyc:TU0-44200 
RDBECOLITUC02135	gnsA	RDBECOLIOPC02130	ymcE-gnsA	RDBECOLIGNC02944	gnsA	RDBECOLIPMC02576	gnsAp1	1052004		sigma54			b4517	1052067	1052240		Ecocyc:TU0-44201 
RDBECOLITUC02136	gnsA	RDBECOLIOPC02130	ymcE-gnsA	RDBECOLIGNC02944	gnsA	RDBECOLIPMC02577	gnsAp2	1051999		sigma70			b4517	1052067	1052240		Ecocyc:TU0-44202 
RDBECOLITUC02137	mngB	RDBECOLIOPC01066	mngAB	RDBECOLIGNC02428	mngB	RDBECOLIPMC02578	mngBp1	767825		sigma70			b0732	767978	770611		Ecocyc:TU0-44203 
RDBECOLITUC02138	mngB	RDBECOLIOPC01066	mngAB	RDBECOLIGNC02428	mngB	RDBECOLIPMC02579	mngBp2	767795					b0732	767978	770611		Ecocyc:TU0-44204 
RDBECOLITUC02139	paaJ	RDBECOLIOPC02563	paaABCDEFGHIJK	RDBECOLIGNC03578	paaJ	RDBECOLIPMC02580	paaJp1	1460801					b1397	1460893	1462098		Ecocyc:TU0-44205 
RDBECOLITUC02140	paaJ	RDBECOLIOPC02563	paaABCDEFGHIJK	RDBECOLIGNC03578	paaJ	RDBECOLIPMC02581	paaJp2	1460771					b1397	1460893	1462098		Ecocyc:TU0-44206 
RDBECOLITUC02141	paaJ	RDBECOLIOPC02563	paaABCDEFGHIJK	RDBECOLIGNC03578	paaJ	RDBECOLIPMC02583	paaJp3	1460644					b1397	1460893	1462098		Ecocyc:TU0-44207 
RDBECOLITUC02142	nanY	RDBECOLIOPC01406	nanXY	RDBECOLIGNC04640	nanY	RDBECOLIPMC02584	nanYp1	4505266		sigma70			b4280	4505287	4506405		Ecocyc:TU0-44208 
RDBECOLITUC02143	nanY	RDBECOLIOPC01406	nanXY	RDBECOLIGNC04640	nanY	RDBECOLIPMC02585	nanYp2	4505260		sigma70			b4280	4505287	4506405		Ecocyc:TU0-44209 
RDBECOLITUC02144	xapB	RDBECOLIOPC03595	xapAB	RDBECOLIGNC02423	xapB	RDBECOLIPMC02586	xapBp1	2524251	RDBECOLITMC00234	sigma70			b2406	2523985	2522729	2522698-2522720	Ecocyc:TU0-44210 
RDBECOLITUC02145	xapB	RDBECOLIOPC03595	xapAB	RDBECOLIGNC02423	xapB	RDBECOLIPMC02587	xapBp2	2524303	RDBECOLITMC00367	sigma70			b2406	2523985	2522729	2522698-2522720	Ecocyc:TU0-44211 
RDBECOLITUC02146	xapB	RDBECOLIOPC03595	xapAB	RDBECOLIGNC02423	xapB	RDBECOLIPMC02588	xapBp3	2524375	RDBECOLITMC00367	sigma54			b2406	2523985	2522729	2522698-2522720	Ecocyc:TU0-44212 
RDBECOLITUC02147	btuE	RDBECOLIOPC01035	btuCED	RDBECOLIGNC00125	btuE	RDBECOLIPMC02589	btuEp1	1794124		sigma70			b1710	1794109	1793558		Ecocyc:TU0-44213 
RDBECOLITUC02148	btuE	RDBECOLIOPC01035	btuCED	RDBECOLIGNC00125	btuE	RDBECOLIPMC02590	btuEp2	1794129		sigma70			b1710	1794109	1793558		Ecocyc:TU0-44214 
RDBECOLITUC02149	speD	RDBECOLIOPC03409	yacC-speED	RDBECOLIGNC00950	speD	RDBECOLIPMC02591	speDp	135717	RDBECOLITMC00025	sigma70			b0120	135582	134788	134756-134783	Ecocyc:TU0-44215 
RDBECOLITUC02150	speE	RDBECOLIOPC03409	yacC-speED	RDBECOLIGNC00951	speE	RDBECOLIPMC02592	speEp	136504		sigma70			b0121	136464	135598		Ecocyc:TU0-44217 
RDBECOLITUC02151	aroM	RDBECOLIOPC02544	aroL-yaiA-aroM	RDBECOLIGNC00079	aroM	RDBECOLIPMC02594	aroMp	407400		sigma70			b0390	407428	408105		Ecocyc:TU0-44218 
RDBECOLITUC02152	lpxT	RDBECOLIOPC02095	yeiR-lpxT	RDBECOLIGNC03981	lpxT	RDBECOLIPMC02595	lpxTp	2268826		sigma70			b2174	2268854	2269567		Ecocyc:TU0-44219 
RDBECOLITUC02153	nagE	RDBECOLIOPC02480	nagE	RDBECOLIGNC00627	nagE	RDBECOLIPMC02452	nagEp	703840	RDBECOLITMC00294	sigma70	RDBECOLITFC00189,RDBECOLITFC00189,RDBECOLITFC00027,RDBECOLITFC00027,RDBECOLITFC00189,RDBECOLITFC00189	CRP,CRP,NagC,NagC,CRP,CRP	b0679	703944	705890	705939-705965	Ecocyc:TU0-4421 
RDBECOLITUC02154	nei	RDBECOLIOPC02931	ybgIJKL-nei	RDBECOLIGNC03252	nei	RDBECOLIPMC02596	neip	745904		sigma70			b0714	745935	746726		Ecocyc:TU0-44220 
RDBECOLITUC02155	uhpB	RDBECOLIOPC03544	ivbL-ilvBN-uhpABC	RDBECOLIGNC01040	uhpB	RDBECOLIPMC02597	uhpBp	3850294					b3668	3850136	3848634		Ecocyc:TU0-44221 
RDBECOLITUC02156	yabR	RDBECOLIOPC01058	yabR	RDBECOLIGNC02781	yabR								b4726	85511	85467		Ecocyc:TU0-44222 
RDBECOLITUC02157	sokX	RDBECOLIOPC00183	sokX	RDBECOLIGNC02704	sokX								b4701	2887353	2887411		Ecocyc:TU0-44223 
RDBECOLITUC02158	trxA	RDBECOLIOPC02131	trxA	RDBECOLIGNC01019	trxA	RDBECOLIPMC02598	trxAp3	3965650	RDBECOLITMC00235	sigma70			b3781	3965761	3966090	3966105-3966136	Ecocyc:TU0-44224 
RDBECOLITUC02159	infB	RDBECOLIOPC03608	metY-yhbC-nusA-infB-rbfA-truB-rpsO-pnp	RDBECOLIGNC00497	infB	RDBECOLIPMC02599	infBp	3316027	RDBECOLITMC00217	sigma70			b3168	3316014	3313342	3313185-3313239	Ecocyc:TU0-44225 
RDBECOLITUC02160	nusA-infB	RDBECOLIOPC03608	metY-yhbC-nusA-infB-rbfA-truB-rpsO-pnp	RDBECOLIGNC00497,RDBECOLIGNC00657	infB;nusA	RDBECOLIPMC02600	nusAp	3317602	RDBECOLITMC00217	sigma70			b3168;b3169	3317526	3313342	3313185-3313239	Ecocyc:TU0-44226 
RDBECOLITUC02161	norVW	RDBECOLIOPC01387	norVW	RDBECOLIGNC02297,RDBECOLIGNC04227	norW;norV	RDBECOLIPMC02745	norVp	2832439		sigma54	RDBECOLITFC00211,RDBECOLITFC00111,RDBECOLITFC00111,RDBECOLITFC00111,RDBECOLITFC00085,RDBECOLITFC00009,RDBECOLITFC00211,RDBECOLITFC00085,RDBECOLITFC00009,RDBECOLITFC00128	IHF,NorR,NorR,NorR,NarP,NarL,IHF,NarP,NarL,FNR	b2711;b2710	2832476	2835045		Ecocyc:TU0-4441 
RDBECOLITUC02162	seqA-pgm	RDBECOLIOPC00495	seqA-pgm	RDBECOLIGNC02040,RDBECOLIGNC02081	pgm;seqA	RDBECOLIPMC02746	seqAp	712942	RDBECOLITMC00285		RDBECOLITFC00019	HU	b0688;b0687	712987	715198	715211-715242	Ecocyc:TU0-4444 
RDBECOLITUC02163	garD	RDBECOLIOPC02034	garD	RDBECOLIGNC02310	garD	RDBECOLIPMC02747	garDp				RDBECOLITFC00133	CdaR	b3128	3275282	3276853		Ecocyc:TU0-4461 
RDBECOLITUC02164	gudPXD	RDBECOLIOPC01019	gudPXD	RDBECOLIGNC04257,RDBECOLIGNC04258,RDBECOLIGNC04259	gudD;gudX;gudP	RDBECOLIPMC02748	gudPp				RDBECOLITFC00133	CdaR	b2787;b2788;b2789	2922100	2918045		Ecocyc:TU0-4462 
RDBECOLITUC02165	mngAB	RDBECOLIOPC01066	mngAB	RDBECOLIGNC02428,RDBECOLIGNC02427	mngB;mngA	RDBECOLIPMC02749	mngAp	765811		sigma32	RDBECOLITFC00060,RDBECOLITFC00060	MngR,MngR	b0732;b0731	765984	770611		Ecocyc:TU0-4482 
RDBECOLITUC02166	rpiB	RDBECOLIOPC01674	rpiB	RDBECOLIGNC01756	rpiB	RDBECOLIPMC02750	rpiBp	4313257	RDBECOLITMC00252	sigma70	RDBECOLITFC00186	AlsR	b4090	4313350	4313799	4313801-4313827	Ecocyc:TU0-4483 
RDBECOLITUC02167	cdaR	RDBECOLIOPC00723	cdaR	RDBECOLIGNC02205	cdaR	RDBECOLIPMC02751	cdaRp	182447			RDBECOLITFC00133	CdaR	b0162	182463	183620		Ecocyc:TU0-4501 
RDBECOLITUC02168	alsRBACE	RDBECOLIOPC02522	alsRBACE	RDBECOLIGNC01881,RDBECOLIGNC01882,RDBECOLIGNC01883,RDBECOLIGNC02300,RDBECOLIGNC04565	alsE;alsC;alsA;alsB;alsR	RDBECOLIPMC02752	alsRp2	4313137		sigma70	RDBECOLITFC00186	AlsR	b4085;b4086;b4087;b4088;b4089	4312991	4307783		Ecocyc:TU0-4502 
RDBECOLITUC02169	alsRBACE	RDBECOLIOPC02522	alsRBACE	RDBECOLIGNC01881,RDBECOLIGNC01882,RDBECOLIGNC01883,RDBECOLIGNC02300,RDBECOLIGNC04565	alsE;alsC;alsA;alsB;alsR	RDBECOLIPMC02753	alsRp1	4313132		sigma70	RDBECOLITFC00186	AlsR	b4085;b4086;b4087;b4088;b4089	4312991	4307783		Ecocyc:TU0-4504 
RDBECOLITUC02170	pdeL	RDBECOLIOPC03128	pdeL	RDBECOLIGNC01213	pdeL	RDBECOLIPMC02601	pdeLp3	332043		sigma70			b0315	332371	333459		Ecocyc:TU0-45142 
RDBECOLITUC02171	appY	RDBECOLIOPC03133	appY	RDBECOLIGNC00046	appY	RDBECOLIPMC02602	appYp3	583580		sigma70			b0564	583681	584430		Ecocyc:TU0-45143 
RDBECOLITUC02172	sdsR-pphA	RDBECOLIOPC02602	sdsR-pphA	RDBECOLIGNC03861,RDBECOLIGNC02885	pphA;sdsR	RDBECOLIPMC03105	sdsRp	1923207		sigma38			b1838;b4433	1923207	1922313		Ecocyc:TU0-45144 
RDBECOLITUC02173	hicAB	RDBECOLIOPC02632	hicAB	RDBECOLIGNC03604,RDBECOLIGNC02589	hicB;hicA	RDBECOLIPMC02603	hicAp2	1509275		sigma70	RDBECOLITFC00140	HicB	b1438;b4532	1509286	1509924		Ecocyc:TU0-45145 
RDBECOLITUC02174	gltF	RDBECOLIOPC03023	gltBDF	RDBECOLIGNC01468	gltF						RDBECOLITFC00212	LeuO	b3214	3361176	3361940		Ecocyc:TU0-45146 
RDBECOLITUC02175	oppBCDF	RDBECOLIOPC03429	oppABCDF	RDBECOLIGNC00670,RDBECOLIGNC00669,RDBECOLIGNC00668,RDBECOLIGNC00667	oppF;oppD;oppC;oppB	RDBECOLIPMC02605	oppBp	1302806					b1247;b1246;b1245;b1244	1302899	1306768		Ecocyc:TU0-45147 
RDBECOLITUC02176	mqsA	RDBECOLIOPC03047	mqsRA	RDBECOLIGNC04376	mqsA	RDBECOLIPMC01873	mqsAp1	3168286		sigma70			b3021	3168246	3167851		Ecocyc:TU0-45150 
RDBECOLITUC02177	mqsA	RDBECOLIOPC03047	mqsRA	RDBECOLIGNC04376	mqsA	RDBECOLIPMC02606	mqsAp2	3168397		sigma70			b3021	3168246	3167851		Ecocyc:TU0-45153 
RDBECOLITUC02178	rpmE	RDBECOLIOPC00478	rpmE	RDBECOLIGNC00879	rpmE	RDBECOLIPMC02608	rpmEp1	4126854	RDBECOLITMC00237				b3936	4127013	4127225	4127241-4127262	Ecocyc:TU0-45156 
RDBECOLITUC02179	ibsC	RDBECOLIOPC02017	ibsC	RDBECOLIGNC02678	ibsC	RDBECOLIPMC02609	ibsCp	3057009		sigma70			b4665	3056949	3056890		Ecocyc:TU0-45157 
RDBECOLITUC02180	ibsD	RDBECOLIOPC01004	ibsD	RDBECOLIGNC02677	ibsD	RDBECOLIPMC02610	ibsDp	3194701		sigma70			b4664	3194766	3194825		Ecocyc:TU0-45158 
RDBECOLITUC02181	yrbN-deaD	RDBECOLIOPC01795	yrbN-deaD	RDBECOLIGNC00209,RDBECOLIGNC02692	deaD;yrbN	RDBECOLIPMC02615	yrbNp2	3308698		sigma70			b3162;b4685	3307933	3305971		Ecocyc:TU0-45160 
RDBECOLITUC02182	pykF	RDBECOLIOPC03586	pykF	RDBECOLIGNC00794	pykF	RDBECOLIPMC02616	pykFp4	1755600		sigma38			b1676	1755698	1757110		Ecocyc:TU0-45163 
RDBECOLITUC02183	micF	RDBECOLIOPC02822	micF	RDBECOLIGNC02500	micF	RDBECOLIPMC02617	micFp2	2313084		sigma38	RDBECOLITFC00065,RDBECOLITFC00014,RDBECOLITFC00014,RDBECOLITFC00014,RDBECOLITFC00014,RDBECOLITFC00020,RDBECOLITFC00211,RDBECOLITFC00074,RDBECOLITFC00201,RDBECOLITFC00201,RDBECOLITFC00019,RDBECOLITFC00051,RDBECOLITFC00040,RDBECOLITFC00040,RDBECOLITFC00040	AcrR,Lrp,Lrp,Lrp,Lrp,H-NS,IHF,MarA,SoxS,SoxS,HU,Rob,OmpR,OmpR,OmpR	b4439	2313084	2313176		Ecocyc:TU0-45164 
RDBECOLITUC02184	rrsA-ileT-alaT-rrlA-rrfA	RDBECOLIOPC02761	rrsA-ileT-alaT-rrlA-rrfA	RDBECOLIGNC02507,RDBECOLIGNC02514,RDBECOLIGNC02446,RDBECOLIGNC02480,RDBECOLIGNC02521	rrfA;rrlA;alaT;ileT;rrsA	RDBECOLIPMC02618	rrsAp	4035239		sigma32	RDBECOLITFC00014,RDBECOLITFC00039,RDBECOLITFC00039,RDBECOLITFC00014,RDBECOLITFC00053,RDBECOLITFC00053,RDBECOLITFC00053,RDBECOLITFC00053	Lrp,DksA,DksA,Lrp,Fis,Fis,Fis,Fis	b3855;b3854;b3853;b3852;b3851	4035531	4040636		Ecocyc:TU0-45165 
RDBECOLITUC02185	ycgZ-ymgA-ariR-ymgC	RDBECOLIOPC03596	ycgZ-ymgA-ariR-ymgC	RDBECOLIGNC03471,RDBECOLIGNC03470,RDBECOLIGNC03469,RDBECOLIGNC03468	ymgC;ariR;ymgA;ycgZ	RDBECOLIPMC02619	ycgZp2	1215752		sigma38	RDBECOLITFC00074,RDBECOLITFC00157	MarA,BluR	b1167;b1166;b1165;b1164	1215789	1216996		Ecocyc:TU0-45166 
RDBECOLITUC02186	murR	RDBECOLIOPC02675	murR	RDBECOLIGNC04091	murR	RDBECOLIPMC02620	murRp2	2545793		sigma38	RDBECOLITFC00159,RDBECOLITFC00159	MurR,MurR	b2427	2545609	2544752		Ecocyc:TU0-45167 
RDBECOLITUC02187	mnmG-rsmG	RDBECOLIOPC03263	asnC-mioC-mnmG	RDBECOLIGNC00368,RDBECOLIGNC00369	mnmG;rsmG	RDBECOLIPMC02621	mnmGp2	3925674		sigma38			b3741;b3740	3925633	3923057		Ecocyc:TU0-45168 
RDBECOLITUC02188	acnA	RDBECOLIOPC02636	acnA	RDBECOLIGNC02796,RDBECOLIGNC01295	ymiC;acnA	RDBECOLIPMC02622	ymiCp	1335424		sigma38			b4741;b1276	1335572	1338506		Ecocyc:TU0-45169 
RDBECOLITUC02189	glk	RDBECOLIOPC01942	glk	RDBECOLIGNC02421	glk	RDBECOLIPMC02623	glkp2	2509461	RDBECOLITMC00288	sigma38	RDBECOLITFC00057,RDBECOLITFC00057	Cra,Cra	b2388	2509426	2508461	2508424-2508447	Ecocyc:TU0-45170 
RDBECOLITUC02190	hyaABCDEF	RDBECOLIOPC02045	hyaABCDEF	RDBECOLIGNC00461,RDBECOLIGNC00462,RDBECOLIGNC00463,RDBECOLIGNC00464,RDBECOLIGNC00465,RDBECOLIGNC00466	hyaA;hyaB;hyaC;hyaD;hyaE;hyaF	RDBECOLIPMC02624	hyaAp2	1031984	RDBECOLITMC00334	sigma38	RDBECOLITFC00141,RDBECOLITFC00098,RDBECOLITFC00055,RDBECOLITFC00053,RDBECOLITFC00009,RDBECOLITFC00009,RDBECOLITFC00085,RDBECOLITFC00085,RDBECOLITFC00055,RDBECOLITFC00098,RDBECOLITFC00096	YdeO,ArcA,IscR,Fis,NarL,NarL,NarP,NarP,IscR,ArcA,AppY	b0972;b0973;b0974;b0975;b0976;b0977	1032139	1037606	1037608-1037634	Ecocyc:TU0-45171 
RDBECOLITUC02191	ssrS	RDBECOLIOPC03592	ssrS-ygfA	RDBECOLIGNC02536	ssrS	RDBECOLIPMC02625	ssrSp	3055759	RDBECOLITMC00116	sigma38	RDBECOLITFC00053,RDBECOLITFC00066,RDBECOLITFC00014,RDBECOLITFC00020	Fis,StpA,Lrp,H-NS	b2911	3055983	3056165	3056235-3056283	Ecocyc:TU0-45172 
RDBECOLITUC02192	ssrS-ygfA	RDBECOLIOPC03592	ssrS-ygfA	RDBECOLIGNC01140,RDBECOLIGNC02536	fau;ssrS	RDBECOLIPMC02625	ssrSp	3055759		sigma38	RDBECOLITFC00053,RDBECOLITFC00066,RDBECOLITFC00014,RDBECOLITFC00020	Fis,StpA,Lrp,H-NS	b2912;b2911	3055983	3056789		Ecocyc:TU0-45173 
RDBECOLITUC02193	mdoGH	RDBECOLIOPC01360	mdoGH	RDBECOLIGNC01813,RDBECOLIGNC01812	opgH;opgG	RDBECOLIPMC02626	opgGp	1109257	RDBECOLITMC00250	sigma24			b1049;b1048	1109335	1113406	1113532-1113560	Ecocyc:TU0-45174 
RDBECOLITUC02194	pykA	RDBECOLIOPC01323	pykA	RDBECOLIGNC00793	pykA	RDBECOLIPMC02627	pykAp	1937544		sigma38			b1854	1937649	1939091		Ecocyc:TU0-45175 
RDBECOLITUC02195	galETK	RDBECOLIOPC02889	galETKM	RDBECOLIGNC00356,RDBECOLIGNC00359,RDBECOLIGNC00355	galK;galT;galE	RDBECOLIPMC02628	galEp	792081	RDBECOLITMC00145	sigma38	RDBECOLITFC00033,RDBECOLITFC00088,RDBECOLITFC00088,RDBECOLITFC00019,RDBECOLITFC00020,RDBECOLITFC00020,RDBECOLITFC00020,RDBECOLITFC00020,RDBECOLITFC00033,RDBECOLITFC00189	GalS,GalR,GalR,HU,H-NS,H-NS,H-NS,H-NS,GalS,CRP	b0757;b0758;b0759	792055	788831	788615-788741	Ecocyc:TU0-45176 
RDBECOLITUC02196	galET	RDBECOLIOPC02889	galETKM	RDBECOLIGNC00359,RDBECOLIGNC00355	galT;galE	RDBECOLIPMC02628	galEp	792081	RDBECOLITMC00143,RDBECOLITMC00144	sigma38	RDBECOLITFC00033,RDBECOLITFC00088,RDBECOLITFC00088,RDBECOLITFC00019,RDBECOLITFC00020,RDBECOLITFC00020,RDBECOLITFC00020,RDBECOLITFC00020,RDBECOLITFC00033,RDBECOLITFC00189	GalS,GalR,GalR,HU,H-NS,H-NS,H-NS,H-NS,GalS,CRP	b0758;b0759	792055	789983	789840-789918;789952-789977	Ecocyc:TU0-45177 
RDBECOLITUC02197	galE	RDBECOLIOPC02889	galETKM	RDBECOLIGNC00355	galE	RDBECOLIPMC02628	galEp	792081	RDBECOLITMC00142,RDBECOLITMC00141	sigma38	RDBECOLITFC00033,RDBECOLITFC00088,RDBECOLITFC00088,RDBECOLITFC00019,RDBECOLITFC00020,RDBECOLITFC00020,RDBECOLITFC00020,RDBECOLITFC00020,RDBECOLITFC00033,RDBECOLITFC00189	GalS,GalR,GalR,HU,H-NS,H-NS,H-NS,H-NS,GalS,CRP	b0759	792055	791039	790312-790425;790921-790940	Ecocyc:TU0-45178 
RDBECOLITUC02198	galETKM	RDBECOLIOPC02889	galETKM	RDBECOLIGNC01639,RDBECOLIGNC00356,RDBECOLIGNC00359,RDBECOLIGNC00355	galM;galK;galT;galE	RDBECOLIPMC02628	galEp	792081	RDBECOLITMC00239,RDBECOLITMC00240,RDBECOLITMC00146	sigma38	RDBECOLITFC00033,RDBECOLITFC00088,RDBECOLITFC00088,RDBECOLITFC00019,RDBECOLITFC00020,RDBECOLITFC00020,RDBECOLITFC00020,RDBECOLITFC00020,RDBECOLITFC00033,RDBECOLITFC00189	GalS,GalR,GalR,HU,H-NS,H-NS,H-NS,H-NS,GalS,CRP	b0756;b0757;b0758;b0759	792055	787797	787767-787790;787689-787766;787763-787768	Ecocyc:TU0-45179 
RDBECOLITUC02199	groSL	RDBECOLIOPC01974	groSL	RDBECOLIGNC00591,RDBECOLIGNC00592	groL;groS	RDBECOLIPMC02629	groSp2	4370616		sigma32			b4143;b4142	4370688	4372671		Ecocyc:TU0-45180 
RDBECOLITUC02200	adhE	RDBECOLIOPC02643	adhE	RDBECOLIGNC00028	adhE	RDBECOLIPMC02630	adhEp	1298413		sigma38	RDBECOLITFC00014,RDBECOLITFC00014,RDBECOLITFC00014,RDBECOLITFC00057,RDBECOLITFC00009,RDBECOLITFC00009,RDBECOLITFC00053,RDBECOLITFC00053,RDBECOLITFC00053	Lrp,Lrp,Lrp,Cra,NarL,NarL,Fis,Fis,Fis	b1241	1298121	1295446		Ecocyc:TU0-45181 
RDBECOLITUC02201	gltBDF	RDBECOLIOPC03023	gltBDF	RDBECOLIGNC00396,RDBECOLIGNC00397,RDBECOLIGNC01468	gltB;gltD;gltF	RDBECOLIPMC02631	gltBp2	3354509		sigma38	RDBECOLITFC00093,RDBECOLITFC00176,RDBECOLITFC00091,RDBECOLITFC00014,RDBECOLITFC00135,RDBECOLITFC00128,RDBECOLITFC00189,RDBECOLITFC00109,RDBECOLITFC00109,RDBECOLITFC00014,RDBECOLITFC00014,RDBECOLITFC00014,RDBECOLITFC00077,RDBECOLITFC00211,RDBECOLITFC00211	Fur,AdiY,HdfR,Lrp,Nac,FNR,CRP,ArgR,ArgR,Lrp,Lrp,Lrp,GadE,IHF,IHF	b3212;b3213;b3214	3354725	3361940		Ecocyc:TU0-45182 
RDBECOLITUC02202	araFGH	RDBECOLIOPC02671	araFGH	RDBECOLIGNC00055,RDBECOLIGNC00054,RDBECOLIGNC00053	araH;araG;araF	RDBECOLIPMC02632	araFp3	1986238		sigma38	RDBECOLITFC00022,RDBECOLITFC00189,RDBECOLITFC00022,RDBECOLITFC00022,RDBECOLITFC00022	AraC,CRP,AraC,AraC,AraC	b4460;b1900;b1901	1986128	1982554		Ecocyc:TU0-45183 
RDBECOLITUC02203	cyaR	RDBECOLIOPC02050	cyaR	RDBECOLIGNC02880	cyaR	RDBECOLIPMC02633	cyaRp2	2167114	RDBECOLITMC00077	sigma24	RDBECOLITFC00170,RDBECOLITFC00189	CpxR,CRP	b4438	2167114	2167200	2167162-2167200	Ecocyc:TU0-45184 
RDBECOLITUC02204	cyaR	RDBECOLIOPC02050	cyaR	RDBECOLIGNC02880	cyaR	RDBECOLIPMC02634	cyaRp3	2167114	RDBECOLITMC00077	sigma38	RDBECOLITFC00170,RDBECOLITFC00189	CpxR,CRP	b4438	2167114	2167200	2167162-2167200	Ecocyc:TU0-45185 
RDBECOLITUC02205	pqiABC	RDBECOLIOPC03315	pqiABC	RDBECOLIGNC03361,RDBECOLIGNC03360,RDBECOLIGNC03359	pqiC;pqiB;pqiA	RDBECOLIPMC02636	pqiAp	1011659		sigma38			b0952;b0951;b0950	1012001	1015459		Ecocyc:TU0-45186 
RDBECOLITUC02206	dnaN-recF	RDBECOLIOPC03584	dnaAN-recF	RDBECOLIGNC00818,RDBECOLIGNC00236	recF;dnaN	RDBECOLIPMC02637	dnaNp	3882733		sigma38			b3700;b3701	3882321	3880148		Ecocyc:TU0-45187 
RDBECOLITUC02207	metK	RDBECOLIOPC01140	metK	RDBECOLIGNC00581	metK	RDBECOLIPMC02638	metKp2	3086577		sigma38	RDBECOLITFC00218,RDBECOLITFC00218,RDBECOLITFC00189	MetJ,MetJ,CRP	b2942	3086706	3087860		Ecocyc:TU0-45188 
RDBECOLITUC02208	eno	RDBECOLIOPC03252	pyrG-eno	RDBECOLIGNC00252	eno	RDBECOLIPMC02639	enop5	2908152		sigma38			b2779	2907941	2906643		Ecocyc:TU0-45189 
RDBECOLITUC02209	sgrST-setA	RDBECOLIOPC02626	sgrST-setA	RDBECOLIGNC02674,RDBECOLIGNC01690,RDBECOLIGNC02945	sgrT;setA;sgrS	RDBECOLIPMC02641	sgrSp2	77367		sigma38	RDBECOLITFC00039,RDBECOLITFC00057,RDBECOLITFC00107	DksA,Cra,SgrR	b4662;b0070;b4577	77367	78799		Ecocyc:TU0-45190 
RDBECOLITUC02210	aidB	RDBECOLIOPC02683	aidB	RDBECOLIGNC01742	aidB	RDBECOLIPMC02642	aidBp2	4414247		sigma38	RDBECOLITFC00062,RDBECOLITFC00014,RDBECOLITFC00049	AidB,Lrp,Ada	b4187	4414275	4415900		Ecocyc:TU0-45191 
RDBECOLITUC02211	sixA	RDBECOLIOPC02521	sixA	RDBECOLIGNC04041	sixA	RDBECOLIPMC02643	sixAp2	2456999		sigma24			b2340	2456812	2456327		Ecocyc:TU0-45192 
RDBECOLITUC02212	mlc-ynfK	RDBECOLIOPC02994	mlc-ynfK	RDBECOLIGNC03704,RDBECOLIGNC03705	bidA;mlc	RDBECOLIPMC02645	mlcp	1668591		sigma32	RDBECOLITFC00219,RDBECOLITFC00189	Mlc,CRP	b1593;b1594	1668564	1666524		Ecocyc:TU0-45193 
RDBECOLITUC02213	arrS	RDBECOLIOPC01277	arrS	RDBECOLIGNC02703	arrS	RDBECOLIPMC02646	arrSp2	3658054		sigma38			b4704	3658054	3657985		Ecocyc:TU0-45194 
RDBECOLITUC02214	cbpA-cbpM	RDBECOLIOPC03597	cbpA-cbpM	RDBECOLIGNC02078,RDBECOLIGNC02077	cbpM;cbpA	RDBECOLIPMC02647	cbpAp	1064037		sigma38	RDBECOLITFC00053	Fis	b0999;b1000	1063775	1062550		Ecocyc:TU0-45195 
RDBECOLITUC02215	dnaN-recF	RDBECOLIOPC03584	dnaAN-recF	RDBECOLIGNC00818,RDBECOLIGNC00236	recF;dnaN	RDBECOLIPMC02648	dnaNp5	3882348		sigma38			b3700;b3701	3882321	3880148		Ecocyc:TU0-45196 
RDBECOLITUC02216	csiE	RDBECOLIOPC02668	csiE	RDBECOLIGNC04156	csiE	RDBECOLIPMC02649	csiEp2	2665401		sigma38	RDBECOLITFC00189,RDBECOLITFC00020	CRP,H-NS	b2535	2665435	2666715		Ecocyc:TU0-45197 
RDBECOLITUC02217	rrsG-gltW-rrlG-rrfG	RDBECOLIOPC03532	rrsG-gltW-rrlG-rrfG	RDBECOLIGNC02512,RDBECOLIGNC02519,RDBECOLIGNC02472,RDBECOLIGNC02526	rrfG;rrlG;gltW;rrsG	RDBECOLIPMC02650	rrsGp	2731448		sigma32	RDBECOLITFC00039,RDBECOLITFC00039,RDBECOLITFC00020,RDBECOLITFC00014,RDBECOLITFC00053,RDBECOLITFC00053,RDBECOLITFC00053	DksA,DksA,H-NS,Lrp,Fis,Fis,Fis	b2588;b2589;b2590;b2591	2731157	2726069		Ecocyc:TU0-45198 
RDBECOLITUC02218	xerD-dsbC-recJ	RDBECOLIOPC03353	xerD-dsbC-recJ	RDBECOLIGNC00820,RDBECOLIGNC01058,RDBECOLIGNC01059	recJ;dsbC;xerD	RDBECOLIPMC02651	xerDp2	3039851		sigma32			b2892;b2893;b2894	3039743	3036373		Ecocyc:TU0-45199 
RDBECOLITUC02219	dps	RDBECOLIOPC03013	dps	RDBECOLIGNC01380	dps	RDBECOLIPMC02652	dpsp2	848950		sigma38	RDBECOLITFC00216,RDBECOLITFC00143,RDBECOLITFC00216,RDBECOLITFC00020,RDBECOLITFC00053,RDBECOLITFC00053,RDBECOLITFC00216,RDBECOLITFC00211	OxyR,MntR,OxyR,H-NS,Fis,Fis,OxyR,IHF	b0812	848911	848408		Ecocyc:TU0-45200 
RDBECOLITUC02220	csgDEFG	RDBECOLIOPC02780	csgDEFG	RDBECOLIGNC03408,RDBECOLIGNC03409,RDBECOLIGNC03410,RDBECOLIGNC03411	csgG;csgF;csgE;csgD	RDBECOLIPMC02653	csgDp	1103335		sigma38	RDBECOLITFC00013,RDBECOLITFC00167	FliZ,RstA	b1037;b1038;b1039;b1040	1103196	1100851		Ecocyc:TU0-45201 
RDBECOLITUC02221	rhaSR	RDBECOLIOPC01548	rhaSR	RDBECOLIGNC00833,RDBECOLIGNC00832	rhaS;rhaR	RDBECOLIPMC02654	rhaSp2	4097711		sigma38	RDBECOLITFC00160,RDBECOLITFC00160,RDBECOLITFC00160,RDBECOLITFC00104,RDBECOLITFC00104,RDBECOLITFC00189,RDBECOLITFC00189	RhaS,RhaS,RhaS,RhaR,RhaR,CRP,CRP	b3905;b3906	4097736	4099494		Ecocyc:TU0-45202 
RDBECOLITUC02222	tpiA	RDBECOLIOPC01676	tpiA	RDBECOLIGNC01003	tpiA	RDBECOLIPMC02655	tpiAp	4111569		sigma38	RDBECOLITFC00057	Cra	b3919	4111507	4110740		Ecocyc:TU0-45203 
RDBECOLITUC02223	pstCAB-phoU	RDBECOLIOPC03587	pstSCAB-phoU	RDBECOLIGNC00725,RDBECOLIGNC00773,RDBECOLIGNC00772,RDBECOLIGNC00774	phoU;pstB;pstA;pstC	RDBECOLIPMC02656	pstCp2	3910542		sigma38			b3724;b3725;b3726;b3727	3910398	3906853		Ecocyc:TU0-45204 
RDBECOLITUC02224	poxB	RDBECOLIOPC02383	poxB-ltaE-ybjT	RDBECOLIGNC00744	poxB	RDBECOLIPMC02657	poxBp2	911076		sigma38	RDBECOLITFC00057,RDBECOLITFC00074,RDBECOLITFC00201	Cra,MarA,SoxS	b0871	911049	909331		Ecocyc:TU0-45205 
RDBECOLITUC02225	gyrB	RDBECOLIOPC01333	gyrB	RDBECOLIGNC00417	gyrB	RDBECOLIPMC02658	gyrBp2	3880150	RDBECOLITMC00224	sigma38	RDBECOLITFC00053,RDBECOLITFC00053	Fis,Fis	b3699	3880119	3877705	3877532-3877586	Ecocyc:TU0-45206 
RDBECOLITUC02226	proVWX	RDBECOLIOPC03604	proVWX	RDBECOLIGNC00763,RDBECOLIGNC00762,RDBECOLIGNC00761	proX;proW;proV	RDBECOLIPMC02659	proVp	2804563		sigma38	RDBECOLITFC00020	H-NS	b2679;b2678;b2677	2804815	2808124		Ecocyc:TU0-45207 
RDBECOLITUC02227	gor	RDBECOLIOPC02044	gor	RDBECOLIGNC00405	gor	RDBECOLIPMC02660	gorp2	3646112		sigma38	RDBECOLITFC00216	OxyR	b3500	3646299	3647651		Ecocyc:TU0-45208 
RDBECOLITUC02228	rrsC-gltU-rrlC-rrfC	RDBECOLIOPC02558	rrsC-gltU-rrlC-rrfC	RDBECOLIGNC02509,RDBECOLIGNC02516,RDBECOLIGNC02470,RDBECOLIGNC02523	rrfC;rrlC;gltU;rrsC	RDBECOLIPMC02661	rrsCp	3941516	RDBECOLITMC00088	sigma32	RDBECOLITFC00039,RDBECOLITFC00039,RDBECOLITFC00020,RDBECOLITFC00014,RDBECOLITFC00053,RDBECOLITFC00053,RDBECOLITFC00053	DksA,DksA,H-NS,Lrp,Fis,Fis,Fis	b3759;b3758;b3757;b3756	3941808	3946819	3947032-3947067	Ecocyc:TU0-45209 
RDBECOLITUC02229	glnS	RDBECOLIOPC02753	glnS	RDBECOLIGNC00383	glnS	RDBECOLIPMC02662	glnSp	705999	RDBECOLITMC00296	sigma32			b0680	706093	707757	707954-707978	Ecocyc:TU0-45210 
RDBECOLITUC02230	murQP	RDBECOLIOPC03139	murQP-yfeW	RDBECOLIGNC04093,RDBECOLIGNC04092	murP;murQ	RDBECOLIPMC02663	murQp	2545733		sigma38	RDBECOLITFC00159,RDBECOLITFC00189,RDBECOLITFC00159	MurR,CRP,MurR	b2429;b2428	2545773	2548097		Ecocyc:TU0-45211 
RDBECOLITUC02231	clpB	RDBECOLIOPC02447	clpB	RDBECOLIGNC00153	clpB	RDBECOLIPMC02664	clpBp2	2734205	RDBECOLITMC00202	sigma32			b2592	2734173	2731600	2731557-2731611	Ecocyc:TU0-45212 
RDBECOLITUC02232	mpl	RDBECOLIOPC02624	mpl	RDBECOLIGNC02289	mpl	RDBECOLIPMC02665	mplp	4455728		sigma38	RDBECOLITFC00057,RDBECOLITFC00189	Cra,CRP	b4233	4455785	4457158		Ecocyc:TU0-45213 
RDBECOLITUC02233	pstSCA	RDBECOLIOPC03587	pstSCAB-phoU	RDBECOLIGNC00772,RDBECOLIGNC00774,RDBECOLIGNC00724	pstA;pstC;pstS	RDBECOLIPMC02666	pstSp2	3911568	RDBECOLITMC00071	sigma38	RDBECOLITFC00202,RDBECOLITFC00202,RDBECOLITFC00211,RDBECOLITFC00128	PhoB,PhoB,IHF,FNR	b3726;b3727;b3728	3911525	3908549	3908495-3908517	Ecocyc:TU0-45214 
RDBECOLITUC02234	pstS	RDBECOLIOPC03587	pstSCAB-phoU	RDBECOLIGNC00724	pstS	RDBECOLIPMC02666	pstSp2	3911568	RDBECOLITMC00070	sigma38	RDBECOLITFC00202,RDBECOLITFC00202,RDBECOLITFC00211,RDBECOLITFC00128	PhoB,PhoB,IHF,FNR	b3728	3911525	3910485	3910443-3910473	Ecocyc:TU0-45215 
RDBECOLITUC02235	pstSCAB-phoU	RDBECOLIOPC03587	pstSCAB-phoU	RDBECOLIGNC00725,RDBECOLIGNC00773,RDBECOLIGNC00772,RDBECOLIGNC00774,RDBECOLIGNC00724	phoU;pstB;pstA;pstC;pstS	RDBECOLIPMC02666	pstSp2	3911568		sigma38	RDBECOLITFC00202,RDBECOLITFC00202,RDBECOLITFC00211,RDBECOLITFC00128	PhoB,PhoB,IHF,FNR	b3724;b3725;b3726;b3727;b3728	3911525	3906853		Ecocyc:TU0-45216 
RDBECOLITUC02236	dinB-yafNOP	RDBECOLIOPC03107	dinB-yafNOP	RDBECOLIGNC03014,RDBECOLIGNC03013,RDBECOLIGNC03012,RDBECOLIGNC03011	yafP;yafO;yafN;dinB	RDBECOLIPMC02667	dinBp2	250880		sigma38	RDBECOLITFC00214	LexA	b0234;b0233;b0232;b0231	250898	253161		Ecocyc:TU0-45217 
RDBECOLITUC02237	rpoH	RDBECOLIOPC02770	rpoH	RDBECOLIGNC00887	rpoH	RDBECOLIPMC02668	rpoHp2	3601003	RDBECOLITMC00344	sigma38	RDBECOLITFC00170	CpxR	b3461	3600783	3599929	3599887-3599907	Ecocyc:TU0-45218 
RDBECOLITUC02238	iraD	RDBECOLIOPC03208	iraD	RDBECOLIGNC02759,RDBECOLIGNC04661	idlP;iraD	RDBECOLIPMC02669	idlPp	4556856		sigma70	RDBECOLITFC00039,RDBECOLITFC00128,RDBECOLITFC00017	DksA,FNR,DnaA	b4722;b4326	4556913	4557385		Ecocyc:TU0-45219 
RDBECOLITUC02239	gntR	RDBECOLIOPC02837	gntRKU	RDBECOLIGNC02337	gntR	RDBECOLIPMC02754	gntRp2	3578818	RDBECOLITMC00253	sigma70			b3438	3578726	3577731	3577622-3577652	Ecocyc:TU0-4521 
RDBECOLITUC02240	pykA	RDBECOLIOPC01323	pykA	RDBECOLIGNC00793	pykA	RDBECOLIPMC02670	pykAp3	1937494		sigma38			b1854	1937649	1939091		Ecocyc:TU0-45220 
RDBECOLITUC02241	csrA	RDBECOLIOPC03601	csrA	RDBECOLIGNC01409	csrA	RDBECOLIPMC02671	csrAp	2819373		sigma38			b2696	2819146	2818961		Ecocyc:TU0-45221 
RDBECOLITUC02242	pdhR-aceEF-lpdA	RDBECOLIOPC03350	pdhR-aceEF-lpdA	RDBECOLIGNC01075,RDBECOLIGNC00021,RDBECOLIGNC00022,RDBECOLIGNC00535	pdhR;aceE;aceF;lpd	RDBECOLIPMC02672	pdhRp2	122034	RDBECOLITMC00246	sigma38	RDBECOLITFC00169,RDBECOLITFC00169,RDBECOLITFC00057,RDBECOLITFC00128,RDBECOLITFC00158,RDBECOLITFC00128,RDBECOLITFC00189,RDBECOLITFC00189,RDBECOLITFC00189,RDBECOLITFC00189,RDBECOLITFC00189,RDBECOLITFC00189	BtsR,BtsR,Cra,FNR,PdhR,FNR,CRP,CRP,CRP,CRP,CRP,CRP	b0113;b0114;b0115;b0116	122092	129336	129366-129394	Ecocyc:TU0-45222 
RDBECOLITUC02243	topA	RDBECOLIOPC02584	topA	RDBECOLIGNC01001	topA	RDBECOLIPMC02673	topAp	1330789		sigma38			b1274	1331048	1333645		Ecocyc:TU0-45223 
RDBECOLITUC02244	csgBAC	RDBECOLIOPC02941	csgBAC	RDBECOLIGNC03413,RDBECOLIGNC03412,RDBECOLIGNC01444	csgC;csgB;csgA	RDBECOLIPMC02674	csgBp2	1103859		sigma38	RDBECOLITFC00169,RDBECOLITFC00013,RDBECOLITFC00170,RDBECOLITFC00170,RDBECOLITFC00018,RDBECOLITFC00018,RDBECOLITFC00018,RDBECOLITFC00170,RDBECOLITFC00018	BtsR,FliZ,CpxR,CpxR,CsgD,CsgD,CsgD,CpxR,CsgD	b1043;b1041;b1042	1103951	1105293		Ecocyc:TU0-45224 
RDBECOLITUC02245	frdABCD	RDBECOLIOPC03344	frdABCD	RDBECOLIGNC00327,RDBECOLIGNC00326,RDBECOLIGNC00325,RDBECOLIGNC00324	frdD;frdC;frdB;frdA	RDBECOLIPMC02675	frdAp2	4382412	RDBECOLITMC00353	sigma38	RDBECOLITFC00009,RDBECOLITFC00009,RDBECOLITFC00009,RDBECOLITFC00009,RDBECOLITFC00009,RDBECOLITFC00128,RDBECOLITFC00025	NarL,NarL,NarL,NarL,NarL,FNR,DcuR	b4151;b4152;b4153;b4154	4382318	4379007	4378966-4378987	Ecocyc:TU0-45225 
RDBECOLITUC02246	xapAB	RDBECOLIOPC03595	xapAB	RDBECOLIGNC02423,RDBECOLIGNC04701	xapB;xapA	RDBECOLIPMC02676	xapAp2	2524910	RDBECOLITMC00367	sigma38	RDBECOLITFC00069,RDBECOLITFC00069	XapR,XapR	b2406;b2407	2524878	2522729	2522698-2522720	Ecocyc:TU0-45226 
RDBECOLITUC02247	rrsD-ileU-alaU-rrlD-rrfD-thrV-rrfF	RDBECOLIOPC02429	rrsD-ileU-alaU-rrlD-rrfD-thrV-rrfF	RDBECOLIGNC02528,RDBECOLIGNC02540,RDBECOLIGNC02510,RDBECOLIGNC02517,RDBECOLIGNC02447,RDBECOLIGNC02481,RDBECOLIGNC02524	rrfF;thrV;rrfD;rrlD;alaU;ileU;rrsD	RDBECOLIPMC02677	rrsDp	3429047	RDBECOLITMC00204	sigma32	RDBECOLITFC00039,RDBECOLITFC00039,RDBECOLITFC00020,RDBECOLITFC00014,RDBECOLITFC00053,RDBECOLITFC00053,RDBECOLITFC00053,RDBECOLITFC00053,RDBECOLITFC00053	DksA,DksA,H-NS,Lrp,Fis,Fis,Fis,Fis,Fis	b3272;b3273;b3274;b3275;b3276;b3277;b3278	3428762	3423423	3423371-3423425	Ecocyc:TU0-45227 
RDBECOLITUC02248	yceJI	RDBECOLIOPC02354	yceJI	RDBECOLIGNC03419,RDBECOLIGNC01749	yceJ;yceI	RDBECOLIPMC02678	yceJp2	1119071		sigma32			b1057;b1056	1119046	1117901		Ecocyc:TU0-45228 
RDBECOLITUC02249	ompF	RDBECOLIOPC01232	ompF	RDBECOLIGNC00663	ompF	RDBECOLIPMC02680	ompFp2	987092	RDBECOLITMC00220	sigma38	RDBECOLITFC00202,RDBECOLITFC00167,RDBECOLITFC00040,RDBECOLITFC00040,RDBECOLITFC00211,RDBECOLITFC00211,RDBECOLITFC00040,RDBECOLITFC00170,RDBECOLITFC00170,RDBECOLITFC00170,RDBECOLITFC00170,RDBECOLITFC00040,RDBECOLITFC00040,RDBECOLITFC00040,RDBECOLITFC00211,RDBECOLITFC00223,RDBECOLITFC00189,RDBECOLITFC00189,RDBECOLITFC00189,RDBECOLITFC00093	PhoB,RstA,OmpR,OmpR,IHF,IHF,OmpR,CpxR,CpxR,CpxR,CpxR,OmpR,OmpR,OmpR,IHF,EnvY,CRP,CRP,CRP,Fur	b0929	986982	985894	985831-985885	Ecocyc:TU0-45229 
RDBECOLITUC02250	gntR	RDBECOLIOPC02837	gntRKU	RDBECOLIGNC02337	gntR	RDBECOLIPMC02755	gntRp3	3578862	RDBECOLITMC00253				b3438	3578726	3577731	3577622-3577652	Ecocyc:TU0-4522 
RDBECOLITUC02251	osmB	RDBECOLIOPC02368	osmB	RDBECOLIGNC00671	osmB	RDBECOLIPMC02681	osmBp	1343369		sigma38			b1283	1343328	1343110		Ecocyc:TU0-45230 
RDBECOLITUC02252	gadBC	RDBECOLIOPC03512	gadBC	RDBECOLIGNC03640,RDBECOLIGNC01445	gadC;gadB	RDBECOLIPMC02682	gadBp2	1572072	RDBECOLITMC00307	sigma38	RDBECOLITFC00187,RDBECOLITFC00187,RDBECOLITFC00013,RDBECOLITFC00023,RDBECOLITFC00023,RDBECOLITFC00023,RDBECOLITFC00023,RDBECOLITFC00023,RDBECOLITFC00023,RDBECOLITFC00023,RDBECOLITFC00023,RDBECOLITFC00187,RDBECOLITFC00187,RDBECOLITFC00187,RDBECOLITFC00187,RDBECOLITFC00176,RDBECOLITFC00042,RDBECOLITFC00053,RDBECOLITFC00053,RDBECOLITFC00053,RDBECOLITFC00053,RDBECOLITFC00189,RDBECOLITFC00187,RDBECOLITFC00187,RDBECOLITFC00077	GadX,GadX,FliZ,GadW,GadW,GadW,GadW,GadW,GadW,GadW,GadW,GadX,GadX,GadX,GadX,AdiY,RcsB,Fis,Fis,Fis,Fis,CRP,GadX,GadX,GadE	b1492;b1493	1572045	1568954	1568904-1568930	Ecocyc:TU0-45231 
RDBECOLITUC02253	ptsHI-crr	RDBECOLIOPC03268	ptsHI-crr	RDBECOLIGNC00778,RDBECOLIGNC00779,RDBECOLIGNC00161	ptsH;ptsI;crr	RDBECOLIPMC02683	ptsHp	2533501	RDBECOLITMC00265	sigma32	RDBECOLITFC00027,RDBECOLITFC00219,RDBECOLITFC00189	NagC,Mlc,CRP	b2415;b2416;b2417	2533764	2536343	2536363-2536380	Ecocyc:TU0-45232 
RDBECOLITUC02254	gpmA	RDBECOLIOPC01927	gpmA	RDBECOLIGNC01640	gpmA	RDBECOLIPMC02685	gpmAp3	787670		sigma38			b0755	787595	786843		Ecocyc:TU0-45233 
RDBECOLITUC02255	osmY	RDBECOLIOPC02351	osmY	RDBECOLIGNC01357	osmY	RDBECOLIPMC02686	osmYp2	4611153		sigma38	RDBECOLITFC00013,RDBECOLITFC00053,RDBECOLITFC00053,RDBECOLITFC00189,RDBECOLITFC00211,RDBECOLITFC00211,RDBECOLITFC00014,RDBECOLITFC00014,RDBECOLITFC00189,RDBECOLITFC00189	FliZ,Fis,Fis,CRP,IHF,IHF,Lrp,Lrp,CRP,CRP	b4376	4611396	4612001		Ecocyc:TU0-45234 
RDBECOLITUC02256	ilvY	RDBECOLIOPC02924	ilvY	RDBECOLIGNC00495	ilvY	RDBECOLIPMC02687	ilvYp2	3957867	RDBECOLITMC00315	sigma38	RDBECOLITFC00134,RDBECOLITFC00134	IlvY,IlvY	b3773	3957820	3956927	3956883-3956909	Ecocyc:TU0-45235 
RDBECOLITUC02257	pfkA	RDBECOLIOPC02836	pfkA	RDBECOLIGNC00690	pfkA	RDBECOLIPMC02688	pfkAp	4107474	RDBECOLITMC00206	sigma38	RDBECOLITFC00057	Cra	b3916	4107552	4108514	4108678-4108732	Ecocyc:TU0-45236 
RDBECOLITUC02258	pstB-phoU	RDBECOLIOPC03587	pstSCAB-phoU	RDBECOLIGNC00725,RDBECOLIGNC00773	phoU;pstB	RDBECOLIPMC02689	pstBp2	3908556		sigma38			b3724;b3725	3908366	3906853		Ecocyc:TU0-45237 
RDBECOLITUC02259	gabDTP	RDBECOLIOPC03188	csiD-ygaF-gabDTP	RDBECOLIGNC01300,RDBECOLIGNC00354,RDBECOLIGNC01299	gabP;gabT;gabD	RDBECOLIPMC02690	gabDp	2791172		sigma38	RDBECOLITFC00135	Nac	b2663;b2662;b2661	2791273	2795653		Ecocyc:TU0-45238 
RDBECOLITUC02260	pfkA	RDBECOLIOPC02836	pfkA	RDBECOLIGNC00690	pfkA	RDBECOLIPMC02691	pfkAp3	4107522	RDBECOLITMC00206	sigma38			b3916	4107552	4108514	4108678-4108732	Ecocyc:TU0-45239 
RDBECOLITUC02261	gntR	RDBECOLIOPC02837	gntRKU	RDBECOLIGNC02337	gntR	RDBECOLIPMC02756	gntRp4	3578880	RDBECOLITMC00253				b3438	3578726	3577731	3577622-3577652	Ecocyc:TU0-4523 
RDBECOLITUC02262	hepA	RDBECOLIOPC03479	rapA-rluA	RDBECOLIGNC01070	rapA	RDBECOLIPMC02692	rapAp2	63588		sigma32			b0059	63264	60358		Ecocyc:TU0-45240 
RDBECOLITUC02263	acs-yjcHG	RDBECOLIOPC03435	acs-yjcHG	RDBECOLIGNC01867,RDBECOLIGNC01868,RDBECOLIGNC01410	actP;yjcH;acs	RDBECOLIPMC02693	acsp	4287391		sigma38	RDBECOLITFC00211,RDBECOLITFC00053,RDBECOLITFC00053,RDBECOLITFC00053,RDBECOLITFC00211,RDBECOLITFC00189,RDBECOLITFC00189,RDBECOLITFC00211	IHF,Fis,Fis,Fis,IHF,CRP,CRP,IHF	b4067;b4068;b4069	4287371	4283253		Ecocyc:TU0-45241 
RDBECOLITUC02264	hdeAB-yhiD	RDBECOLIOPC02509	hdeAB-yhiD	RDBECOLIGNC01365,RDBECOLIGNC01364,RDBECOLIGNC01363	yhiD;hdeB;hdeA	RDBECOLIPMC02694	hdeAp2	3656791		sigma38	RDBECOLITFC00077,RDBECOLITFC00013,RDBECOLITFC00042,RDBECOLITFC00023,RDBECOLITFC00023,RDBECOLITFC00023,RDBECOLITFC00023,RDBECOLITFC00187,RDBECOLITFC00187,RDBECOLITFC00187,RDBECOLITFC00166,RDBECOLITFC00023,RDBECOLITFC00077,RDBECOLITFC00187,RDBECOLITFC00187,RDBECOLITFC00023,RDBECOLITFC00063,RDBECOLITFC00014,RDBECOLITFC00014,RDBECOLITFC00014,RDBECOLITFC00014,RDBECOLITFC00014,RDBECOLITFC00014,RDBECOLITFC00020,RDBECOLITFC00074,RDBECOLITFC00187,RDBECOLITFC00063	GadE,FliZ,RcsB,GadW,GadW,GadW,GadW,GadX,GadX,GadX,PhoP,GadW,GadE,GadX,GadX,GadW,TorR,Lrp,Lrp,Lrp,Lrp,Lrp,Lrp,H-NS,MarA,GadX,TorR	b3508;b3509;b3510	3656740	3655255		Ecocyc:TU0-45242 
RDBECOLITUC02265	alkA	RDBECOLIOPC01272	alkA	RDBECOLIGNC01199	alkA	RDBECOLIPMC02695	alkAp2	2147559		sigma38	RDBECOLITFC00049	Ada	b2068	2147540	2146692		Ecocyc:TU0-45243 
RDBECOLITUC02266	pykF	RDBECOLIOPC03586	pykF	RDBECOLIGNC00794	pykF	RDBECOLIPMC02696	pykFp5	1755663		sigma38			b1676	1755698	1757110		Ecocyc:TU0-45244 
RDBECOLITUC02267	pcnB-folK	RDBECOLIOPC02987	pcnB-folK	RDBECOLIGNC01341,RDBECOLIGNC00682	folK;pcnB	RDBECOLIPMC02697	pcnBp	159171		sigma38	RDBECOLITFC00039	DksA	b0142;b0143	159126	157253		Ecocyc:TU0-45245 
RDBECOLITUC02268	ynfEFGH-dmsD	RDBECOLIOPC02615	ynfEFGH-dmsD	RDBECOLIGNC03702,RDBECOLIGNC03701,RDBECOLIGNC03700,RDBECOLIGNC03699,RDBECOLIGNC03698	dmsD;ynfH;ynfG;ynfF;ynfE	RDBECOLIPMC02699	ynfEp2	1658003		sigma38	RDBECOLITFC00009,RDBECOLITFC00009,RDBECOLITFC00128	NarL,NarL,FNR	b1591;b1590;b1589;b1588;b1587	1658069	1665120		Ecocyc:TU0-45246 
RDBECOLITUC02269	eptB	RDBECOLIOPC02138	eptB	RDBECOLIGNC02143	eptB	RDBECOLIPMC02700	eptBp2	3710581		sigma24			b3546	3710475	3708784		Ecocyc:TU0-45247 
RDBECOLITUC02270	ada-alkB	RDBECOLIOPC03267	ada-alkB	RDBECOLIGNC00034,RDBECOLIGNC00026	alkB;ada	RDBECOLIPMC02701	adap2	2310427		sigma38	RDBECOLITFC00049,RDBECOLITFC00049	Ada,Ada	b2212;b2213	2310405	2308691		Ecocyc:TU0-45248 
RDBECOLITUC02271	mlrA	RDBECOLIOPC01450	mlrA	RDBECOLIGNC01924	mlrA	RDBECOLIPMC02702	mlrAp2	2214840		sigma38	RDBECOLITFC00013	FliZ	b2127	2214866	2215597		Ecocyc:TU0-45249 
RDBECOLITUC02272	glk	RDBECOLIOPC01942	glk	RDBECOLIGNC02421	glk	RDBECOLIPMC02703	glkp3	2509447	RDBECOLITMC00288	sigma38			b2388	2509426	2508461	2508424-2508447	Ecocyc:TU0-45250 
RDBECOLITUC02273	cfa	RDBECOLIOPC03494	cfa	RDBECOLIGNC01484	cfa	RDBECOLIPMC02704	cfap	1741201		sigma38			b1661	1741413	1742561		Ecocyc:TU0-45251 
RDBECOLITUC02274	gpmA	RDBECOLIOPC01927	gpmA	RDBECOLIGNC01640	gpmA	RDBECOLIPMC02705	gpmAp4	787632		sigma38	RDBECOLITFC00093,RDBECOLITFC00093	Fur,Fur	b0755	787595	786843		Ecocyc:TU0-45252 
RDBECOLITUC02275	sohB	RDBECOLIOPC03340	sohB	RDBECOLIGNC00944	sohB	RDBECOLIPMC02707	sohBp	1329284		sigma38	RDBECOLITFC00189	CRP	b1272	1329332	1330381		Ecocyc:TU0-45253 
RDBECOLITUC02276	aceEF	RDBECOLIOPC03350	pdhR-aceEF-lpdA	RDBECOLIGNC00022,RDBECOLIGNC00021	aceF;aceE	RDBECOLIPMC02708	aceEp2	122969	RDBECOLITMC00306	sigma38	RDBECOLITFC00038,RDBECOLITFC00128,RDBECOLITFC00098	NsrR,FNR,ArcA	b0115;b0114	123017	127587	127590-127619	Ecocyc:TU0-45254 
RDBECOLITUC02277	can	RDBECOLIOPC03566	can	RDBECOLIGNC02190	can	RDBECOLIPMC02709	canp2	142703		sigma32			b0126	142670	142008		Ecocyc:TU0-45255 
RDBECOLITUC02278	mglBAC	RDBECOLIOPC02769	mglBAC	RDBECOLIGNC00586,RDBECOLIGNC00584,RDBECOLIGNC00585	mglC;mglA;mglB	RDBECOLIPMC02710	mglBp2	2240566		sigma38	RDBECOLITFC00033,RDBECOLITFC00052,RDBECOLITFC00088,RDBECOLITFC00189	GalS,FlhDC,GalR,CRP	b2148;b2149;b2150	2240348	2236743		Ecocyc:TU0-45256 
RDBECOLITUC02279	csgDEFG	RDBECOLIOPC02780	csgDEFG	RDBECOLIGNC03408,RDBECOLIGNC03409,RDBECOLIGNC03410,RDBECOLIGNC03411	csgG;csgF;csgE;csgD	RDBECOLIPMC02711	csgDp3	1103344		sigma38	RDBECOLITFC00169,RDBECOLITFC00169,RDBECOLITFC00020,RDBECOLITFC00016,RDBECOLITFC00048,RDBECOLITFC00196,RDBECOLITFC00013,RDBECOLITFC00057,RDBECOLITFC00057,RDBECOLITFC00057,RDBECOLITFC00057,RDBECOLITFC00018,RDBECOLITFC00018,RDBECOLITFC00018,RDBECOLITFC00029,RDBECOLITFC00211,RDBECOLITFC00211,RDBECOLITFC00170,RDBECOLITFC00170,RDBECOLITFC00170,RDBECOLITFC00170,RDBECOLITFC00170,RDBECOLITFC00170,RDBECOLITFC00170,RDBECOLITFC00170,RDBECOLITFC00170,RDBECOLITFC00167,RDBECOLITFC00170,RDBECOLITFC00170,RDBECOLITFC00170,RDBECOLITFC00170,RDBECOLITFC00170,RDBECOLITFC00117,RDBECOLITFC00040,RDBECOLITFC00018,RDBECOLITFC00189,RDBECOLITFC00189,RDBECOLITFC00116	BtsR,BtsR,H-NS,MqsA,RcdA,BasR,FliZ,Cra,Cra,Cra,Cra,CsgD,CsgD,CsgD,MlrA,IHF,IHF,CpxR,CpxR,CpxR,CpxR,CpxR,CpxR,CpxR,CpxR,CpxR,RstA,CpxR,CpxR,CpxR,CpxR,CpxR,RcsAB,OmpR,CsgD,CRP,CRP,BolA	b1037;b1038;b1039;b1040	1103196	1100851		Ecocyc:TU0-45257 
RDBECOLITUC02280	patA	RDBECOLIOPC02919	patA	RDBECOLIGNC04397	patA	RDBECOLIPMC02713	patAp2	3219458		sigma54	RDBECOLITFC00153,RDBECOLITFC00153,RDBECOLITFC00153,RDBECOLITFC00053,RDBECOLITFC00211	NtrC,NtrC,NtrC,Fis,IHF	b3073	3219494	3220873		Ecocyc:TU0-45258 
RDBECOLITUC02281	pqiABC	RDBECOLIOPC03315	pqiABC	RDBECOLIGNC03361,RDBECOLIGNC03360,RDBECOLIGNC03359	pqiC;pqiB;pqiA	RDBECOLIPMC02714	pqiAp3	1011666		sigma38	RDBECOLITFC00201,RDBECOLITFC00074	SoxS,MarA	b0952;b0951;b0950	1012001	1015459		Ecocyc:TU0-45259 
RDBECOLITUC02282	recAX	RDBECOLIOPC02333	recAX	RDBECOLIGNC01982,RDBECOLIGNC00813	recX;recA	RDBECOLIPMC03382	recAp	2823819		sigma70	RDBECOLITFC00214	LexA	b2698;b2699	2823769	2822139		Ecocyc:TU0-4525 
RDBECOLITUC02283	pgi	RDBECOLIOPC03076	pgi	RDBECOLIGNC00693	pgi	RDBECOLIPMC02715	pgip2	4233722		sigma38	RDBECOLITFC00201	SoxS	b4025	4233758	4235407		Ecocyc:TU0-45260 
RDBECOLITUC02284	lapAB	RDBECOLIOPC02036	yciSM-pyrF-yciH	RDBECOLIGNC02351,RDBECOLIGNC03499	lapB;lapA	RDBECOLIPMC02716	lapAp	1340135		sigma32			b1280;b1279	1340243	1341727		Ecocyc:TU0-45261 
RDBECOLITUC02285	yciSM-pyrF-yciH	RDBECOLIOPC02036	yciSM-pyrF-yciH	RDBECOLIGNC01111,RDBECOLIGNC00799,RDBECOLIGNC02351,RDBECOLIGNC03499	yciH;pyrF;lapB;lapA	RDBECOLIPMC02716	lapAp	1340135		sigma32			b1282;b1281;b1280;b1279	1340243	1342984		Ecocyc:TU0-45262 
RDBECOLITUC02286	gapA	RDBECOLIOPC03265	gapA-yeaD	RDBECOLIGNC00360	gapA	RDBECOLIPMC02717	gapAp	1862735		sigma38	RDBECOLITFC00057,RDBECOLITFC00057	Cra,Cra	b1779	1862771	1863766		Ecocyc:TU0-45263 
RDBECOLITUC02287	mnt-btuF-yadS	RDBECOLIOPC02794	mnt-btuF-yadS	RDBECOLIGNC01077,RDBECOLIGNC02204,RDBECOLIGNC02203	mtn;btuF;yadS	RDBECOLIPMC02718	mtnp2	179183		sigma38			b0159;b0158;b0157	179153	177001		Ecocyc:TU0-45264 
RDBECOLITUC02288	appCBA-yccB	RDBECOLIOPC03085	appCBA-yccB	RDBECOLIGNC02649,RDBECOLIGNC01347,RDBECOLIGNC01346,RDBECOLIGNC00045	appX;appC;appB;appA	RDBECOLIPMC02719	appCp2	1037710		sigma38	RDBECOLITFC00141,RDBECOLITFC00096,RDBECOLITFC00098	YdeO,AppY,ArcA	b4592;b0978;b0979;b0980	1037740	1041915		Ecocyc:TU0-45265 
RDBECOLITUC02289	oxyR	RDBECOLIOPC02616	oxyR	RDBECOLIGNC00673	oxyR	RDBECOLIPMC02721	oxyRp2	4158457		sigma38	RDBECOLITFC00216,RDBECOLITFC00216,RDBECOLITFC00189	OxyR,OxyR,CRP	b3961	4158490	4159407		Ecocyc:TU0-45266 
RDBECOLITUC02290	dnaN-recF	RDBECOLIOPC03584	dnaAN-recF	RDBECOLIGNC00818,RDBECOLIGNC00236	recF;dnaN	RDBECOLIPMC02722	dnaNp6	3882590		sigma38			b3700;b3701	3882321	3880148		Ecocyc:TU0-45267 
RDBECOLITUC02291	gadAX	RDBECOLIOPC02867	gadXW	RDBECOLIGNC02121,RDBECOLIGNC02563	gadX;gadA	RDBECOLIPMC02723	gadAp2	3667607	RDBECOLITMC00281	sigma38	RDBECOLITFC00063,RDBECOLITFC00023,RDBECOLITFC00023,RDBECOLITFC00023,RDBECOLITFC00023,RDBECOLITFC00023,RDBECOLITFC00023,RDBECOLITFC00023,RDBECOLITFC00187,RDBECOLITFC00187,RDBECOLITFC00176,RDBECOLITFC00042,RDBECOLITFC00053,RDBECOLITFC00053,RDBECOLITFC00053,RDBECOLITFC00053,RDBECOLITFC00020,RDBECOLITFC00023,RDBECOLITFC00063,RDBECOLITFC00189,RDBECOLITFC00128,RDBECOLITFC00187,RDBECOLITFC00187,RDBECOLITFC00187,RDBECOLITFC00187,RDBECOLITFC00123,RDBECOLITFC00098	TorR,GadW,GadW,GadW,GadW,GadW,GadW,GadW,GadX,GadX,AdiY,RcsB,Fis,Fis,Fis,Fis,H-NS,GadW,TorR,CRP,FNR,GadX,GadX,GadX,GadX,GadRcs,ArcA	b3516;b3517	3667580	3664986	3664915-3664935	Ecocyc:TU0-45268 
RDBECOLITUC02292	rrsH-ileV-alaV-rrlH-rrfH	RDBECOLIOPC03568	rrsH-ileV-alaV-rrlH-rrfH	RDBECOLIGNC02513,RDBECOLIGNC02520,RDBECOLIGNC02448,RDBECOLIGNC02482,RDBECOLIGNC02527	rrfH;rrlH;alaV;ileV;rrsH	RDBECOLIPMC02724	rrsHp	223485		sigma32	RDBECOLITFC00039,RDBECOLITFC00039,RDBECOLITFC00020,RDBECOLITFC00014,RDBECOLITFC00053,RDBECOLITFC00053,RDBECOLITFC00053,RDBECOLITFC00053	DksA,DksA,H-NS,Lrp,Fis,Fis,Fis,Fis	b0205;b0204;b0203;b0202;b0201	223771	228875		Ecocyc:TU0-45269 
RDBECOLITUC02293	eno	RDBECOLIOPC03252	pyrG-eno	RDBECOLIGNC00252	eno	RDBECOLIPMC02725	enop8	2907968		sigma38			b2779	2907941	2906643		Ecocyc:TU0-45270 
RDBECOLITUC02294	ftsQAZ	RDBECOLIOPC03591	mraZW-ftsLIO-murEF-mraY-murD-ftsW-murGC-ddlB-ftsQAZ-lpxC	RDBECOLIGNC00336,RDBECOLIGNC00333,RDBECOLIGNC00341	ftsQ;ftsA;ftsZ	RDBECOLIPMC02726	ftsQp	102867		sigma38	RDBECOLITFC00021,RDBECOLITFC00021,RDBECOLITFC00021	SdiA,SdiA,SdiA	b0093;b0094;b0095	103155	106456		Ecocyc:TU0-45271 
RDBECOLITUC02295	ybeD-lipB	RDBECOLIOPC02763	ybeD-lipB	RDBECOLIGNC01539,RDBECOLIGNC01540	lipB;ybeD	RDBECOLIPMC02727	ybeDp2	662706		sigma32			b0630;b0631	662642	661637		Ecocyc:TU0-45272 
RDBECOLITUC02296	epd-pgk-fbaA	RDBECOLIOPC03598	epd-pgk-fbaA	RDBECOLIGNC00276,RDBECOLIGNC00694,RDBECOLIGNC00361	fbaA;pgk;epd	RDBECOLIPMC02729	epdp2	3073823		sigma38	RDBECOLITFC00057,RDBECOLITFC00189	Cra,CRP	b2925;b2926;b2927	3073691	3070165		Ecocyc:TU0-45273 
RDBECOLITUC02297	epd-pgk	RDBECOLIOPC03598	epd-pgk-fbaA	RDBECOLIGNC00694,RDBECOLIGNC00361	pgk;epd	RDBECOLIPMC02729	epdp2	3073823	RDBECOLITMC00298	sigma38	RDBECOLITFC00057,RDBECOLITFC00189	Cra,CRP	b2926;b2927	3073691	3071459	3071431-3071450	Ecocyc:TU0-45274 
RDBECOLITUC02298	rrsB-gltT-rrlB-rrfB	RDBECOLIOPC03535	rrsB-gltT-rrlB-rrfB	RDBECOLIGNC02508,RDBECOLIGNC02515,RDBECOLIGNC02469,RDBECOLIGNC02522	rrfB;rrlB;gltT;rrsB	RDBECOLIPMC02730	rrsBp	4166367	RDBECOLITMC00087,RDBECOLITMC00086	sigma32	RDBECOLITFC00014,RDBECOLITFC00014,RDBECOLITFC00039,RDBECOLITFC00039,RDBECOLITFC00020,RDBECOLITFC00020,RDBECOLITFC00020,RDBECOLITFC00014,RDBECOLITFC00053,RDBECOLITFC00053,RDBECOLITFC00053	Lrp,Lrp,DksA,DksA,H-NS,H-NS,H-NS,Lrp,Fis,Fis,Fis	b3971;b3970;b3969;b3968	4166659	4171756	4171935-4171962;4171760-4171803	Ecocyc:TU0-45275 
RDBECOLITUC02299	asr	RDBECOLIOPC01959	asr	RDBECOLIGNC03708	asr	RDBECOLIPMC02731	asrp2	1671327	RDBECOLITMC00269	sigma38	RDBECOLITFC00048,RDBECOLITFC00048,RDBECOLITFC00020,RDBECOLITFC00167,RDBECOLITFC00202	RcdA,RcdA,H-NS,RstA,PhoB	b1597	1671376	1671684	1671703-1671720	Ecocyc:TU0-45276 
RDBECOLITUC02300	rrsE-gltV-rrlE-rrfE	RDBECOLIOPC03158	rrsE-gltV-rrlE-rrfE	RDBECOLIGNC02511,RDBECOLIGNC02518,RDBECOLIGNC02471,RDBECOLIGNC02525	rrfE;rrlE;gltV;rrsE	RDBECOLIPMC02732	rrsEp3	4207863	RDBECOLITMC00227	sigma32	RDBECOLITFC00039,RDBECOLITFC00039,RDBECOLITFC00014,RDBECOLITFC00053,RDBECOLITFC00053,RDBECOLITFC00053,RDBECOLITFC00053,RDBECOLITFC00053	DksA,DksA,Lrp,Fis,Fis,Fis,Fis,Fis	b4010;b4009;b4008;b4007	4208147	4213159	4213155-4213209	Ecocyc:TU0-45277 
RDBECOLITUC02301	rpoE-rseABC	RDBECOLIOPC03603	rseD-rpoE-rseABC	RDBECOLIGNC04172,RDBECOLIGNC04173,RDBECOLIGNC02211,RDBECOLIGNC01824	rseC;rseB;rseA;rpoE	RDBECOLIPMC02733	rpoEp	2710087		sigma24	RDBECOLITFC00039,RDBECOLITFC00039	DksA,DksA	b2570;b2571;b2572;b2573	2710012	2707322		Ecocyc:TU0-45278 
RDBECOLITUC02302	hdeD	RDBECOLIOPC03341	hdeD	RDBECOLIGNC01450	hdeD	RDBECOLIPMC02734	hdeDp2	3656960		sigma38	RDBECOLITFC00042,RDBECOLITFC00187,RDBECOLITFC00166,RDBECOLITFC00020,RDBECOLITFC00077,RDBECOLITFC00187	RcsB,GadX,PhoP,H-NS,GadE,GadX	b3511	3656995	3657567		Ecocyc:TU0-45279 
RDBECOLITUC02303	ihfB	RDBECOLIOPC03575	rpsA-ihfB	RDBECOLIGNC00434	ihfB	RDBECOLIPMC02735	ihfBp2	963749	RDBECOLITMC00213	sigma38	RDBECOLITFC00211,RDBECOLITFC00211,RDBECOLITFC00211,RDBECOLITFC00211,RDBECOLITFC00211,RDBECOLITFC00211	IHF,IHF,IHF,IHF,IHF,IHF	b0912	963828	964112	964119-964173	Ecocyc:TU0-45280 
RDBECOLITUC02304	cpxRA	RDBECOLIOPC03312	cpxRA	RDBECOLIGNC00159,RDBECOLIGNC00017	cpxA;cpxR	RDBECOLIPMC02736	cpxRp2	4105686		sigma38	RDBECOLITFC00170,RDBECOLITFC00170	CpxR,CpxR	b3911;b3912	4105670	4103602		Ecocyc:TU0-45281 
RDBECOLITUC02305	rseD-rpoE-rseABC	RDBECOLIOPC03603	rseD-rpoE-rseABC	RDBECOLIGNC02764,RDBECOLIGNC04172,RDBECOLIGNC04173,RDBECOLIGNC02211,RDBECOLIGNC01824	rseD;rseC;rseB;rseA;rpoE	RDBECOLIPMC02737	rseDp1	2710339		sigma54	RDBECOLITFC00162,RDBECOLITFC00162,RDBECOLITFC00162,RDBECOLITFC00042,RDBECOLITFC00153,RDBECOLITFC00189	GlrR,GlrR,GlrR,RcsB,NtrC,CRP	b4725;b2570;b2571;b2572;b2573	2710164	2707322		Ecocyc:TU0-45282 
RDBECOLITUC02306	osmE	RDBECOLIOPC03192	osmE	RDBECOLIGNC00040	osmE	RDBECOLIPMC02738	osmEp2	1822283	RDBECOLITMC00348	sigma38	RDBECOLITFC00211,RDBECOLITFC00053,RDBECOLITFC00053,RDBECOLITFC00053	IHF,Fis,Fis,Fis	b1739	1822256	1821918	1821865-1821886	Ecocyc:TU0-45283 
RDBECOLITUC02307	bolA	RDBECOLIOPC01898	bolA	RDBECOLIGNC00121	bolA	RDBECOLIPMC02739	bolAp	454434	RDBECOLITMC00008	sigma38	RDBECOLITFC00020,RDBECOLITFC00040	H-NS,OmpR	b0435	454472	454789	454844-454865	Ecocyc:TU0-45284 
RDBECOLITUC02308	lon	RDBECOLIOPC03153	clpX-lon	RDBECOLIGNC00534	lon	RDBECOLIPMC02740	lonp2	458815		sigma32	RDBECOLITFC00187	GadX	b0439	458888	461242		Ecocyc:TU0-45285 
RDBECOLITUC02309	C0293	RDBECOLIOPC00123	C0293	RDBECOLIGNC02897	C0293	RDBECOLIPMC02741	C0293p	1196711					b4806	1196711	1196782		Ecocyc:TU0-45287 
RDBECOLITUC02310	hemF	RDBECOLIOPC01820	amiA-hemF	RDBECOLIGNC02073	hemF	RDBECOLIPMC02742	hemFp2	2552982					b2436	2553225	2554124		Ecocyc:TU0-45288 
RDBECOLITUC02311	hemF	RDBECOLIOPC01820	amiA-hemF	RDBECOLIGNC02073	hemF	RDBECOLIPMC02743	hemFp3	2552952			RDBECOLITFC00216	OxyR	b2436	2553225	2554124		Ecocyc:TU0-45289 
RDBECOLITUC02312	tnaAB	RDBECOLIOPC02356	tnaCAB	RDBECOLIGNC00994,RDBECOLIGNC00993	tnaB;tnaA						RDBECOLITFC00075	ZraR	b3709;b3708	3888730	3891483		Ecocyc:TU0-45291 
RDBECOLITUC02313	galETKM	RDBECOLIOPC02889	galETKM	RDBECOLIGNC01639,RDBECOLIGNC00356,RDBECOLIGNC00359,RDBECOLIGNC00355	galM;galK;galT;galE	RDBECOLIPMC02757	galEp3	792177	RDBECOLITMC00241,RDBECOLITMC00243				b0756;b0757;b0758;b0759	792055	787797	787767-787790;787689-787766	Ecocyc:TU0-4545 
RDBECOLITUC02314	dcuB-fumB	RDBECOLIOPC02725	dcuB-fumB	RDBECOLIGNC00350,RDBECOLIGNC00005	fumB;dcuB	RDBECOLIPMC02758	dcuBp2	4349091	RDBECOLITMC00349		RDBECOLITFC00025,RDBECOLITFC00025	DcuR,DcuR	b4122;b4123	4348744	4345680	4345631-4345650	Ecocyc:TU0-4562 
RDBECOLITUC02315	znuCB	RDBECOLIOPC01943	znuCB	RDBECOLIGNC02231,RDBECOLIGNC03868	znuB;znuC	RDBECOLIPMC02759	znuCp	1942634		sigma70	RDBECOLITFC00216,RDBECOLITFC00035	OxyR,Zur	b1859;b1858	1942662	1944199		Ecocyc:TU0-4604 
RDBECOLITUC02316	zntA	RDBECOLIOPC00950	zntA	RDBECOLIGNC02097	zntA	RDBECOLIPMC02760	zntAp	3606422		sigma70	RDBECOLITFC00011,RDBECOLITFC00011	ZntR,ZntR	b3469	3606451	3608649		Ecocyc:TU0-4623 
RDBECOLITUC02317	nfsB	RDBECOLIOPC00072	nfsB	RDBECOLIGNC02559	nfsB	RDBECOLIPMC02761	nfsBp	605453		sigma70	RDBECOLITFC00201,RDBECOLITFC00051,RDBECOLITFC00074	SoxS,Rob,MarA	b0578	605424	604771		Ecocyc:TU0-4624 
RDBECOLITUC02318	znuA	RDBECOLIOPC01591	znuA	RDBECOLIGNC03867	znuA	RDBECOLIPMC02762	znuAp	1942661		sigma38	RDBECOLITFC00216,RDBECOLITFC00035	OxyR,Zur	b1857	1942583	1941651		Ecocyc:TU0-4642 
RDBECOLITUC02319	idnK	RDBECOLIOPC00659	idnK	RDBECOLIGNC02046	idnK	RDBECOLIPMC02763	idnKp	4494597		sigma70	RDBECOLITFC00189,RDBECOLITFC00068,RDBECOLITFC00189,RDBECOLITFC00177,RDBECOLITFC00177,RDBECOLITFC00177	CRP,IdnR,CRP,GntR,GntR,GntR	b4268	4494623	4495186		Ecocyc:TU0-4681 
RDBECOLITUC02320	idnDOTR	RDBECOLIOPC02758	idnDOTR	RDBECOLIGNC04631,RDBECOLIGNC02312,RDBECOLIGNC04632,RDBECOLIGNC04633	idnR;idnT;idnO;idnD	RDBECOLIPMC02764	idnDp	4494435			RDBECOLITFC00189,RDBECOLITFC00068,RDBECOLITFC00189,RDBECOLITFC00177,RDBECOLITFC00177,RDBECOLITFC00177	CRP,IdnR,CRP,GntR,GntR,GntR	b4264;b4265;b4266;b4267	4494406	4490141		Ecocyc:TU0-4682 
RDBECOLITUC02321	lacZYA	RDBECOLIOPC03373	lacZYA	RDBECOLIGNC00516,RDBECOLIGNC00518,RDBECOLIGNC00519	lacA;lacY;lacZ	RDBECOLIPMC02765	lacZp3	366358	RDBECOLITMC00257,RDBECOLITMC00256		RDBECOLITFC00189,RDBECOLITFC00189	CRP,CRP	b0342;b0343;b0344	366305	361249	361140-361179;361212-361236	Ecocyc:TU0-4701 
RDBECOLITUC02322	lacZYA	RDBECOLIOPC03373	lacZYA	RDBECOLIGNC00516,RDBECOLIGNC00518,RDBECOLIGNC00519	lacA;lacY;lacZ	RDBECOLIPMC02766	lacZp2	366365	RDBECOLITMC00257,RDBECOLITMC00256		RDBECOLITFC00189,RDBECOLITFC00189	CRP,CRP	b0342;b0343;b0344	366305	361249	361140-361179;361212-361236	Ecocyc:TU0-4702 
RDBECOLITUC02323	lacZYA	RDBECOLIOPC03373	lacZYA	RDBECOLIGNC00516,RDBECOLIGNC00518,RDBECOLIGNC00519	lacA;lacY;lacZ	RDBECOLIPMC02767	lacZp4	366377	RDBECOLITMC00257,RDBECOLITMC00256				b0342;b0343;b0344	366305	361249	361140-361179;361212-361236	Ecocyc:TU0-4703 
RDBECOLITUC02324	ompA	RDBECOLIOPC00898	ompA	RDBECOLIGNC00661	ompA	RDBECOLIPMC03582	ompAp2	1020187					b0957	1020053	1019013		Ecocyc:TU0-4742 
RDBECOLITUC02325	csrB	RDBECOLIOPC00110	csrB	RDBECOLIGNC02864	csrB	RDBECOLIPMC02769	csrBp	2924524	RDBECOLITMC00264	sigma70	RDBECOLITFC00039,RDBECOLITFC00039,RDBECOLITFC00100,RDBECOLITFC00211	DksA,DksA,UvrY,IHF	b4408	2924524	2924156	2924166-2924191	Ecocyc:TU0-4761 
RDBECOLITUC02326	crr	RDBECOLIOPC03268	ptsHI-crr	RDBECOLIGNC00161	crr	RDBECOLIPMC03627	crrpI	2535610	RDBECOLITMC00265	sigma38			b2417	2535834	2536343	2536363-2536380	Ecocyc:TU0-4782 
RDBECOLITUC02327	nrdDG	RDBECOLIOPC00604	nrdDG	RDBECOLIGNC04693,RDBECOLIGNC01381	nrdG;nrdD	RDBECOLIPMC02770	nrdDp	4462838		sigma70	RDBECOLITFC00020,RDBECOLITFC00128,RDBECOLITFC00128,RDBECOLITFC00148,RDBECOLITFC00148	H-NS,FNR,FNR,NrdR,NrdR	b4237;b4238	4462660	4459900		Ecocyc:TU0-4783 
RDBECOLITUC02328	crr	RDBECOLIOPC03268	ptsHI-crr	RDBECOLIGNC00161	crr	RDBECOLIPMC03626	crrp2	2535480	RDBECOLITMC00265				b2417	2535834	2536343	2536363-2536380	Ecocyc:TU0-4786 
RDBECOLITUC02329	bglGFB	RDBECOLIOPC02966	bglGFB	RDBECOLIGNC00110,RDBECOLIGNC00111,RDBECOLIGNC00112	bglB;bglF;bglG	RDBECOLIPMC02771	bglGp1	3906697	RDBECOLITMC00277,RDBECOLITMC00276		RDBECOLITFC00212,RDBECOLITFC00189,RDBECOLITFC00020,RDBECOLITFC00053,RDBECOLITFC00053,RDBECOLITFC00212,RDBECOLITFC00095,RDBECOLITFC00066	LeuO,CRP,H-NS,Fis,Fis,LeuO,RcsB-BglJ,StpA	b3721;b3722;b3723	3906567	3902289	3906593-3906634;3902249-3902292	Ecocyc:TU0-4802 
RDBECOLITUC02330	csrC	RDBECOLIOPC00330	csrC	RDBECOLIGNC02877	csrC	RDBECOLIPMC02772	csrCp	4051036	RDBECOLITMC00267		RDBECOLITFC00039,RDBECOLITFC00039,RDBECOLITFC00100,RDBECOLITFC00189,RDBECOLITFC00189,RDBECOLITFC00189	DksA,DksA,UvrY,CRP,CRP,CRP	b4457	4051036	4051281	4051241-4051280	Ecocyc:TU0-4822 
RDBECOLITUC02331	gabDTP	RDBECOLIOPC03188	csiD-ygaF-gabDTP	RDBECOLIGNC01300,RDBECOLIGNC00354,RDBECOLIGNC01299	gabP;gabT;gabD	RDBECOLIPMC02773	gabDp2	2790912		sigma38			b2663;b2662;b2661	2791273	2795653		Ecocyc:TU0-4823 
RDBECOLITUC02332	gntRKU	RDBECOLIOPC02837	gntRKU	RDBECOLIGNC02338,RDBECOLIGNC02336,RDBECOLIGNC02337	gntU;gntK;gntR				RDBECOLITMC00268				b4476;b3437;b3438	3578726	3575721	3575688-3575711	Ecocyc:TU0-4881 
RDBECOLITUC02333	gadEF	RDBECOLIOPC03599	gadEF-mdtEF	RDBECOLIGNC02758,RDBECOLIGNC01497	gadF;gadE	RDBECOLIPMC02775	gadEp1	3658242		sigma38	RDBECOLITFC00077,RDBECOLITFC00166,RDBECOLITFC00098	GadE,PhoP,ArcA	b4718;b3512	3658366	3659082		Ecocyc:TU0-4901 
RDBECOLITUC02334	hdeD	RDBECOLIOPC03341	hdeD	RDBECOLIGNC01450	hdeD	RDBECOLIPMC02776	hdeDp	3656960		sigma70	RDBECOLITFC00166,RDBECOLITFC00187,RDBECOLITFC00042,RDBECOLITFC00187,RDBECOLITFC00077,RDBECOLITFC00020	PhoP,GadX,RcsB,GadX,GadE,H-NS	b3511	3656995	3657567		Ecocyc:TU0-4903 
RDBECOLITUC02335	gapA-yeaD	RDBECOLIOPC03265	gapA-yeaD	RDBECOLIGNC03816,RDBECOLIGNC00360	yeaD;gapA	RDBECOLIPMC03605	gapAp2	1862618		sigma32	RDBECOLITFC00057,RDBECOLITFC00057	Cra,Cra	b1780;b1779	1862771	1864734		Ecocyc:TU0-4904 
RDBECOLITUC02336	gapA	RDBECOLIOPC03265	gapA-yeaD	RDBECOLIGNC00360	gapA	RDBECOLIPMC03783	gapAp1	1862735		sigma70	RDBECOLITFC00057,RDBECOLITFC00057	Cra,Cra	b1779	1862771	1863766		Ecocyc:TU0-4905 
RDBECOLITUC02337	gapA	RDBECOLIOPC03265	gapA-yeaD	RDBECOLIGNC00360	gapA	RDBECOLIPMC03784	gapAp3	1862597		sigma70	RDBECOLITFC00057,RDBECOLITFC00057,RDBECOLITFC00189	Cra,Cra,CRP	b1779	1862771	1863766		Ecocyc:TU0-4906 
RDBECOLITUC02338	gapA	RDBECOLIOPC03265	gapA-yeaD	RDBECOLIGNC00360	gapA	RDBECOLIPMC03785	gapAp4	1862526		sigma70	RDBECOLITFC00057,RDBECOLITFC00057	Cra,Cra	b1779	1862771	1863766		Ecocyc:TU0-4907 
RDBECOLITUC02339	idnR	RDBECOLIOPC02758	idnDOTR	RDBECOLIGNC04631	idnR	RDBECOLIPMC02777	idnRp	4491182		sigma70			b4264	4491139	4490141		Ecocyc:TU0-4924 
RDBECOLITUC02340	gntT	RDBECOLIOPC01399	gntT	RDBECOLIGNC02242	gntT	RDBECOLIPMC02778	gntTp3	3546449			RDBECOLITFC00189,RDBECOLITFC00177,RDBECOLITFC00177	CRP,GntR,GntR	b3415	3546559	3547875		Ecocyc:TU0-4927 
RDBECOLITUC02341	gntT	RDBECOLIOPC01399	gntT	RDBECOLIGNC02242	gntT	RDBECOLIPMC02779	gntTp2	3546446			RDBECOLITFC00189,RDBECOLITFC00177,RDBECOLITFC00177	CRP,GntR,GntR	b3415	3546559	3547875		Ecocyc:TU0-4928 
RDBECOLITUC02342	asnB	RDBECOLIOPC01508	asnB	RDBECOLIGNC00088	asnB	RDBECOLIPMC03570	asnBp	699222			RDBECOLITFC00187	GadX	b0674	699177	697513		Ecocyc:TU0-4929 
RDBECOLITUC02343	lon	RDBECOLIOPC03153	clpX-lon	RDBECOLIGNC00534	lon	RDBECOLIPMC03718	lonp	458815		sigma70	RDBECOLITFC00187	GadX	b0439	458888	461242		Ecocyc:TU0-4931 
RDBECOLITUC02344	gntP	RDBECOLIOPC02318	gntP	RDBECOLIGNC02318	gntP	RDBECOLIPMC02780	gntPp	4551334	RDBECOLITMC00271	sigma70	RDBECOLITFC00216,RDBECOLITFC00216,RDBECOLITFC00189,RDBECOLITFC00189,RDBECOLITFC00189,RDBECOLITFC00142,RDBECOLITFC00142	OxyR,OxyR,CRP,CRP,CRP,UxuR,UxuR	b4321	4551296	4549953	4549922-4549942	Ecocyc:TU0-4961 
RDBECOLITUC02345	gntXY	RDBECOLIOPC02943	gntXY	RDBECOLIGNC04538,RDBECOLIGNC04537	nfuA;yhgH	RDBECOLIPMC02781	gntXp	3544667		sigma70	RDBECOLITFC00189,RDBECOLITFC00177	CRP,GntR	b3414;b3413	3544882	3546199		Ecocyc:TU0-4981 
RDBECOLITUC02346	yggN	RDBECOLIOPC03361	yggN	RDBECOLIGNC02359	yggN	RDBECOLIPMC02813	yggNp2b	3101640					b2958	3101623	3100904		Ecocyc:TU0-4 
RDBECOLITUC02347	ibpB	RDBECOLIOPC01937	ibpAB	RDBECOLIGNC01488	ibpB	RDBECOLIPMC02782	ibpBp	3866981		sigma54	RDBECOLITFC00211	IHF	b3686	3866897	3866469		Ecocyc:TU0-5001 
RDBECOLITUC02348	groSL	RDBECOLIOPC01974	groSL	RDBECOLIGNC00591,RDBECOLIGNC00592	groL;groS	RDBECOLIPMC02783	groSp	4370616		sigma70			b4143;b4142	4370688	4372671		Ecocyc:TU0-5003 
RDBECOLITUC02349	uxaCA	RDBECOLIOPC00107	uxaCA	RDBECOLIGNC02370,RDBECOLIGNC04694	uxaA;uxaC	RDBECOLIPMC02784	uxaCp2	3244857		sigma70	RDBECOLITFC00001,RDBECOLITFC00001,RDBECOLITFC00001,RDBECOLITFC00128,RDBECOLITFC00189,RDBECOLITFC00001	ExuR,ExuR,ExuR,FNR,CRP,ExuR	b3091;b3092	3244741	3241827		Ecocyc:TU0-5021 
RDBECOLITUC02350	uxuR	RDBECOLIOPC01556	uxuR	RDBECOLIGNC02442	uxuR	RDBECOLIPMC02786	uxuRp	4554458		sigma70	RDBECOLITFC00142,RDBECOLITFC00142,RDBECOLITFC00189,RDBECOLITFC00001,RDBECOLITFC00142	UxuR,UxuR,CRP,ExuR,UxuR	b4324	4554576	4555349		Ecocyc:TU0-5041 
RDBECOLITUC02351	metA	RDBECOLIOPC02326	metA	RDBECOLIGNC00573	metA	RDBECOLIPMC02788	metAp2	4214159		sigma70			b4013	4214280	4215209		Ecocyc:TU0-5061 
RDBECOLITUC02352	yjaB	RDBECOLIOPC02242	yjaB	RDBECOLIGNC01186	yjaB								b4012	4214123	4213680		Ecocyc:TU0-5062 
RDBECOLITUC02353	uidABC	RDBECOLIOPC01225	uidABC	RDBECOLIGNC03719,RDBECOLIGNC01599,RDBECOLIGNC01043	uidC;uidB;uidA	RDBECOLIPMC02790	uidAp	1696152			RDBECOLITFC00189,RDBECOLITFC00142,RDBECOLITFC00199	CRP,UxuR,UidR	b1615;b1616;b1617	1696071	1691586		Ecocyc:TU0-5081 
RDBECOLITUC02354	uidR	RDBECOLIOPC00358	uidR	RDBECOLIGNC03720	uidR	RDBECOLIPMC02791	uidRp	1697075		sigma70	RDBECOLITFC00199	UidR	b1618	1697052	1696462		Ecocyc:TU0-5082 
RDBECOLITUC02355	gnd-gndA	RDBECOLIOPC01851	gnd-gndA	RDBECOLIGNC02765,RDBECOLIGNC00404	gndA;gnd	RDBECOLIPMC03618	gndp	2101324		sigma70	RDBECOLITFC00093,RDBECOLITFC00128,RDBECOLITFC00077	Fur,FNR,GadE	b2029	2101268	2099862		Ecocyc:TU0-5101 
RDBECOLITUC02356	fusA-tufA	RDBECOLIOPC02625	rpsLG-fusA-tufA	RDBECOLIGNC01024,RDBECOLIGNC00353	tufA;fusA	RDBECOLIPMC02792	fusAp	3473685		sigma24			b3339;b3340	3473514	3470145		Ecocyc:TU0-5121 
RDBECOLITUC02357	ulaABCDEF	RDBECOLIOPC00087	ulaABCDEF	RDBECOLIGNC04600,RDBECOLIGNC04599,RDBECOLIGNC04598,RDBECOLIGNC02305,RDBECOLIGNC02304,RDBECOLIGNC04597	ulaF;ulaE;ulaD;ulaC;ulaB;ulaA	RDBECOLIPMC02793	ulaAp	4419927		sigma70	RDBECOLITFC00189,RDBECOLITFC00211,RDBECOLITFC00188,RDBECOLITFC00188	CRP,IHF,UlaR,UlaR	b4198;b4197;b4196;b4195;b4194;b4193	4419980	4424386		Ecocyc:TU0-5162 
RDBECOLITUC02358	ulaG	RDBECOLIOPC01490	ulaG	RDBECOLIGNC04596	ulaG	RDBECOLIPMC02794	ulaGp	4419675			RDBECOLITFC00211,RDBECOLITFC00188,RDBECOLITFC00188	IHF,UlaR,UlaR	b4192	4419625	4418561		Ecocyc:TU0-5163 
RDBECOLITUC02359	pdxB-usg-truA-dedA	RDBECOLIOPC02299	pdxB-usg-truA-dedA	RDBECOLIGNC00210,RDBECOLIGNC00447,RDBECOLIGNC01047,RDBECOLIGNC02926	dedA;truA;usg;pdxB	RDBECOLIPMC03621	pdxBp	2437884					b2317;b2318;b2319;b2320	2437851	2434082		Ecocyc:TU0-5182 
RDBECOLITUC02360	usg-truA-dedA	RDBECOLIOPC02299	pdxB-usg-truA-dedA	RDBECOLIGNC00210,RDBECOLIGNC00447,RDBECOLIGNC01047	dedA;truA;usg	RDBECOLIPMC02795	usgp	2436890					b2317;b2318;b2319	2436649	2434082		Ecocyc:TU0-5183 
RDBECOLITUC02361	flk	RDBECOLIOPC01171	flk	RDBECOLIGNC00223	flk	RDBECOLIPMC03622	flKp	2437912					b2321	2437950	2438945		Ecocyc:TU0-5184 
RDBECOLITUC02362	rsmA-apaGH	RDBECOLIOPC03579	surA-pdxA-rsmA-apaGH	RDBECOLIGNC00044,RDBECOLIGNC00043,RDBECOLIGNC00515	apaH;apaG;rsmA	RDBECOLIPMC02796	rsmAp	52588					b0049;b0050;b0051	52430	50380		Ecocyc:TU0-5186 
RDBECOLITUC02363	pdxA-rsmA-apaGH	RDBECOLIOPC03579	surA-pdxA-rsmA-apaGH	RDBECOLIGNC00044,RDBECOLIGNC00043,RDBECOLIGNC00515,RDBECOLIGNC00683	apaH;apaG;rsmA;pdxA	RDBECOLIPMC02797	pdxAp				RDBECOLITFC00053	Fis	b0049;b0050;b0051;b0052	53416	50380		Ecocyc:TU0-5201 
RDBECOLITUC02364	apaGH	RDBECOLIOPC03579	surA-pdxA-rsmA-apaGH	RDBECOLIGNC00044,RDBECOLIGNC00043	apaH;apaG	RDBECOLIPMC02798	apaGp	52034					b0049;b0050	51606	50380		Ecocyc:TU0-5202 
RDBECOLITUC02365	pdxA-rsmA	RDBECOLIOPC03579	surA-pdxA-rsmA-apaGH	RDBECOLIGNC00515,RDBECOLIGNC00683	rsmA;pdxA	RDBECOLIPMC02797	pdxAp				RDBECOLITFC00053	Fis	b0051;b0052	53416	51609		Ecocyc:TU0-5221 
RDBECOLITUC02366	ccmABCDEFGH	RDBECOLIOPC01540	napFDAGHBC-ccmABCDEFGH	RDBECOLIGNC01961,RDBECOLIGNC01962,RDBECOLIGNC01963,RDBECOLIGNC01964,RDBECOLIGNC02060,RDBECOLIGNC01965,RDBECOLIGNC01966,RDBECOLIGNC01967	ccmH;ccmG;ccmF;ccmE;ccmD;ccmC;ccmB;ccmA	RDBECOLIPMC02799	ccmAp			sigma70			b2194;b2195;b2196;b2197;b2198;b2199;b2200;b2201	2297644	2291358		Ecocyc:TU0-5261 
RDBECOLITUC02367	fadIJ	RDBECOLIOPC00622	fadIJ	RDBECOLIGNC04042,RDBECOLIGNC04043	fadJ;fadI	RDBECOLIPMC02800	fadIp	2460511		sigma70	RDBECOLITFC00098,RDBECOLITFC00126	ArcA,FadR	b2341;b2342	2460469	2457015		Ecocyc:TU0-5321 
RDBECOLITUC02368	ydiQRST-fadK	RDBECOLIOPC02222	ydiQRST-fadK	RDBECOLIGNC02220,RDBECOLIGNC03775,RDBECOLIGNC03774,RDBECOLIGNC03773,RDBECOLIGNC03772	fadK;ydiT;ydiS;ydiR;ydiQ								b1701;b1700;b1699;b1698;b1697	1779617	1784677		Ecocyc:TU0-5322 
RDBECOLITUC02369	osmF-yehYXW	RDBECOLIOPC01212	osmF-yehYXW	RDBECOLIGNC01925,RDBECOLIGNC01926,RDBECOLIGNC01927,RDBECOLIGNC01928	yehW;yehX;yehY;osmF	RDBECOLIPMC02801	osmFp1	2219523		sigma38			b2128;b2129;b2130;b2131	2219481	2215745		Ecocyc:TU0-5341 
RDBECOLITUC02370	malZ	RDBECOLIOPC00347	malZ	RDBECOLIGNC00557	malZ	RDBECOLIPMC02802	malZp	422495	RDBECOLITMC00278,RDBECOLITMC00279		RDBECOLITFC00163,RDBECOLITFC00163,RDBECOLITFC00163	MalT,MalT,MalT	b0403	422518	424332	424486-424508;424530-424553	Ecocyc:TU0-5402 
RDBECOLITUC02371	aes	RDBECOLIOPC01836	aes	RDBECOLIGNC01088	aes	RDBECOLIPMC02803	aesp	500051	RDBECOLITMC00273				b0476	499973	499014	498945-498980	Ecocyc:TU0-5421 
RDBECOLITUC02372	ynfEFGH-dmsD	RDBECOLIOPC02615	ynfEFGH-dmsD	RDBECOLIGNC03702,RDBECOLIGNC03701,RDBECOLIGNC03700,RDBECOLIGNC03699,RDBECOLIGNC03698	dmsD;ynfH;ynfG;ynfF;ynfE	RDBECOLIPMC02804	ynfEp	1658003		sigma70	RDBECOLITFC00009,RDBECOLITFC00009,RDBECOLITFC00128	NarL,NarL,FNR	b1591;b1590;b1589;b1588;b1587	1658069	1665120		Ecocyc:TU0-5481 
RDBECOLITUC02373	argG	RDBECOLIOPC00077	argG	RDBECOLIGNC00064	argG	RDBECOLIPMC02805	argGp	3318562		sigma70	RDBECOLITFC00189,RDBECOLITFC00109,RDBECOLITFC00109,RDBECOLITFC00109	CRP,ArgR,ArgR,ArgR	b3172	3318637	3319980		Ecocyc:TU0-5501 
RDBECOLITUC02374	yicR-rpmBG-mutM	RDBECOLIOPC02281	yicR-rpmBG-mutM	RDBECOLIGNC00323,RDBECOLIGNC00881,RDBECOLIGNC00876,RDBECOLIGNC01282	mutM;rpmG;rpmB;yicR	RDBECOLIPMC02806	yicRp	3812577					b3635;b3636;b3637;b3638	3812559	3810343		Ecocyc:TU0-5522 
RDBECOLITUC02375	mutM	RDBECOLIOPC02281	yicR-rpmBG-mutM	RDBECOLIGNC00323	mutM	RDBECOLIPMC02807	mutMp	3811175		sigma32			b3635	3811152	3810343		Ecocyc:TU0-5523 
RDBECOLITUC02376	rpmBG-mutM	RDBECOLIOPC02281	yicR-rpmBG-mutM	RDBECOLIGNC00323,RDBECOLIGNC00881,RDBECOLIGNC00876	mutM;rpmG;rpmB	RDBECOLIPMC03959	rpmBp	3811995			RDBECOLITFC00039	DksA	b3635;b3636;b3637	3811674	3810343		Ecocyc:TU0-5543 
RDBECOLITUC02377	mutY-yggX-mltC-nupG	RDBECOLIOPC01881	mutY-yggX-mltC-nupG	RDBECOLIGNC00656,RDBECOLIGNC04342,RDBECOLIGNC04341,RDBECOLIGNC00619	nupG;mltC;yggX;mutY	RDBECOLIPMC02808	mutYp1	3102988					b2964;b2963;b2962;b2961	3103013	3106970		Ecocyc:TU0-5561 
RDBECOLITUC02378	mutY-yggX-mltC-nupG	RDBECOLIOPC01881	mutY-yggX-mltC-nupG	RDBECOLIGNC00656,RDBECOLIGNC04342,RDBECOLIGNC04341,RDBECOLIGNC00619	nupG;mltC;yggX;mutY	RDBECOLIPMC02809	mutYp2	3102911					b2964;b2963;b2962;b2961	3103013	3106970		Ecocyc:TU0-5562 
RDBECOLITUC02379	yggX-mltC-nupG	RDBECOLIOPC01881	mutY-yggX-mltC-nupG	RDBECOLIGNC00656,RDBECOLIGNC04342,RDBECOLIGNC04341	nupG;mltC;yggX	RDBECOLIPMC02810	yggXp	3103993					b2964;b2963;b2962	3104093	3106970		Ecocyc:TU0-5564 
RDBECOLITUC02380	mutY-yggX	RDBECOLIOPC01881	mutY-yggX-mltC-nupG	RDBECOLIGNC04341,RDBECOLIGNC00619	yggX;mutY	RDBECOLIPMC02808	mutYp1	3102988					b2962;b2961	3103013	3104368		Ecocyc:TU0-5567 
RDBECOLITUC02381	mutY-yggX-mltC	RDBECOLIOPC01881	mutY-yggX-mltC-nupG	RDBECOLIGNC04342,RDBECOLIGNC04341,RDBECOLIGNC00619	mltC;yggX;mutY	RDBECOLIPMC02808	mutYp1	3102988					b2963;b2962;b2961	3103013	3105512		Ecocyc:TU0-5568 
RDBECOLITUC02382	yggX	RDBECOLIOPC01881	mutY-yggX-mltC-nupG	RDBECOLIGNC04341	yggX	RDBECOLIPMC02810	yggXp	3103993					b2962	3104093	3104368		Ecocyc:TU0-5569 
RDBECOLITUC02383	yggX-mltC	RDBECOLIOPC01881	mutY-yggX-mltC-nupG	RDBECOLIGNC04342,RDBECOLIGNC04341	mltC;yggX	RDBECOLIPMC02810	yggXp	3103993					b2963;b2962	3104093	3105512		Ecocyc:TU0-5581 
RDBECOLITUC02384	yicR-rpmBG	RDBECOLIOPC02281	yicR-rpmBG-mutM	RDBECOLIGNC00881,RDBECOLIGNC00876,RDBECOLIGNC01282	rpmG;rpmB;yicR	RDBECOLIPMC02806	yicRp	3812577	RDBECOLITMC00362				b3636;b3637;b3638	3812559	3811250	3811209-3811225	Ecocyc:TU0-5601 
RDBECOLITUC02385	arcB	RDBECOLIOPC01201	arcB	RDBECOLIGNC00058	arcB	RDBECOLIPMC00161	arcBp	3353049					b3210	3353025	3350689		Ecocyc:TU0-5621 
RDBECOLITUC02386	mcrBC	RDBECOLIOPC00336	mcrBC	RDBECOLIGNC00567,RDBECOLIGNC00566	mcrC;mcrB								b4345;b4346	4579337	4576912		Ecocyc:TU0-5661 
RDBECOLITUC02387	gadEF-mdtEF	RDBECOLIOPC03599	gadEF-mdtEF	RDBECOLIGNC02758,RDBECOLIGNC02119,RDBECOLIGNC02118,RDBECOLIGNC01497	gadF;mdtF;mdtE;gadE	RDBECOLIPMC02812	gadEp2	3658345		sigma38	RDBECOLITFC00020,RDBECOLITFC00187,RDBECOLITFC00023,RDBECOLITFC00013,RDBECOLITFC00141,RDBECOLITFC00181,RDBECOLITFC00077,RDBECOLITFC00077,RDBECOLITFC00077,RDBECOLITFC00189,RDBECOLITFC00023,RDBECOLITFC00187	H-NS,GadX,GadW,FliZ,YdeO,EvgA,GadE,GadE,GadE,CRP,GadW,GadX	b4718;b3514;b3513;b3512	3658366	3663527		Ecocyc:TU0-5682 
RDBECOLITUC02388	pspG	RDBECOLIOPC00843	pspG	RDBECOLIGNC02772,RDBECOLIGNC01858	pspH;pspG	RDBECOLIPMC02814	pspGp	4262816		sigma54	RDBECOLITFC00211,RDBECOLITFC00110	IHF,PspF	b4758;b4050	4262840	4263249		Ecocyc:TU0-5741 
RDBECOLITUC02389	gadY	RDBECOLIOPC00064	gadY	RDBECOLIGNC02913	gadY	RDBECOLIPMC02815	gadYp	3664864	RDBECOLITMC00274	sigma38	RDBECOLITFC00187,RDBECOLITFC00023,RDBECOLITFC00042,RDBECOLITFC00021,RDBECOLITFC00187,RDBECOLITFC00023	GadX,GadW,RcsB,SdiA,GadX,GadW	b4452	3664864	3664969	3664943-3664961	Ecocyc:TU0-5761 
RDBECOLITUC02390	mutY-yggX	RDBECOLIOPC01881	mutY-yggX-mltC-nupG	RDBECOLIGNC04341,RDBECOLIGNC00619	yggX;mutY	RDBECOLIPMC02809	mutYp2	3102911					b2962;b2961	3103013	3104368		Ecocyc:TU0-5781 
RDBECOLITUC02391	mutY-yggX-mltC	RDBECOLIOPC01881	mutY-yggX-mltC-nupG	RDBECOLIGNC04342,RDBECOLIGNC04341,RDBECOLIGNC00619	mltC;yggX;mutY	RDBECOLIPMC02809	mutYp2	3102911					b2963;b2962;b2961	3103013	3105512		Ecocyc:TU0-5782 
RDBECOLITUC02392	menBCE	RDBECOLIOPC03227	menFD-yfbB-menBCE	RDBECOLIGNC02286,RDBECOLIGNC01485,RDBECOLIGNC01335	menE;menC;menB								b2260;b2261;b2262	2376819	2373648		Ecocyc:TU0-5843 
RDBECOLITUC02393	ubiEJB	RDBECOLIOPC01143	ubiEJB	RDBECOLIGNC01436,RDBECOLIGNC01435,RDBECOLIGNC01434	ubiB;ubiJ;ubiE								b3835;b3834;b3833	4018855	4021866		Ecocyc:TU0-5881 
RDBECOLITUC02394	glnAZ	RDBECOLIOPC03321	glnAZLG	RDBECOLIGNC04740,RDBECOLIGNC00376	glnZ;glnA	RDBECOLIPMC03346	glnAp1	4058222	RDBECOLITMC00209,RDBECOLITMC00275	sigma70	RDBECOLITFC00189,RDBECOLITFC00153,RDBECOLITFC00153,RDBECOLITFC00153,RDBECOLITFC00153,RDBECOLITFC00153	CRP,NtrC,NtrC,NtrC,NtrC,NtrC	b4836;b3870	4058034	4056428	4056418-4056472;4055990-4056009	Ecocyc:TU0-5901 
RDBECOLITUC02395	glnAZ	RDBECOLIOPC03321	glnAZLG	RDBECOLIGNC04740,RDBECOLIGNC00376	glnZ;glnA	RDBECOLIPMC03538	glnAp2	4058107	RDBECOLITMC00209,RDBECOLITMC00275	sigma54	RDBECOLITFC00153,RDBECOLITFC00153,RDBECOLITFC00153,RDBECOLITFC00153,RDBECOLITFC00053,RDBECOLITFC00153,RDBECOLITFC00189,RDBECOLITFC00189	NtrC,NtrC,NtrC,NtrC,Fis,NtrC,CRP,CRP	b4836;b3870	4058034	4056428	4056418-4056472;4055990-4056009	Ecocyc:TU0-5903 
RDBECOLITUC02396	cytR	RDBECOLIOPC00889	cytR	RDBECOLIGNC00194	cytR	RDBECOLIPMC03695	cytRp	4124509		sigma70	RDBECOLITFC00114,RDBECOLITFC00114,RDBECOLITFC00114,RDBECOLITFC00189,RDBECOLITFC00189	CytR,CytR,CytR,CRP,CRP	b3934	4124456	4123431		Ecocyc:TU0-5961 
RDBECOLITUC02397	serC	RDBECOLIOPC03150	serC-aroA	RDBECOLIGNC00934	serC	RDBECOLIPMC04028	serCp1	957595		sigma70	RDBECOLITFC00014,RDBECOLITFC00189	Lrp,CRP	b0907	957653	958741		Ecocyc:TU0-5964 
RDBECOLITUC02398	ugpBAECQ	RDBECOLIOPC01511	ugpBAECQ	RDBECOLIGNC01038,RDBECOLIGNC01036,RDBECOLIGNC01037,RDBECOLIGNC01034,RDBECOLIGNC01035	ugpQ;ugpC;ugpE;ugpA;ugpB	RDBECOLIPMC03661	ugpBp1	3592378		sigma70	RDBECOLITFC00202,RDBECOLITFC00202	PhoB,PhoB	b3449;b3450;b3451;b3452;b3453	3592325	3587370		Ecocyc:TU0-5981 
RDBECOLITUC02399	ugpBAECQ	RDBECOLIOPC01511	ugpBAECQ	RDBECOLIGNC01038,RDBECOLIGNC01036,RDBECOLIGNC01037,RDBECOLIGNC01034,RDBECOLIGNC01035	ugpQ;ugpC;ugpE;ugpA;ugpB	RDBECOLIPMC03662	ugpBp2	3592426		sigma70	RDBECOLITFC00202,RDBECOLITFC00189,RDBECOLITFC00202,RDBECOLITFC00202	PhoB,CRP,PhoB,PhoB	b3449;b3450;b3451;b3452;b3453	3592325	3587370		Ecocyc:TU0-5982 
RDBECOLITUC02400	plsX-fabHDG	RDBECOLIOPC03600	rpmF-plsX-fabHDG	RDBECOLIGNC01288,RDBECOLIGNC01287,RDBECOLIGNC00271,RDBECOLIGNC01400	fabG;fabD;fabH;plsX	RDBECOLIPMC02503	plsXp	1147577		sigma70			b1093;b1092;b1091;b1090	1147621	1151404		Ecocyc:TU0-5 
RDBECOLITUC02401	yidQ	RDBECOLIOPC01188	yidQ	RDBECOLIGNC01653	yidQ	RDBECOLIPMC00650	yidQp	3867544		sigma24	RDBECOLITFC00170,RDBECOLITFC00170,RDBECOLITFC00170	CpxR,CpxR,CpxR	b3688	3867728	3868060		Ecocyc:TU0-6003 
RDBECOLITUC02402	aspA-dcuA	RDBECOLIOPC02897	aspA-dcuA	RDBECOLIGNC01202,RDBECOLIGNC00091	dcuA;aspA	RDBECOLIPMC03479	aspAp	4368432		sigma70	RDBECOLITFC00025,RDBECOLITFC00025,RDBECOLITFC00189,RDBECOLITFC00128,RDBECOLITFC00009,RDBECOLITFC00009,RDBECOLITFC00009	DcuR,DcuR,CRP,FNR,NarL,NarL,NarL	b4138;b4139	4368327	4365472		Ecocyc:TU0-6021 
RDBECOLITUC02403	entS	RDBECOLIOPC02654	entS	RDBECOLIGNC01091	entS	RDBECOLIPMC00594	entSp1	622258		sigma70	RDBECOLITFC00093,RDBECOLITFC00093,RDBECOLITFC00093,RDBECOLITFC00093,RDBECOLITFC00093,RDBECOLITFC00093,RDBECOLITFC00093,RDBECOLITFC00093	Fur,Fur,Fur,Fur,Fur,Fur,Fur,Fur	b0591	622300	623550		Ecocyc:TU0-6042 
RDBECOLITUC02404	entS	RDBECOLIOPC02654	entS	RDBECOLIGNC01091	entS	RDBECOLIPMC00595	entSp2	622253		sigma70			b0591	622300	623550		Ecocyc:TU0-6043 
RDBECOLITUC02405	gcvB	RDBECOLIOPC00055	gcvB	RDBECOLIGNC02870	gcvB	RDBECOLIPMC02817	gcvBp	2942696		sigma70	RDBECOLITFC00146,RDBECOLITFC00146	GcvA,GcvA	b4443	2942696	2942901		Ecocyc:TU0-6184 
RDBECOLITUC02406	metY-yhbC-nusA-infB-rbfA-truB-rpsO-pnp	RDBECOLIOPC03608	metY-yhbC-nusA-infB-rbfA-truB-rpsO-pnp	RDBECOLIGNC00733,RDBECOLIGNC00904,RDBECOLIGNC01158,RDBECOLIGNC01159,RDBECOLIGNC00497,RDBECOLIGNC00657,RDBECOLIGNC01160,RDBECOLIGNC02498	pnp;rpsO;truB;rbfA;infB;nusA;rimP;metY	RDBECOLIPMC03653	metYp1	3318297	RDBECOLITMC00363	sigma70	RDBECOLITFC00053	Fis	b3164;b3165;b3166;b3167;b3168;b3169;b3170;b3171	3318289	3309033	3308999-3309021	Ecocyc:TU0-6223 
RDBECOLITUC02407	tisB	RDBECOLIOPC00542	tisB	RDBECOLIGNC02947	tisB	RDBECOLIPMC02818	tisBp	3853337	RDBECOLITMC00075		RDBECOLITFC00214	LexA	b4618	3853553	3853642	3853662-3853689	Ecocyc:TU0-6241 
RDBECOLITUC02408	btuB-murI	RDBECOLIOPC02245	btuB-murI	RDBECOLIGNC01183,RDBECOLIGNC00122	murI;btuB	RDBECOLIPMC03703	btuBp	4163399		sigma70	RDBECOLITFC00187,RDBECOLITFC00187,RDBECOLITFC00187	GadX,GadX,GadX	b3967;b3966	4163639	4166285		Ecocyc:TU0-6281 
RDBECOLITUC02409	dinG-ybiB	RDBECOLIOPC02774	dinG-ybiB	RDBECOLIGNC01531,RDBECOLIGNC01325	ybiB;dinG	RDBECOLIPMC02819	dinGp	833073		sigma70	RDBECOLITFC00214	LexA	b0800;b0799	833070	836210		Ecocyc:TU0-6301 
RDBECOLITUC02410	dolP	RDBECOLIOPC03093	dolP	RDBECOLIGNC04441	dolP	RDBECOLIPMC00639	dolPp1	3296349		sigma24			b3150	3296409	3296984		Ecocyc:TU0-6361 
RDBECOLITUC02411	ytfJ	RDBECOLIOPC01850	ytfJ	RDBECOLIGNC04611	ytfJ	RDBECOLIPMC00721	ytfJp	4439286		sigma24			b4216	4439262	4438708		Ecocyc:TU0-6362 
RDBECOLITUC02412	ybhK	RDBECOLIOPC00873	ybhK	RDBECOLIGNC03271	ybhK								b0780	816647	815739		Ecocyc:TU0-6363 
RDBECOLITUC02413	folA	RDBECOLIOPC00006	folA	RDBECOLIGNC00320	folA	RDBECOLIPMC03546	folAp	49799		sigma70	RDBECOLITFC00078,RDBECOLITFC00078,RDBECOLITFC00211	TyrR,TyrR,IHF	b0048	49823	50302		Ecocyc:TU0-6401 
RDBECOLITUC02414	dapB	RDBECOLIOPC01493	dapB	RDBECOLIGNC00200	dapB	RDBECOLIPMC03544	dapBp1	28343	RDBECOLITMC00037	sigma70	RDBECOLITFC00076,RDBECOLITFC00076	ArgP,ArgP	b0031	28374	29195	29248-29272	Ecocyc:TU0-6403 
RDBECOLITUC02415	lysP	RDBECOLIOPC00580	lysP	RDBECOLIGNC01307	lysP	RDBECOLIPMC03950	lysPp	2248560		sigma70	RDBECOLITFC00076,RDBECOLITFC00014,RDBECOLITFC00076	ArgP,Lrp,ArgP	b2156	2248532	2247063		Ecocyc:TU0-6404 
RDBECOLITUC02416	valS	RDBECOLIOPC03585	holC-valS	RDBECOLIGNC01055	valS	RDBECOLIPMC03714	valSp1	4483927	RDBECOLITMC00370	sigma70			b4258	4483837	4480982	4480932-4480957	Ecocyc:TU0-6405 
RDBECOLITUC02417	pyrF-yciH	RDBECOLIOPC02036	yciSM-pyrF-yciH	RDBECOLIGNC01111,RDBECOLIGNC00799	yciH;pyrF	RDBECOLIPMC03594	pyrFp	1341870		sigma70			b1282;b1281	1341921	1342984		Ecocyc:TU0-6407 
RDBECOLITUC02418	pfkB	RDBECOLIOPC02387	pfkB	RDBECOLIGNC00691	pfkB	RDBECOLIPMC03602	pfkBp1	1806351		sigma38			b1723	1806370	1807299		Ecocyc:TU0-6408 
RDBECOLITUC02419	gltX	RDBECOLIOPC02714	gltX	RDBECOLIGNC00400	gltX	RDBECOLIPMC03942	gltXp3	2520730	RDBECOLITMC00171	sigma70	RDBECOLITFC00053,RDBECOLITFC00053,RDBECOLITFC00053	Fis,Fis,Fis	b2400	2520672	2519257	2519208-2519242	Ecocyc:TU0-6409 
RDBECOLITUC02420	amn	RDBECOLIOPC00818	amn	RDBECOLIGNC00035	amn	RDBECOLIPMC03615	amnp1	2055031			RDBECOLITFC00202	PhoB	b1982	2055061	2056515		Ecocyc:TU0-6422 
RDBECOLITUC02421	rimL	RDBECOLIOPC00046	rimL	RDBECOLIGNC00843	rimL	RDBECOLIPMC03595	rimLp	1498743					b1427	1498938	1499477		Ecocyc:TU0-6423 
RDBECOLITUC02422	manA	RDBECOLIOPC01434	manA	RDBECOLIGNC00558	manA	RDBECOLIPMC03596	manAp	1688551		sigma70	RDBECOLITFC00189,RDBECOLITFC00189,RDBECOLITFC00189	CRP,CRP,CRP	b1613	1688576	1689751		Ecocyc:TU0-6425 
RDBECOLITUC02423	pyrG-eno	RDBECOLIOPC03252	pyrG-eno	RDBECOLIGNC00252,RDBECOLIGNC00800	eno;pyrG	RDBECOLIPMC03641	pyrGp1	2909797					b2779;b2780	2909666	2906643		Ecocyc:TU0-6428 
RDBECOLITUC02424	alaS	RDBECOLIOPC02225	alaS	RDBECOLIGNC00031	alaS	RDBECOLIPMC03639	alaSp	2822090			RDBECOLITFC00155	AlaS	b2697	2822011	2819381		Ecocyc:TU0-6441 
RDBECOLITUC02425	pepD	RDBECOLIOPC01561	pepD	RDBECOLIGNC00686	pepD	RDBECOLIPMC03559	pepDp2	255776					b0237	255716	254259		Ecocyc:TU0-6442 
RDBECOLITUC02426	dapD	RDBECOLIOPC03044	map-glnD-dapD	RDBECOLIGNC00201	dapD	RDBECOLIPMC03554	dapDp	185977	RDBECOLITMC00036	sigma70	RDBECOLITFC00076	ArgP	b0166	185947	185123	185090-185111	Ecocyc:TU0-6443 
RDBECOLITUC02427	pgi	RDBECOLIOPC03076	pgi	RDBECOLIGNC00693	pgi	RDBECOLIPMC03911	pgip	4233722		sigma70	RDBECOLITFC00201	SoxS	b4025	4233758	4235407		Ecocyc:TU0-6444 
RDBECOLITUC02428	adk	RDBECOLIOPC00858	adk	RDBECOLIGNC00029	adk	RDBECOLIPMC03568	adkp	497139					b0474	497175	497819		Ecocyc:TU0-6481 
RDBECOLITUC02429	aspC	RDBECOLIOPC02588	aspC	RDBECOLIGNC00092	aspC	RDBECOLIPMC03581	aspCp	985743			RDBECOLITFC00093,RDBECOLITFC00128,RDBECOLITFC00128	Fur,FNR,FNR	b0928	985709	984519		Ecocyc:TU0-6482 
RDBECOLITUC02430	bcp	RDBECOLIOPC01478	bcp	RDBECOLIGNC00104	bcp	RDBECOLIPMC03936	bcpp	2600437		sigma70			b2480	2600478	2600948		Ecocyc:TU0-6483 
RDBECOLITUC02431	blc	RDBECOLIOPC00569	blc	RDBECOLIGNC04578	blc	RDBECOLIPMC03980	blcp	4377745		sigma38			b4149	4377722	4377189		Ecocyc:TU0-6484 
RDBECOLITUC02432	cdh	RDBECOLIOPC02151	cdh	RDBECOLIGNC00134	cdh	RDBECOLIPMC03693	cdhp	4109907	RDBECOLITMC00081				b3918	4109930	4110685	4110708-4110730	Ecocyc:TU0-6485 
RDBECOLITUC02433	cspD	RDBECOLIOPC01157	cspD	RDBECOLIGNC01096	cspD	RDBECOLIPMC03802	cspDp	922676		sigma70	RDBECOLITFC00016,RDBECOLITFC00016,RDBECOLITFC00189,RDBECOLITFC00189,RDBECOLITFC00020	MqsA,MqsA,CRP,CRP,H-NS	b0880	922590	922366		Ecocyc:TU0-6486 
RDBECOLITUC02434	cysE	RDBECOLIOPC00300	cysE	RDBECOLIGNC00182	cysE	RDBECOLIPMC03666	cysEp	3782681			RDBECOLITFC00103	SutR	b3607	3782562	3781741		Ecocyc:TU0-6501 
RDBECOLITUC02435	gcvR	RDBECOLIOPC02610	gcvR	RDBECOLIGNC01131	gcvR	RDBECOLIPMC03939	gcvRp1	2599879		sigma70			b2479	2599906	2600478		Ecocyc:TU0-6503 
RDBECOLITUC02436	glnS	RDBECOLIOPC02753	glnS	RDBECOLIGNC00383	glnS	RDBECOLIPMC03572	glnSp1	706060	RDBECOLITMC00296				b0680	706093	707757	707954-707978	Ecocyc:TU0-6504 
RDBECOLITUC02437	hemN	RDBECOLIOPC00039	hemN	RDBECOLIGNC01764	hemN	RDBECOLIPMC03946	hemNp	4051943		sigma70			b3867	4052045	4053418		Ecocyc:TU0-6505 
RDBECOLITUC02438	hisS	RDBECOLIOPC01422	hisS	RDBECOLIGNC00446	hisS	RDBECOLIPMC03629	hisSp	2640642		sigma70			b2514	2640575	2639301		Ecocyc:TU0-6506 
RDBECOLITUC02439	katE	RDBECOLIOPC00519	katE	RDBECOLIGNC00501	katE	RDBECOLIPMC03603	katEp	1813814	RDBECOLITMC00295	sigma38	RDBECOLITFC00053,RDBECOLITFC00093	Fis,Fur	b1732	1813867	1816128	1816258-1816282	Ecocyc:TU0-6507 
RDBECOLITUC02440	lacI	RDBECOLIOPC03450	mhpR-lacI	RDBECOLIGNC00517	lacI	RDBECOLIPMC03561	lacIp	367538					b0345	367510	366428		Ecocyc:TU0-6508 
RDBECOLITUC02441	lpp	RDBECOLIOPC01101	lpp	RDBECOLIGNC00536	lpp	RDBECOLIPMC03598	lpp	1757383					b1677	1757421	1757657		Ecocyc:TU0-6509 
RDBECOLITUC02442	ppc	RDBECOLIOPC00252	ppc	RDBECOLIGNC00746	ppc	RDBECOLIPMC03700	ppcp	4153190			RDBECOLITFC00057	Cra	b3956	4153098	4150447		Ecocyc:TU0-6510 
RDBECOLITUC02443	rep	RDBECOLIOPC01822	rep	RDBECOLIGNC00827	rep	RDBECOLIPMC03687	repp	3960647		sigma70			b3778	3960677	3962698		Ecocyc:TU0-6511 
RDBECOLITUC02444	rplKAJL-rpoBC	RDBECOLIOPC03019	rplKAJL-rpoBC	RDBECOLIGNC00885,RDBECOLIGNC00884,RDBECOLIGNC00863,RDBECOLIGNC00861,RDBECOLIGNC00854,RDBECOLIGNC00862	rpoC;rpoB;rplL;rplJ;rplA;rplK	RDBECOLIPMC03704	rplKp	4178354	RDBECOLITMC00360		RDBECOLITFC00039	DksA	b3988;b3987;b3986;b3985;b3984;b3983	4178447	4189573	4189599-4189613	Ecocyc:TU0-6512 
RDBECOLITUC02445	sbcB	RDBECOLIOPC02568	sbcB	RDBECOLIGNC00914	sbcB	RDBECOLIPMC03616	sbcBp	2082728					b2011	2082756	2084183		Ecocyc:TU0-6513 
RDBECOLITUC02446	serB-radA	RDBECOLIOPC02902	radA-nadR	RDBECOLIGNC01268,RDBECOLIGNC00933	radA;serB	RDBECOLIPMC03717	serBp	4624856					b4389;b4388	4624895	4627294		Ecocyc:TU0-6514 
RDBECOLITUC02447	ung	RDBECOLIOPC00556	ung	RDBECOLIGNC01046	ung	RDBECOLIPMC03632	ungp	2716738			RDBECOLITFC00170	CpxR	b2580	2716754	2717443		Ecocyc:TU0-6515 
RDBECOLITUC02448	gltX	RDBECOLIOPC02714	gltX	RDBECOLIGNC00400	gltX	RDBECOLIPMC03941	gltXp2	2520776	RDBECOLITMC00171	sigma70			b2400	2520672	2519257	2519208-2519242	Ecocyc:TU0-6550 
RDBECOLITUC02449	gltX	RDBECOLIOPC02714	gltX	RDBECOLIGNC00400	gltX	RDBECOLIPMC03940	gltXp1	2520784	RDBECOLITMC00171	sigma70			b2400	2520672	2519257	2519208-2519242	Ecocyc:TU0-6551 
RDBECOLITUC02450	lysC	RDBECOLIOPC01761	lysC	RDBECOLIGNC00542	lysC	RDBECOLIPMC03910	lysCp1	4233539	RDBECOLITMC00374	sigma70	RDBECOLITFC00076	ArgP	b4024	4233233	4231884	4233239-4233277	Ecocyc:TU0-6552 
RDBECOLITUC02451	lysC	RDBECOLIOPC01761	lysC	RDBECOLIGNC00542	lysC	RDBECOLIPMC03909	lysCp2	4233616	RDBECOLITMC00374	sigma70			b4024	4233233	4231884	4233239-4233277	Ecocyc:TU0-6553 
RDBECOLITUC02452	pabA	RDBECOLIOPC01714	yhfG-fic-pabA	RDBECOLIGNC00674	pabA	RDBECOLIPMC03659	pabAp	3490851		sigma70			b3360	3490829	3490266		Ecocyc:TU0-6554 
RDBECOLITUC02453	pepD	RDBECOLIOPC01561	pepD	RDBECOLIGNC00686	pepD	RDBECOLIPMC03560	pepDp1	255809					b0237	255716	254259		Ecocyc:TU0-6556 
RDBECOLITUC02454	pyrG-eno	RDBECOLIOPC03252	pyrG-eno	RDBECOLIGNC00252,RDBECOLIGNC00800	eno;pyrG	RDBECOLIPMC03640	pyrGp2	2909717					b2779;b2780	2909666	2906643		Ecocyc:TU0-6557 
RDBECOLITUC02455	uvrC	RDBECOLIOPC02149	uvrYC	RDBECOLIGNC01051	uvrC	RDBECOLIPMC03613	uvrCp3	1994879		sigma70	RDBECOLITFC00214	LexA	b1913	1994706	1992874		Ecocyc:TU0-6559 
RDBECOLITUC02456	proS	RDBECOLIOPC02188	proS	RDBECOLIGNC00760	proS	RDBECOLIPMC03555	proSp	218837	RDBECOLITMC00021	sigma70			b0194	218775	217057	217020-217051	Ecocyc:TU0-6562 
RDBECOLITUC02457	ssb	RDBECOLIOPC02230	ssb	RDBECOLIGNC00964	ssb	RDBECOLIPMC03707	ssbp2	4274080		sigma70	RDBECOLITFC00098,RDBECOLITFC00098,RDBECOLITFC00098,RDBECOLITFC00098	ArcA,ArcA,ArcA,ArcA	b4059	4274125	4274661		Ecocyc:TU0-6563 
RDBECOLITUC02458	ssb	RDBECOLIOPC02230	ssb	RDBECOLIGNC00964	ssb	RDBECOLIPMC03708	ssbp1	4274092		sigma70	RDBECOLITFC00098,RDBECOLITFC00098,RDBECOLITFC00098,RDBECOLITFC00098	ArcA,ArcA,ArcA,ArcA	b4059	4274125	4274661		Ecocyc:TU0-6564 
RDBECOLITUC02459	ansB	RDBECOLIOPC01804	ansB	RDBECOLIGNC00042	ansB	RDBECOLIPMC03645	ansBp1	3100790	RDBECOLITMC00080		RDBECOLITFC00053,RDBECOLITFC00053	Fis,Fis	b2957	3100728	3099682	3099654-3099674	Ecocyc:TU0-6569 
RDBECOLITUC02460	kbaZ-agaVWA	RDBECOLIOPC00831	kbaZ-agaVWA	RDBECOLIGNC02375,RDBECOLIGNC04430,RDBECOLIGNC04429,RDBECOLIGNC04428	agaA;agaW;agaV;kbaZ	RDBECOLIPMC02820	kbaZp	3278866		sigma70	RDBECOLITFC00189,RDBECOLITFC00005,RDBECOLITFC00005,RDBECOLITFC00005	CRP,AgaR,AgaR,AgaR	b3135;b3134;b3133;b3132	3278914	3281625		Ecocyc:TU0-6581 
RDBECOLITUC02461	agaR	RDBECOLIOPC02547	agaR	RDBECOLIGNC04427	agaR	RDBECOLIPMC02821	agaRp	3278703		sigma70	RDBECOLITFC00005,RDBECOLITFC00005	AgaR,AgaR	b3131	3278665	3277856		Ecocyc:TU0-6582 
RDBECOLITUC02462	agaSYBCDI	RDBECOLIOPC01448	agaSYBCDI	RDBECOLIGNC04433,RDBECOLIGNC04432,RDBECOLIGNC02378,RDBECOLIGNC02377,RDBECOLIGNC02376,RDBECOLIGNC04431	agaI;agaD;agaC;agaB;kbaY;agaS	RDBECOLIPMC02822	agaSp	3281889		sigma70	RDBECOLITFC00005,RDBECOLITFC00005,RDBECOLITFC00005,RDBECOLITFC00005,RDBECOLITFC00005,RDBECOLITFC00005	AgaR,AgaR,AgaR,AgaR,AgaR,AgaR	b3141;b3140;b3139;b3138;b3137;b3136	3281976	3287025		Ecocyc:TU0-6583 
RDBECOLITUC02463	ppiD	RDBECOLIOPC03231	ppiD	RDBECOLIGNC03126	ppiD	RDBECOLIPMC03819	ppiDp1	461838		sigma32			b0441	461915	463786		Ecocyc:TU0-6621 
RDBECOLITUC02464	ppiD	RDBECOLIOPC03231	ppiD	RDBECOLIGNC03126	ppiD	RDBECOLIPMC03820	ppiDp2	461819		sigma70	RDBECOLITFC00170,RDBECOLITFC00170,RDBECOLITFC00170	CpxR,CpxR,CpxR	b0441	461915	463786		Ecocyc:TU0-6622 
RDBECOLITUC02465	tesA-ybbO	RDBECOLIOPC01130	tesA-ybbO	RDBECOLIGNC03150,RDBECOLIGNC01495	ybbO;tesA	RDBECOLIPMC03790	tesAp	519949					b0493;b0494	519765	518340		Ecocyc:TU0-6623 
RDBECOLITUC02466	speB	RDBECOLIOPC01071	speAB	RDBECOLIGNC00948	speB	RDBECOLIPMC03644	speBp	3083946		sigma38			b2937	3083797	3082877		Ecocyc:TU0-6625 
RDBECOLITUC02467	pheMST-ihfA	RDBECOLIOPC03375	thrS-infC-rpmI-rplT-pheMST-ihfA	RDBECOLIGNC00433,RDBECOLIGNC01245,RDBECOLIGNC00701,RDBECOLIGNC00700	ihfA;pheM;pheT;pheS	RDBECOLIPMC03599	pheMp	1799301	RDBECOLITMC00014				b1712;b1715;b1713;b1714	1799270	1795253	1795216-1795239	Ecocyc:TU0-6626 
RDBECOLITUC02468	ssuEADCB	RDBECOLIOPC00776	ssuEADCB	RDBECOLIGNC02221,RDBECOLIGNC03345,RDBECOLIGNC03346,RDBECOLIGNC03347,RDBECOLIGNC03348	ssuB;ssuC;ssuD;ssuA;ssuE	RDBECOLIPMC03900	ssuEp	997563		sigma70	RDBECOLITFC00057,RDBECOLITFC00211,RDBECOLITFC00211,RDBECOLITFC00070,RDBECOLITFC00128,RDBECOLITFC00211,RDBECOLITFC00152	Cra,IHF,IHF,Cbl,FNR,IHF,CysB	b0933;b0934;b0935;b0936;b0937	997512	993277		Ecocyc:TU0-6629 
RDBECOLITUC02469	ytjB-lplA	RDBECOLIOPC00010	ytjB-lplA	RDBECOLIGNC01727,RDBECOLIGNC00939	lplA;ytjB	RDBECOLIPMC03716	ytjBp	4624799					b4386;b4387	4624789	4623101		Ecocyc:TU0-6630 
RDBECOLITUC02470	tyrP	RDBECOLIOPC02652	tyrP	RDBECOLIGNC01029	tyrP	RDBECOLIPMC03612	tyrPp2	1989502					b1907	1989681	1990892		Ecocyc:TU0-6631 
RDBECOLITUC02471	aceEF	RDBECOLIOPC03350	pdhR-aceEF-lpdA	RDBECOLIGNC00022,RDBECOLIGNC00021	aceF;aceE	RDBECOLIPMC03551	aceEp1	122969	RDBECOLITMC00306	sigma70	RDBECOLITFC00038,RDBECOLITFC00098,RDBECOLITFC00128	NsrR,ArcA,FNR	b0115;b0114	123017	127587	127590-127619	Ecocyc:TU0-6634 
RDBECOLITUC02472	atpBEFHAGDC	RDBECOLIOPC02167	atpIBEFHAGDC	RDBECOLIGNC00096,RDBECOLIGNC00097,RDBECOLIGNC00100,RDBECOLIGNC00094,RDBECOLIGNC00101,RDBECOLIGNC00099,RDBECOLIGNC00098,RDBECOLIGNC00095	atpC;atpD;atpG;atpA;atpH;atpF;atpE;atpB	RDBECOLIPMC03681	atpBp1	3922270	RDBECOLITMC00354				b3731;b3732;b3733;b3734;b3735;b3736;b3737;b3738	3922051	3915553	3915508-3915530	Ecocyc:TU0-6635 
RDBECOLITUC02473	atpBEFHAGDC	RDBECOLIOPC02167	atpIBEFHAGDC	RDBECOLIGNC00096,RDBECOLIGNC00097,RDBECOLIGNC00100,RDBECOLIGNC00094,RDBECOLIGNC00101,RDBECOLIGNC00099,RDBECOLIGNC00098,RDBECOLIGNC00095	atpC;atpD;atpG;atpA;atpH;atpF;atpE;atpB	RDBECOLIPMC03680	atpBp2	3922134	RDBECOLITMC00354				b3731;b3732;b3733;b3734;b3735;b3736;b3737;b3738	3922051	3915553	3915508-3915530	Ecocyc:TU0-6636 
RDBECOLITUC02474	deoBD	RDBECOLIOPC03406	deoCABD	RDBECOLIGNC00216,RDBECOLIGNC00214	deoD;deoB	RDBECOLIPMC03715	deoBp	4619567	RDBECOLITMC00365	sigma70			b4384;b4383	4619603	4621602	4621635-4621659	Ecocyc:TU0-6646 
RDBECOLITUC02475	dnaQ	RDBECOLIOPC03120	dnaQ	RDBECOLIGNC00237	dnaQ	RDBECOLIPMC03556	dnaQp1	235934					b0215	236067	236798		Ecocyc:TU0-6647 
RDBECOLITUC02476	dnaQ	RDBECOLIOPC03120	dnaQ	RDBECOLIGNC00237	dnaQ	RDBECOLIPMC03557	dnaQp2	236017					b0215	236067	236798		Ecocyc:TU0-6648 
RDBECOLITUC02477	glnHPQ	RDBECOLIOPC02909	glnHPQ	RDBECOLIGNC00382,RDBECOLIGNC00381,RDBECOLIGNC00379	glnQ;glnP;glnH	RDBECOLIPMC03577	glnHp1	848198					b0809;b0810;b0811	848004	845741		Ecocyc:TU0-6649 
RDBECOLITUC02478	hisBHAFI	RDBECOLIOPC03589	hisLGDCBHAFI	RDBECOLIGNC00444,RDBECOLIGNC00441,RDBECOLIGNC00437,RDBECOLIGNC00443,RDBECOLIGNC00438	hisI;hisF;hisA;hisH;hisB	RDBECOLIPMC03617	hisBp	2093360		sigma70			b2026;b2025;b2024;b2023;b2022	2093468	2097225		Ecocyc:TU0-6650 
RDBECOLITUC02479	ilvA	RDBECOLIOPC03607	ilvLXG_1G_2MEDA	RDBECOLIGNC00486	ilvA	RDBECOLIPMC03686	ilvAp	3955235	RDBECOLITMC00015,RDBECOLITMC00314				b3772	3955331	3956875	3957062-3957123;3956967-3956985	Ecocyc:TU0-6651 
RDBECOLITUC02480	umpH	RDBECOLIOPC02093	nagBACD	RDBECOLIGNC00626	umpH	RDBECOLIPMC03571	umpHp	700352					b0675	700326	699574		Ecocyc:TU0-6652 
RDBECOLITUC02481	pheLA	RDBECOLIOPC01113	pheLA	RDBECOLIGNC00698,RDBECOLIGNC01244	pheA;pheL	RDBECOLIPMC03634	pheLp	2737579	RDBECOLITMC00004	sigma70			b2599;b2598	2737599	2738905	2738912-2738940	Ecocyc:TU0-6653 
RDBECOLITUC02482	pnp	RDBECOLIOPC03608	metY-yhbC-nusA-infB-rbfA-truB-rpsO-pnp	RDBECOLIGNC00733	pnp	RDBECOLIPMC03651	pnpp	3311326	RDBECOLITMC00363	sigma70			b3164	3311168	3309033	3308999-3309021	Ecocyc:TU0-6654 
RDBECOLITUC02483	rplT	RDBECOLIOPC03375	thrS-infC-rpmI-rplT-pheMST-ihfA	RDBECOLIGNC00871	rplT	RDBECOLIPMC03600	rplTp	1799763	RDBECOLITMC00023		RDBECOLITFC00128	FNR	b1716	1799749	1799393	1799363-1799382	Ecocyc:TU0-6657 
RDBECOLITUC02484	rpsO-pnp	RDBECOLIOPC03608	metY-yhbC-nusA-infB-rbfA-truB-rpsO-pnp	RDBECOLIGNC00733,RDBECOLIGNC00904	pnp;rpsO	RDBECOLIPMC03652	rpsOp	3311786	RDBECOLITMC00363				b3164;b3165	3311684	3309033	3308999-3309021	Ecocyc:TU0-6660 
RDBECOLITUC02485	ruvAB	RDBECOLIOPC03366	ruvAB	RDBECOLIGNC04713,RDBECOLIGNC04712	ruvB;ruvA	RDBECOLIPMC03610	ruvAp2	1946016	RDBECOLITMC00300,RDBECOLITMC00299		RDBECOLITFC00214,RDBECOLITFC00214	LexA,LexA	b1860;b1861	1945976	1944346	1944219-1944248;1944273-1944303	Ecocyc:TU0-6661 
RDBECOLITUC02486	ptrA	RDBECOLIOPC02880	ptrA-recBD	RDBECOLIGNC00776	ptrA	RDBECOLIPMC03643	ptrAp	2959011		sigma70	RDBECOLITFC00214	LexA	b2821	2958884	2955996		Ecocyc:TU0-6683 
RDBECOLITUC02487	rnhA	RDBECOLIOPC00479	rnhA	RDBECOLIGNC00850	rnhA	RDBECOLIPMC03558	rnhAp	236041					b0214	236002	235535		Ecocyc:TU0-6685 
RDBECOLITUC02488	uvrYC	RDBECOLIOPC02149	uvrYC	RDBECOLIGNC01051,RDBECOLIGNC01123	uvrC;uvrY	RDBECOLIPMC03614	uvrYp2	1995406		sigma70	RDBECOLITFC00214	LexA	b1913;b1914	1995359	1992874		Ecocyc:TU0-6686 
RDBECOLITUC02489	valS	RDBECOLIOPC03585	holC-valS	RDBECOLIGNC01055	valS	RDBECOLIPMC03713	valSp2	4483919	RDBECOLITMC00370	sigma70			b4258	4483837	4480982	4480932-4480957	Ecocyc:TU0-6687 
RDBECOLITUC02490	sdhDAB	RDBECOLIOPC03446	sdhCDAB-sucABCD-sdhX	RDBECOLIGNC00920,RDBECOLIGNC00919,RDBECOLIGNC00922	sdhB;sdhA;sdhD	RDBECOLIPMC03575	sdhDp	755404	RDBECOLITMC00248	sigma70	RDBECOLITFC00189	CRP	b0724;b0723;b0722	755560	758405	758444-758450	Ecocyc:TU0-6702 
RDBECOLITUC02491	cstA	RDBECOLIOPC02503	cstA	RDBECOLIGNC00163	cstA	RDBECOLIPMC02824	cstAp3	629873	RDBECOLITMC00082	sigma70			b0598	629894	631999	632046-632091	Ecocyc:TU0-6821 
RDBECOLITUC02492	cstA	RDBECOLIOPC02503	cstA	RDBECOLIGNC00163	cstA	RDBECOLIPMC02825	cstAp2	629864	RDBECOLITMC00082	sigma70			b0598	629894	631999	632046-632091	Ecocyc:TU0-6822 
RDBECOLITUC02493	cstA	RDBECOLIOPC02503	cstA	RDBECOLIGNC00163	cstA	RDBECOLIPMC02826	cstAp1	629855	RDBECOLITMC00082		RDBECOLITFC00189	CRP	b0598	629894	631999	632046-632091	Ecocyc:TU0-6823 
RDBECOLITUC02494	nanCM	RDBECOLIOPC03035	nanCMS	RDBECOLIGNC04658,RDBECOLIGNC04659	nanM;nanC	RDBECOLIPMC02827	nanCp	4539928			RDBECOLITFC00189,RDBECOLITFC00027,RDBECOLITFC00027,RDBECOLITFC00154,RDBECOLITFC00154,RDBECOLITFC00154	CRP,NagC,NagC,NanR,NanR,NanR	b4310;b4311	4539501	4537659		Ecocyc:TU0-6843 
RDBECOLITUC02495	ilvIH	RDBECOLIOPC03389	ilvIH	RDBECOLIGNC00491,RDBECOLIGNC00492	ilvH;ilvI	RDBECOLIPMC03548	ilvIp3	85453		sigma70			b0078;b0077	85630	87848		Ecocyc:TU0-6861 
RDBECOLITUC02496	ilvIH	RDBECOLIOPC03389	ilvIH	RDBECOLIGNC00491,RDBECOLIGNC00492	ilvH;ilvI	RDBECOLIPMC03547	ilvIp4	85420		sigma70			b0078;b0077	85630	87848		Ecocyc:TU0-6881 
RDBECOLITUC02497	ilvIH	RDBECOLIOPC03389	ilvIH	RDBECOLIGNC00491,RDBECOLIGNC00492	ilvH;ilvI	RDBECOLIPMC03549	ilvIp2	85540			RDBECOLITFC00014,RDBECOLITFC00014,RDBECOLITFC00014,RDBECOLITFC00014,RDBECOLITFC00014,RDBECOLITFC00014	Lrp,Lrp,Lrp,Lrp,Lrp,Lrp	b0078;b0077	85630	87848		Ecocyc:TU0-6882 
RDBECOLITUC02498	carB	RDBECOLIOPC02852	carAB	RDBECOLIGNC00131	carB	RDBECOLIPMC03545	carBp	30775					b0033	30817	34038		Ecocyc:TU0-6884 
RDBECOLITUC02499	yhfG-fic-pabA	RDBECOLIOPC01714	yhfG-fic-pabA	RDBECOLIGNC00674,RDBECOLIGNC00301,RDBECOLIGNC02237	pabA;fic;yhfG	RDBECOLIPMC03660	yhfGp	3491648		sigma38			b3360;b3361;b3362	3491620	3490266		Ecocyc:TU0-6885 
RDBECOLITUC02500	argE	RDBECOLIOPC02642	argE	RDBECOLIGNC01258	argE	RDBECOLIPMC03701	argEp2	4155078					b3957	4154847	4153696		Ecocyc:TU0-6886 
RDBECOLITUC02501	talA-tktB	RDBECOLIOPC02569	talA-tktB	RDBECOLIGNC02001,RDBECOLIGNC01728	tktB;talA	RDBECOLIPMC02828	talAp1	2578588		sigma38	RDBECOLITFC00039	DksA	b2465;b2464	2578666	2581639		Ecocyc:TU0-6921 
RDBECOLITUC02502	rhoL-rho	RDBECOLIOPC01364	rhoL-rho	RDBECOLIGNC02279,RDBECOLIGNC00835	rhoL;rho	RDBECOLIPMC03690	rhoLp	3966162	RDBECOLITMC00226				b3782;b3783	3966231	3967676	3967677-3967731	Ecocyc:TU0-6941 
RDBECOLITUC02503	lepAB	RDBECOLIOPC00467	lepAB	RDBECOLIGNC00521,RDBECOLIGNC00522	lepA;lepB	RDBECOLIPMC03631	lepAp	2707196					b2569;b2568	2707124	2704335		Ecocyc:TU0-6942 
RDBECOLITUC02504	cspI	RDBECOLIOPC03316	cspI	RDBECOLIGNC03678	cspI	RDBECOLIPMC02829	cspIp1	1638812			RDBECOLITFC00196,RDBECOLITFC00053,RDBECOLITFC00053,RDBECOLITFC00053,RDBECOLITFC00053,RDBECOLITFC00053,RDBECOLITFC00053	BasR,Fis,Fis,Fis,Fis,Fis,Fis	b1552	1638667	1638455		Ecocyc:TU0-6981 
RDBECOLITUC02505	cspB	RDBECOLIOPC01067	cspB	RDBECOLIGNC02086	cspB	RDBECOLIPMC02830	cspBp	1641715		sigma70			b1557	1641554	1641339		Ecocyc:TU0-6982 
RDBECOLITUC02506	cspG	RDBECOLIOPC00196	cspG	RDBECOLIGNC03380	cspG								b0990	1051461	1051673		Ecocyc:TU0-6983 
RDBECOLITUC02507	cysG	RDBECOLIOPC02187	nirBDC-cysG	RDBECOLIGNC00183	cysG	RDBECOLIPMC02865	cysGp2	3497793					b3368	3497828	3499201		Ecocyc:TU0-6 
RDBECOLITUC02508	gcd	RDBECOLIOPC03037	gcd	RDBECOLIGNC00362	gcd	RDBECOLIPMC00451	gcdp2	141279	RDBECOLITMC00287				b0124	141225	138835	138801-138816	Ecocyc:TU0-7001 
RDBECOLITUC02509	rpoBC	RDBECOLIOPC03019	rplKAJL-rpoBC	RDBECOLIGNC00885,RDBECOLIGNC00884	rpoC;rpoB	RDBECOLIPMC03706	rpoBp	4181063	RDBECOLITMC00360				b3988;b3987	4181245	4189573	4189599-4189613	Ecocyc:TU0-7002 
RDBECOLITUC02510	hcp-hcr	RDBECOLIOPC02383	poxB-ltaE-ybjT	RDBECOLIGNC03325,RDBECOLIGNC03326	hcr;hcp	RDBECOLIPMC02832	hcpp1	913845			RDBECOLITFC00216,RDBECOLITFC00085,RDBECOLITFC00009,RDBECOLITFC00085,RDBECOLITFC00009,RDBECOLITFC00128,RDBECOLITFC00038	OxyR,NarP,NarL,NarP,NarL,FNR,NsrR	b0872;b0873	913814	911182		Ecocyc:TU0-7021 
RDBECOLITUC02511	srlR	RDBECOLIOPC02975	srlAEBD-gutM-srlR-gutQ	RDBECOLIGNC00962	srlR	RDBECOLIPMC03844	srlRp	2828860					b2707	2829047	2829820		Ecocyc:TU0-7042 
RDBECOLITUC02512	uvrD	RDBECOLIOPC03397	uvrD	RDBECOLIGNC01052	uvrD	RDBECOLIPMC03691	uvrDp2	3997971	RDBECOLITMC00177				b3813	3997983	4000145	4000150-4000177	Ecocyc:TU0-7043 
RDBECOLITUC02513	uvrB	RDBECOLIOPC01941	uvrB	RDBECOLIGNC01050	uvrB	RDBECOLIPMC03576	uvrBp3	813152		sigma70	RDBECOLITFC00017,RDBECOLITFC00214,RDBECOLITFC00017,RDBECOLITFC00017	DnaA,LexA,DnaA,DnaA	b0779	813526	815547		Ecocyc:TU0-7044 
RDBECOLITUC02514	yzfA	RDBECOLIOPC00239	yzfA	RDBECOLIGNC01192	yzfA	RDBECOLIPMC03710	yzfAp2	4448294					b4223	4448245	4447976		Ecocyc:TU0-7061 
RDBECOLITUC02515	galP	RDBECOLIOPC01700	galP	RDBECOLIGNC02043	galP	RDBECOLIPMC02833	galPp	3088255		sigma70	RDBECOLITFC00088,RDBECOLITFC00033,RDBECOLITFC00088,RDBECOLITFC00033,RDBECOLITFC00088,RDBECOLITFC00033,RDBECOLITFC00088,RDBECOLITFC00033,RDBECOLITFC00027,RDBECOLITFC00189,RDBECOLITFC00033,RDBECOLITFC00033,RDBECOLITFC00088,RDBECOLITFC00088	GalR,GalS,GalR,GalS,GalR,GalS,GalR,GalS,NagC,CRP,GalS,GalS,GalR,GalR	b2943	3088284	3089678		Ecocyc:TU0-7081 
RDBECOLITUC02516	bdm-sra	RDBECOLIOPC01036	bdm-sra	RDBECOLIGNC01463,RDBECOLIGNC03630	sra;bdm	RDBECOLIPMC02834	bdmp	1556340			RDBECOLITFC00042	RcsB	b1480;b1481	1556280	1555826		Ecocyc:TU0-7141 
RDBECOLITUC02517	rirA-rfaQGPSBIJYZ-waaU	RDBECOLIOPC03573	rirA-rfaQGPSBIJYZ-waaU	RDBECOLIGNC02741,RDBECOLIGNC01386,RDBECOLIGNC01389,RDBECOLIGNC01388,RDBECOLIGNC01321,RDBECOLIGNC01320,RDBECOLIGNC01319,RDBECOLIGNC01318,RDBECOLIGNC01310,RDBECOLIGNC01309,RDBECOLIGNC01311	rirA;waaU;waaZ;waaY;waaJ;waaO;waaB;waaS;waaP;waaG;waaQ	RDBECOLIPMC02835	rirAp	3808238		sigma70			b4760;b3623;b3624;b3625;b3626;b3627;b3628;b3629;b3630;b3631;b3632	3808238	3798239		Ecocyc:TU0-7161 
RDBECOLITUC02518	rfaQGPSBIJYZ-waaU	RDBECOLIOPC03573	rirA-rfaQGPSBIJYZ-waaU	RDBECOLIGNC01386,RDBECOLIGNC01389,RDBECOLIGNC01388,RDBECOLIGNC01321,RDBECOLIGNC01320,RDBECOLIGNC01319,RDBECOLIGNC01318,RDBECOLIGNC01310,RDBECOLIGNC01309,RDBECOLIGNC01311	waaU;waaZ;waaY;waaJ;waaO;waaB;waaS;waaP;waaG;waaQ	RDBECOLIPMC02836	waaQp	3808180					b3623;b3624;b3625;b3626;b3627;b3628;b3629;b3630;b3631;b3632	3808098	3798239		Ecocyc:TU0-7162 
RDBECOLITUC02519	waaA	RDBECOLIOPC02546	kdtA-coaD	RDBECOLIGNC00512	waaA	RDBECOLIPMC02837	waaAp1	3808516		sigma70			b3633	3808540	3809817		Ecocyc:TU0-7163 
RDBECOLITUC02520	waaA	RDBECOLIOPC02546	kdtA-coaD	RDBECOLIGNC00512	waaA	RDBECOLIPMC02838	waaAp2	3808256		sigma70			b3633	3808540	3809817		Ecocyc:TU0-7164 
RDBECOLITUC02521	istR-2	RDBECOLIOPC02872	istR-2	RDBECOLIGNC02566	istR	RDBECOLIPMC02839	istR-2p	3853257	RDBECOLITMC00076	sigma70			b4616	3853257	3853118	3853118-3853144	Ecocyc:TU0-7181 
RDBECOLITUC02522	istR-1	RDBECOLIOPC02872	istR-2	RDBECOLIGNC02566	istR	RDBECOLIPMC02840	istR-1p	3853192	RDBECOLITMC00076	sigma70			b4616	3853257	3853118	3853118-3853144	Ecocyc:TU0-7182 
RDBECOLITUC02523	hcaR-iroK	RDBECOLIOPC02107	hcaR-iroK	RDBECOLIGNC02718,RDBECOLIGNC04158	iroK;hcaR	RDBECOLIPMC02841	hcaRp	2668964			RDBECOLITFC00092	HcaR	b4706;b2537	2668896	2668006		Ecocyc:TU0-7201 
RDBECOLITUC02524	hcaEFCBD	RDBECOLIOPC01059	hcaEFCBD	RDBECOLIGNC04161,RDBECOLIGNC04160,RDBECOLIGNC04159,RDBECOLIGNC04711,RDBECOLIGNC04705	hcaD;hcaB;hcaC;hcaF;hcaE	RDBECOLIPMC02842	hcaEp	2668982			RDBECOLITFC00092	HcaR	b2542;b2541;b2540;b2539;b2538	2669032	2673249		Ecocyc:TU0-7202 
RDBECOLITUC02525	prpR	RDBECOLIOPC00184	prpR	RDBECOLIGNC03088	prpR	RDBECOLIPMC02843	prpRp	348471		sigma70	RDBECOLITFC00180,RDBECOLITFC00180,RDBECOLITFC00180,RDBECOLITFC00180,RDBECOLITFC00180,RDBECOLITFC00202,RDBECOLITFC00189,RDBECOLITFC00064,RDBECOLITFC00064	AscG,AscG,AscG,AscG,AscG,PhoB,CRP,PrpR,PrpR	b0330	348443	346857		Ecocyc:TU0-7221 
RDBECOLITUC02526	moaBCDE	RDBECOLIOPC01740	moaABCDE	RDBECOLIGNC01545,RDBECOLIGNC01544,RDBECOLIGNC01607,RDBECOLIGNC01543	moaE;moaD;moaC;moaB	RDBECOLIPMC02844	moaBp	817977					b0785;b0784;b0783;b0782	818055	819747		Ecocyc:TU0-7262 
RDBECOLITUC02527	yrdD-rimN-aroE-yrdB	RDBECOLIOPC00775	yrdD-rimN-aroE-yrdB	RDBECOLIGNC04490,RDBECOLIGNC00073,RDBECOLIGNC04491,RDBECOLIGNC04492	yrdB;aroE;tsaC;yrdD								b3280;b3281;b3282;b3283	3431962	3429766		Ecocyc:TU0-7281 
RDBECOLITUC02528	smf	RDBECOLIOPC02463	smf	RDBECOLIGNC01551	smf	RDBECOLIPMC03014	smfp	3433686					b4473	3433560	3432436		Ecocyc:TU0-7282 
RDBECOLITUC02529	kdgK	RDBECOLIOPC01391	kdgK	RDBECOLIGNC02130	kdgK								b3526	3679419	3680348		Ecocyc:TU0-7301 
RDBECOLITUC02530	mntH	RDBECOLIOPC00497	mntH	RDBECOLIGNC04083	mntH	RDBECOLIPMC02845	mntHp	2512734		sigma70	RDBECOLITFC00216,RDBECOLITFC00216,RDBECOLITFC00143,RDBECOLITFC00093	OxyR,OxyR,MntR,Fur	b2392	2512706	2511468		Ecocyc:TU0-7321 
RDBECOLITUC02531	rpiA	RDBECOLIOPC02038	rpiA	RDBECOLIGNC01406	rpiA	RDBECOLIPMC02846	rpiAp	3059353	RDBECOLITMC00284				b2914	3059325	3058666	3058644-3058660	Ecocyc:TU0-7341 
RDBECOLITUC02532	tktB	RDBECOLIOPC02569	talA-tktB	RDBECOLIGNC02001	tktB	RDBECOLIPMC02847	tktBp	2579308		sigma38	RDBECOLITFC00202	PhoB	b2465	2579636	2581639		Ecocyc:TU0-7342 
RDBECOLITUC02533	ves	RDBECOLIOPC00222	ves	RDBECOLIGNC03789	ves	RDBECOLIPMC02848	vesp	1824984		sigma28			b1742	1824937	1824362		Ecocyc:TU0-7361 
RDBECOLITUC02534	agp	RDBECOLIOPC01677	agp	RDBECOLIGNC00030	agp	RDBECOLIPMC02849	agpp	1065559	RDBECOLITMC00286		RDBECOLITFC00189	CRP	b1002	1065585	1066826	1066833-1066857	Ecocyc:TU0-7401 
RDBECOLITUC02535	glk	RDBECOLIOPC01942	glk	RDBECOLIGNC02421	glk	RDBECOLIPMC02850	glkp4	2509461	RDBECOLITMC00288	sigma70	RDBECOLITFC00057,RDBECOLITFC00057	Cra,Cra	b2388	2509426	2508461	2508424-2508447	Ecocyc:TU0-7421 
RDBECOLITUC02536	galU	RDBECOLIOPC02526	galU	RDBECOLIGNC01289	galU	RDBECOLIPMC02851	galUp	1291405					b1236	1291457	1292365		Ecocyc:TU0-7441 
RDBECOLITUC02537	amyA	RDBECOLIOPC01335	amyA	RDBECOLIGNC01353	amyA	RDBECOLIPMC02853	amyAp	2006115	RDBECOLITMC00289	sigma70			b1927	2006156	2007643	2007642-2007674	Ecocyc:TU0-7461 
RDBECOLITUC02538	bglX	RDBECOLIOPC00445	bglX	RDBECOLIGNC01929	bglX	RDBECOLIPMC02855	bglXp	2222120	RDBECOLITMC00291	sigma70			b2132	2221989	2219692	2219660-2219682	Ecocyc:TU0-7501 
RDBECOLITUC02539	sthA	RDBECOLIOPC02088	sthA	RDBECOLIGNC01391	sthA	RDBECOLIPMC02856	sthAp	4160802					b3962	4160790	4159390		Ecocyc:TU0-7521 
RDBECOLITUC02540	evgLAS	RDBECOLIOPC01053	evgLAS	RDBECOLIGNC02829,RDBECOLIGNC01557,RDBECOLIGNC01556	evgL;evgS;evgA	RDBECOLIPMC02858	evgLp2	2483631		sigma70	RDBECOLITFC00020,RDBECOLITFC00181	H-NS,EvgA	b4781;b2370;b2369	2483729	2487967		Ecocyc:TU0-7541 
RDBECOLITUC02541	evgLAS	RDBECOLIOPC01053	evgLAS	RDBECOLIGNC02829,RDBECOLIGNC01557,RDBECOLIGNC01556	evgL;evgS;evgA	RDBECOLIPMC02859	evgLp1	2483641		sigma38	RDBECOLITFC00020,RDBECOLITFC00181	H-NS,EvgA	b4781;b2370;b2369	2483729	2487967		Ecocyc:TU0-7561 
RDBECOLITUC02542	polB	RDBECOLIOPC01727	polB	RDBECOLIGNC00737	polB	RDBECOLIPMC02860	polBp	65803		sigma70	RDBECOLITFC00214	LexA	b0060	65780	63429		Ecocyc:TU0-7581 
RDBECOLITUC02543	allA	RDBECOLIOPC00764	allA	RDBECOLIGNC03155	allA	RDBECOLIPMC02862	allAp	532390			RDBECOLITFC00184	AllR	b0505	532451	532933		Ecocyc:TU0-7601 
RDBECOLITUC02544	allS	RDBECOLIOPC02444	allS	RDBECOLIGNC03154	allS	RDBECOLIPMC02863	allSp	532300			RDBECOLITFC00184	AllR	b0504	532221	531295		Ecocyc:TU0-7602 
RDBECOLITUC02545	gcl-hyi-glxR-ybbVW-allB-ybbY-glxK	RDBECOLIOPC01712	gcl-hyi-glxR-ybbVW-allB-ybbY-glxK	RDBECOLIGNC03162,RDBECOLIGNC03161,RDBECOLIGNC03160,RDBECOLIGNC03159,RDBECOLIGNC03158,RDBECOLIGNC03157,RDBECOLIGNC01533	glxK;ybbY;allB;allW;glxR;hyi;gcl	RDBECOLIPMC02864	gclp	533907		sigma70	RDBECOLITFC00184	AllR	b0514;b0513;b0512;b0511;b0509;b0508;b0507	533916	543033		Ecocyc:TU0-7603 
RDBECOLITUC02546	allDC-ylbA	RDBECOLIOPC00482	allDC-ylbA	RDBECOLIGNC03163,RDBECOLIGNC03164,RDBECOLIGNC03165	allE;allC;allD	RDBECOLIPMC02866	allDp	546411		sigma70	RDBECOLITFC00205	AllS	b0515;b0516;b0517	546363	543261		Ecocyc:TU0-7622 
RDBECOLITUC02547	yhhY	RDBECOLIOPC02021	yhhY	RDBECOLIGNC04545	yhhY	RDBECOLIPMC02867	yhhYp	3581111		sigma70	RDBECOLITFC00093	Fur	b3441	3581138	3581626		Ecocyc:TU0-7662 
RDBECOLITUC02548	nohA-stfQ-tfaQ	RDBECOLIOPC01008	nohA-stfQ-tfaQ	RDBECOLIGNC03673,RDBECOLIGNC03674,RDBECOLIGNC01579	tfaQ;stfQ;nohA	RDBECOLIPMC02868	nohAp	1636603		sigma70	RDBECOLITFC00093,RDBECOLITFC00093	Fur,Fur	b1546;b1547;b1548	1636367	1634310		Ecocyc:TU0-7681 
RDBECOLITUC02549	fhuF	RDBECOLIOPC02827	fhuF	RDBECOLIGNC04684	fhuF	RDBECOLIPMC02869	fhuFp1	4605694		sigma70	RDBECOLITFC00216,RDBECOLITFC00216,RDBECOLITFC00216,RDBECOLITFC00216,RDBECOLITFC00093,RDBECOLITFC00093,RDBECOLITFC00093,RDBECOLITFC00093	OxyR,OxyR,OxyR,OxyR,Fur,Fur,Fur,Fur	b4367	4605663	4604875		Ecocyc:TU0-7701 
RDBECOLITUC02550	otsBA	RDBECOLIOPC02985	otsBA	RDBECOLIGNC01688,RDBECOLIGNC01687	otsB;otsA	RDBECOLIPMC02870	otsBp2	1982442	RDBECOLITMC00106	sigma38			b1897;b1896	1982387	1980188	1980096-1980126	Ecocyc:TU0-7722 
RDBECOLITUC02551	ydeP	RDBECOLIOPC00712	ydeP	RDBECOLIGNC03645	ydeP	RDBECOLIPMC03243	ydePp	1586664		sigma70	RDBECOLITFC00166,RDBECOLITFC00027,RDBECOLITFC00020,RDBECOLITFC00042,RDBECOLITFC00009,RDBECOLITFC00085,RDBECOLITFC00100,RDBECOLITFC00181	PhoP,NagC,H-NS,RcsB,NarL,NarP,UvrY,EvgA	b1501	1586486	1584207		Ecocyc:TU0-7741 
RDBECOLITUC02552	ydeO	RDBECOLIOPC02755	safA-ydeO	RDBECOLIGNC03643	ydeO	RDBECOLIPMC03238	ydeOp			sigma32	RDBECOLITFC00020	H-NS	b1499	1583687	1582926		Ecocyc:TU0-7743 
RDBECOLITUC02553	yegRZ	RDBECOLIOPC01322	yegRZ	RDBECOLIGNC03962,RDBECOLIGNC03964	yegZ;yegR	RDBECOLIPMC00266	yegRp	2168349		sigma70	RDBECOLITFC00181	EvgA	b2083;b2085	2168306	2167602		Ecocyc:TU0-7744 
RDBECOLITUC02554	frc	RDBECOLIOPC03522	yfdV	RDBECOLIGNC04067	frc	RDBECOLIPMC03248	frcp	2493439		sigma70	RDBECOLITFC00181	EvgA	b2374	2493254	2492004		Ecocyc:TU0-7745 
RDBECOLITUC02555	yfdX	RDBECOLIOPC03522	yfdV	RDBECOLIGNC04064,RDBECOLIGNC04065,RDBECOLIGNC04066,RDBECOLIGNC04067,RDBECOLIGNC04068	yfdE;yfdV;oxc;frc;yfdX	RDBECOLIPMC03249	yfdXp	2494433		sigma70	RDBECOLITFC00181,RDBECOLITFC00181	EvgA,EvgA	b2371;b2372;b2373;b2374;b2375	2494402	2488023		Ecocyc:TU0-7746 
RDBECOLITUC02556	yrbL	RDBECOLIOPC01045	yrbL	RDBECOLIGNC04461	yrbL	RDBECOLIPMC02871	yrbLp	3348421			RDBECOLITFC00196,RDBECOLITFC00071,RDBECOLITFC00201,RDBECOLITFC00166	BasR,SoxR,SoxS,PhoP	b3207	3348452	3349084		Ecocyc:TU0-7781 
RDBECOLITUC02557	borD	RDBECOLIOPC00162	borD	RDBECOLIGNC03190	borD	RDBECOLIPMC02872	borDp	578921			RDBECOLITFC00166	PhoP	b0557	578893	578600		Ecocyc:TU0-7783 
RDBECOLITUC02558	rstAB	RDBECOLIOPC01711	rstAB	RDBECOLIGNC01210,RDBECOLIGNC03717	rstB;rstA	RDBECOLIPMC02873	rstAp	1682138			RDBECOLITFC00166	PhoP	b1609;b1608	1682159	1684183		Ecocyc:TU0-7784 
RDBECOLITUC02559	slyB	RDBECOLIOPC03216	slyB	RDBECOLIGNC03734	slyB	RDBECOLIPMC02874	slyBp1	1719777			RDBECOLITFC00166	PhoP	b1641	1719876	1720343		Ecocyc:TU0-7802 
RDBECOLITUC02560	slyB	RDBECOLIOPC03216	slyB	RDBECOLIGNC03734	slyB	RDBECOLIPMC02875	slyBp2	1719748			RDBECOLITFC00166	PhoP	b1641	1719876	1720343		Ecocyc:TU0-7803 
RDBECOLITUC02561	rob	RDBECOLIOPC01363	rob	RDBECOLIGNC01333	rob	RDBECOLIPMC02876	robp	4635353			RDBECOLITFC00051,RDBECOLITFC00201,RDBECOLITFC00074	Rob,SoxS,MarA	b4396	4635310	4634441		Ecocyc:TU0-7804 
RDBECOLITUC02562	nagA	RDBECOLIOPC02093	nagBACD	RDBECOLIGNC00624	nagA	RDBECOLIPMC02877	nagAp	703175			RDBECOLITFC00166	PhoP	b0677	702751	701603		Ecocyc:TU0-7805 
RDBECOLITUC02563	hemL	RDBECOLIOPC02004	hemL	RDBECOLIGNC00425	hemL	RDBECOLIPMC02878	hemLp	174921		sigma28	RDBECOLITFC00166,RDBECOLITFC00158	PhoP,PdhR	b0154	174882	173602		Ecocyc:TU0-7806 
RDBECOLITUC02564	pagP	RDBECOLIOPC00994	pagP	RDBECOLIGNC02068	pagP	RDBECOLIPMC02879	pagPp	656526			RDBECOLITFC00136,RDBECOLITFC00136,RDBECOLITFC00136,RDBECOLITFC00166	SlyA,SlyA,SlyA,PhoP	b0622	656557	657117		Ecocyc:TU0-7821 
RDBECOLITUC02565	ybjG	RDBECOLIOPC00200	ybjG	RDBECOLIGNC03308	ybjG	RDBECOLIPMC02880	ybjGp	883508			RDBECOLITFC00166	PhoP	b0841	883388	882792		Ecocyc:TU0-7822 
RDBECOLITUC02566	ompT	RDBECOLIOPC01647	envY-ompT	RDBECOLIGNC00665	ompT	RDBECOLIPMC02881	ompTp	585665			RDBECOLITFC00166	PhoP	b0565	585633	584680		Ecocyc:TU0-7823 
RDBECOLITUC02567	rpsT	RDBECOLIOPC02486	rpsT	RDBECOLIGNC00909	rpsT	RDBECOLIPMC02882	rpsTp1	21210	RDBECOLITMC00027		RDBECOLITFC00039	DksA	b0023	21078	20815	20771-20784	Ecocyc:TU0-7842 
RDBECOLITUC02568	rpsT	RDBECOLIOPC02486	rpsT	RDBECOLIGNC00909	rpsT	RDBECOLIPMC02883	rpsTp2	21120	RDBECOLITMC00027		RDBECOLITFC00039	DksA	b0023	21078	20815	20771-20784	Ecocyc:TU0-7844 
RDBECOLITUC02569	lsrACDBFG-tam	RDBECOLIOPC01305	lsrACDBFG-tam	RDBECOLIGNC03659,RDBECOLIGNC03658,RDBECOLIGNC03657,RDBECOLIGNC03656,RDBECOLIGNC03655,RDBECOLIGNC03654,RDBECOLIGNC03653	tam;lsrG;lsrF;lsrB;lsrD;lsrC;lsrA	RDBECOLIPMC02884	lsrAp	1601460		sigma38	RDBECOLITFC00189,RDBECOLITFC00189,RDBECOLITFC00165	CRP,CRP,LsrR	b1519;b1518;b1517;b1516;b1515;b1514;b1513	1601490	1608104		Ecocyc:TU0-7861 
RDBECOLITUC02570	mdtABCD-baeSR	RDBECOLIOPC02454	mdtABCD-baeSR	RDBECOLIGNC01564,RDBECOLIGNC01563,RDBECOLIGNC02032,RDBECOLIGNC03958,RDBECOLIGNC03957,RDBECOLIGNC03956	baeR;baeS;mdtD;mdtC;mdtB;mdtA	RDBECOLIPMC02885	mdtAp	2153979		sigma38	RDBECOLITFC00170,RDBECOLITFC00170,RDBECOLITFC00182	CpxR,CpxR,BaeR	b2079;b2078;b2077;b2076;b2075;b2074	2154016	2164998		Ecocyc:TU0-7881 
RDBECOLITUC02571	mglAC	RDBECOLIOPC02769	mglBAC	RDBECOLIGNC00586,RDBECOLIGNC00584	mglC;mglA	RDBECOLIPMC02886	mglAp	2239391		sigma70	RDBECOLITFC00053	Fis	b2148;b2149	2239289	2236743		Ecocyc:TU0-7901 
RDBECOLITUC02572	dhaR	RDBECOLIOPC01039	dhaR	RDBECOLIGNC03490	dhaR	RDBECOLIPMC02887	dhaRp	1251003		sigma38	RDBECOLITFC00198	DhaR	b1201	1251066	1252985		Ecocyc:TU0-7962 
RDBECOLITUC02573	dhaKLM	RDBECOLIOPC02845	dhaKLM	RDBECOLIGNC02256,RDBECOLIGNC03488,RDBECOLIGNC03489	dhaM;dhaL;dhaK	RDBECOLIPMC02888	dhaKp	1250944		sigma38	RDBECOLITFC00234,RDBECOLITFC00198	SrsR,DhaR	b1198;b1199;b1200	1250838	1247696		Ecocyc:TU0-7981 
RDBECOLITUC02574	tsr	RDBECOLIOPC02848	tsr	RDBECOLIGNC01022	tsr	RDBECOLIPMC02979	tsrp1	4591412		sigma70	RDBECOLITFC00170	CpxR	b4355	4591657	4593312		Ecocyc:TU0-7 
RDBECOLITUC02575	glnQ	RDBECOLIOPC02909	glnHPQ	RDBECOLIGNC00382	glnQ	RDBECOLIPMC02889	glnQp	846631		sigma70	RDBECOLITFC00053	Fis	b0809	846463	845741		Ecocyc:TU0-8001 
RDBECOLITUC02576	acrD	RDBECOLIOPC02830	acrD	RDBECOLIGNC00012	acrD	RDBECOLIPMC02890	acrDp	2587475		sigma70	RDBECOLITFC00181	EvgA	b2470	2587595	2590708		Ecocyc:TU0-8021 
RDBECOLITUC02577	gatR_2	RDBECOLIOPC02406	gatR_2	RDBECOLIGNC02053	gatR	RDBECOLIPMC02891	gatR_2p						b4498	2171727	2169693		Ecocyc:TU0-8044 
RDBECOLITUC02578	tpiA	RDBECOLIOPC01676	tpiA	RDBECOLIGNC01003	tpiA	RDBECOLIPMC02892	tpiAp1	4111524					b3919	4111507	4110740		Ecocyc:TU0-8061 
RDBECOLITUC02579	pgk-fbaA	RDBECOLIOPC03598	epd-pgk-fbaA	RDBECOLIGNC00276,RDBECOLIGNC00694	fbaA;pgk	RDBECOLIPMC02893	pgkp1	3072857		sigma70			b2925;b2926	3072622	3070165		Ecocyc:TU0-8081 
RDBECOLITUC02580	epd-pgk-fbaA	RDBECOLIOPC03598	epd-pgk-fbaA	RDBECOLIGNC00276,RDBECOLIGNC00694,RDBECOLIGNC00361	fbaA;pgk;epd	RDBECOLIPMC03796	epdp	3073823		sigma70	RDBECOLITFC00189,RDBECOLITFC00057	CRP,Cra	b2925;b2926;b2927	3073691	3070165		Ecocyc:TU0-8082 
RDBECOLITUC02581	pgk	RDBECOLIOPC03598	epd-pgk-fbaA	RDBECOLIGNC00694	pgk	RDBECOLIPMC02893	pgkp1	3072857	RDBECOLITMC00298	sigma70			b2926	3072622	3071459	3071431-3071450	Ecocyc:TU0-8083 
RDBECOLITUC02582	aspS	RDBECOLIOPC01648	aspS	RDBECOLIGNC00093	aspS	RDBECOLIPMC02894	aspSp2	1950617	RDBECOLITMC00301				b1866	1950522	1948750	1948662-1948693	Ecocyc:TU0-8084 
RDBECOLITUC02583	pgl	RDBECOLIOPC01632	pgl	RDBECOLIGNC03266	pgl								b0767	798586	799581		Ecocyc:TU0-8101 
RDBECOLITUC02584	talB	RDBECOLIOPC00688	talB	RDBECOLIGNC01508	talB	RDBECOLIPMC03273	talBp	8191	RDBECOLITMC00302				b0008	8238	9191	9199-9226	Ecocyc:TU0-8121 
RDBECOLITUC02585	talA-tktB	RDBECOLIOPC02569	talA-tktB	RDBECOLIGNC02001,RDBECOLIGNC01728	tktB;talA	RDBECOLIPMC02895	talAp2	2578570		sigma38			b2465;b2464	2578666	2581639		Ecocyc:TU0-8143 
RDBECOLITUC02586	yiaG	RDBECOLIOPC01290	yiaG	RDBECOLIGNC02331	yiaG	RDBECOLIPMC02896	yiaGp	3719431		sigma38	RDBECOLITFC00051	Rob	b3555	3719478	3719768		Ecocyc:TU0-8145 
RDBECOLITUC02587	ytfK	RDBECOLIOPC02600	ytfK	RDBECOLIGNC04612	ytfK	RDBECOLIPMC02897	ytfKp1	4439511		sigma38	RDBECOLITFC00202,RDBECOLITFC00202	PhoB,PhoB	b4217	4439587	4439793		Ecocyc:TU0-8146 
RDBECOLITUC02588	ansP	RDBECOLIOPC02035	ansP	RDBECOLIGNC03619	ansP	RDBECOLIPMC02898	ansPp1	1526011		sigma38			b1453	1525980	1524481		Ecocyc:TU0-8147 
RDBECOLITUC02589	ansP	RDBECOLIOPC02035	ansP	RDBECOLIGNC03619	ansP	RDBECOLIPMC02899	ansPp2	1526020		sigma38			b1453	1525980	1524481		Ecocyc:TU0-8148 
RDBECOLITUC02590	pheP	RDBECOLIOPC00140	pheP	RDBECOLIGNC00699	pheP	RDBECOLIPMC02900	phePp	601929	RDBECOLITMC00303	sigma70			b0576	601959	603335	603377-603409	Ecocyc:TU0-8149 
RDBECOLITUC02591	msyB	RDBECOLIOPC01680	msyB	RDBECOLIGNC01308	msyB	RDBECOLIPMC02901	msyBp	1114213		sigma38			b1051	1114181	1113807		Ecocyc:TU0-8150 
RDBECOLITUC02592	artJ	RDBECOLIOPC00731	artJ	RDBECOLIGNC01574	artJ	RDBECOLIPMC02903	artJp	900626	RDBECOLITMC00305	sigma70	RDBECOLITFC00109,RDBECOLITFC00109	ArgR,ArgR	b0860	900575	899844	899648-899665	Ecocyc:TU0-8161 
RDBECOLITUC02593	pfkB	RDBECOLIOPC02387	pfkB	RDBECOLIGNC00691	pfkB	RDBECOLIPMC02904	pfkBp2	1806323		sigma38			b1723	1806370	1807299		Ecocyc:TU0-8181 
RDBECOLITUC02594	gloA	RDBECOLIOPC02813	nemRA-gloA	RDBECOLIGNC03744	gloA	RDBECOLIPMC02905	gloAp	1727801		sigma70			b1651	1727837	1728244		Ecocyc:TU0-8182 
RDBECOLITUC02595	ybjP	RDBECOLIOPC00451	ybjP	RDBECOLIGNC03319	ybjP	RDBECOLIPMC02906	ybjPp	904523		sigma38			b0865	904467	903952		Ecocyc:TU0-8201 
RDBECOLITUC02596	yggE	RDBECOLIOPC02672	yggE	RDBECOLIGNC01219	yggE	RDBECOLIPMC02907	yggEp1	3068126		sigma38			b2922	3068080	3067340		Ecocyc:TU0-8202 
RDBECOLITUC02597	yggE	RDBECOLIOPC02672	yggE	RDBECOLIGNC01219	yggE	RDBECOLIPMC02908	yggEp2	3068185		sigma38			b2922	3068080	3067340		Ecocyc:TU0-8203 
RDBECOLITUC02598	metE	RDBECOLIOPC00176	metE	RDBECOLIGNC00576	metE	RDBECOLIPMC02909	metEp	4012884			RDBECOLITFC00108,RDBECOLITFC00216,RDBECOLITFC00108,RDBECOLITFC00218,RDBECOLITFC00218	MetR,OxyR,MetR,MetJ,MetJ	b3829	4013053	4015314		Ecocyc:TU0-8221 
RDBECOLITUC02599	metR	RDBECOLIOPC02627	metR	RDBECOLIGNC00583	metR	RDBECOLIPMC02910	metRp1	4012855			RDBECOLITFC00108,RDBECOLITFC00216,RDBECOLITFC00108,RDBECOLITFC00218,RDBECOLITFC00218	MetR,OxyR,MetR,MetJ,MetJ	b3828	4012816	4011863		Ecocyc:TU0-8223 
RDBECOLITUC02600	metR	RDBECOLIOPC02627	metR	RDBECOLIGNC00583	metR	RDBECOLIPMC02911	metRp2	4012837			RDBECOLITFC00108,RDBECOLITFC00108,RDBECOLITFC00218,RDBECOLITFC00218	MetR,MetR,MetJ,MetJ	b3828	4012816	4011863		Ecocyc:TU0-8224 
RDBECOLITUC02601	yebC-ruvC	RDBECOLIOPC02451	nudB-yebC-ruvC	RDBECOLIGNC00913,RDBECOLIGNC01120	ruvC;yebC	RDBECOLIPMC02912	yebCp	1948185	RDBECOLITMC00244	sigma70			b1863;b1864	1948151	1946855	1946815-1946854	Ecocyc:TU0-8241 
RDBECOLITUC02602	ruvC	RDBECOLIOPC02451	nudB-yebC-ruvC	RDBECOLIGNC00913	ruvC	RDBECOLIPMC02913	ruvCp	1947439	RDBECOLITMC00244	sigma70			b1863	1947376	1946855	1946815-1946854	Ecocyc:TU0-8242 
RDBECOLITUC02603	nudB-yebC-ruvC	RDBECOLIOPC02451	nudB-yebC-ruvC	RDBECOLIGNC00913,RDBECOLIGNC01120,RDBECOLIGNC01121	ruvC;yebC;nudB	RDBECOLIPMC02914	nudBp	1948674	RDBECOLITMC00244	sigma70			b1863;b1864;b1865	1948632	1946855	1946815-1946854	Ecocyc:TU0-8243 
RDBECOLITUC02604	yebB	RDBECOLIOPC02020	yebB	RDBECOLIGNC01119	yebB	RDBECOLIPMC02915	yebBp2	1946144					b1862	1946251	1946853		Ecocyc:TU0-8244 
RDBECOLITUC02605	yebB	RDBECOLIOPC02020	yebB	RDBECOLIGNC01119	yebB	RDBECOLIPMC02916	yebBp1	1946110		sigma70			b1862	1946251	1946853		Ecocyc:TU0-8245 
RDBECOLITUC02606	ydjM	RDBECOLIOPC00130	ydjM	RDBECOLIGNC03784	ydjM	RDBECOLIPMC02917	ydjMp	1810170		sigma70	RDBECOLITFC00214,RDBECOLITFC00214	LexA,LexA	b1728	1810211	1810801		Ecocyc:TU0-8261 
RDBECOLITUC02607	insK	RDBECOLIOPC01666	insK	RDBECOLIGNC04554	insK	RDBECOLIPMC02918	insKp	3721065		sigma24	RDBECOLITFC00214	LexA	b3558	3721198	3722049		Ecocyc:TU0-8262 
RDBECOLITUC02608	dinQ	RDBECOLIOPC00719	dinQ	RDBECOLIGNC02948	dinQ	RDBECOLIPMC02919	dinQp	3647982	RDBECOLITMC00130	sigma70	RDBECOLITFC00214,RDBECOLITFC00214	LexA,LexA	b4613	3647788	3647705	3647652-3647689	Ecocyc:TU0-8263 
RDBECOLITUC02609	symE	RDBECOLIOPC02372	symE	RDBECOLIGNC04676	symE	RDBECOLIPMC03095	symEp	4579917		sigma70	RDBECOLITFC00214	LexA	b4347	4579840	4579499		Ecocyc:TU0-8264 
RDBECOLITUC02610	ybfE	RDBECOLIOPC01327	ybfE	RDBECOLIGNC01707	ybfE	RDBECOLIPMC00240	ybfEp	711939		sigma32	RDBECOLITFC00214	LexA	b0685	711898	711605		Ecocyc:TU0-8265 
RDBECOLITUC02611	hokE	RDBECOLIOPC00440	hokE	RDBECOLIGNC02932	hokE	RDBECOLIPMC00239	hokEp	607731		sigma24	RDBECOLITFC00214	LexA	b4415	607836	607988		Ecocyc:TU0-8266 
RDBECOLITUC02612	cho	RDBECOLIOPC01960	cho	RDBECOLIGNC03788	cho	RDBECOLIPMC00241	chop	1823492		sigma70	RDBECOLITFC00214	LexA	b1741	1823515	1824402		Ecocyc:TU0-8267 
RDBECOLITUC02613	rimJ	RDBECOLIOPC00960	rimJ	RDBECOLIGNC00841	rimJ	RDBECOLIPMC02920	rimJp	1125522					b1066	1125562	1126146		Ecocyc:TU0-8281 
RDBECOLITUC02614	ackA-pta	RDBECOLIOPC01605	ackA-pta	RDBECOLIGNC02440,RDBECOLIGNC00024	pta;ackA						RDBECOLITFC00112	CreB	b2297;b2296	2413470	2416891		Ecocyc:TU0-8301 
RDBECOLITUC02615	pta	RDBECOLIOPC01605	ackA-pta	RDBECOLIGNC02440	pta	RDBECOLIPMC02561	ptap	2414486		sigma70			b2297	2414747	2416891		Ecocyc:TU0-8302 
RDBECOLITUC02616	dut-slmA	RDBECOLIOPC00667	dut-slmA	RDBECOLIGNC01171,RDBECOLIGNC00245	slmA;dut	RDBECOLIPMC02921	dutp	3813852		sigma70			b3641;b3640	3813929	3815090		Ecocyc:TU0-8321 
RDBECOLITUC02617	lolB-ispE-prs	RDBECOLIOPC02719	lolB-ispE-prs	RDBECOLIGNC00764,RDBECOLIGNC01266,RDBECOLIGNC01265	prs;ispE;lolB	RDBECOLIPMC02922	lolBp	1263556	RDBECOLITMC00333	sigma28			b1207;b1208;b1209	1263500	1260928	1260895-1260909	Ecocyc:TU0-8323 
RDBECOLITUC02618	narK	RDBECOLIOPC03248	narK	RDBECOLIGNC04714,RDBECOLIGNC00634	narS;narK	RDBECOLIPMC02923	narKp2	1277821		sigma70			b4813;b1223	1277957	1279520		Ecocyc:TU0-8324 
RDBECOLITUC02619	acrR	RDBECOLIOPC00120	acrR	RDBECOLIGNC02015	acrR	RDBECOLIPMC02924	acrRp	485699		sigma70	RDBECOLITFC00065	AcrR	b0464	485761	486408		Ecocyc:TU0-8325 
RDBECOLITUC02620	yoeA	RDBECOLIOPC01653	yoeA	RDBECOLIGNC03919	yoeA								b4582	2068635	2070474		Ecocyc:TU0-8326 
RDBECOLITUC02621	nfeF	RDBECOLIOPC00706	nfeF	RDBECOLIGNC04394	nfeF	RDBECOLIPMC00510	yqjHp	3216538		sigma70	RDBECOLITFC00099,RDBECOLITFC00093,RDBECOLITFC00093,RDBECOLITFC00093	NfeR,Fur,Fur,Fur	b3070	3216491	3215727		Ecocyc:TU0-8327 
RDBECOLITUC02622	yegS	RDBECOLIOPC02355	yegS	RDBECOLIGNC03965	yegS								b2086	2168712	2169611		Ecocyc:TU0-8328 
RDBECOLITUC02623	zinT	RDBECOLIOPC01311	zinT	RDBECOLIGNC03906	zinT	RDBECOLIPMC02925	zinTp	2041346		sigma70	RDBECOLITFC00216,RDBECOLITFC00093,RDBECOLITFC00201,RDBECOLITFC00035	OxyR,Fur,SoxS,Zur	b1973	2041375	2042025		Ecocyc:TU0-8330 
RDBECOLITUC02624	ydhB	RDBECOLIOPC00430	ydhB	RDBECOLIGNC02036	punR								b1659	1739798	1738866		Ecocyc:TU0-8331 
RDBECOLITUC02625	ydhP	RDBECOLIOPC01946	ydhP	RDBECOLIGNC03746	ydhP								b1657	1737290	1736121		Ecocyc:TU0-8332 
RDBECOLITUC02626	ldtB	RDBECOLIOPC00949	ldtB	RDBECOLIGNC03291	ldtB	RDBECOLIPMC02926	ldtBp	855786			RDBECOLITFC00189,RDBECOLITFC00189,RDBECOLITFC00051	CRP,CRP,Rob	b0819	855744	854824		Ecocyc:TU0-8334 
RDBECOLITUC02627	mltF	RDBECOLIOPC00158	mltF	RDBECOLIGNC01340	mltF	RDBECOLIPMC02927	mltFp	2695767		sigma70	RDBECOLITFC00051	Rob	b2558	2695801	2697357		Ecocyc:TU0-8335 
RDBECOLITUC02628	fbp	RDBECOLIOPC01590	fbp	RDBECOLIGNC00277	fbp								b4232	4455609	4454611		Ecocyc:TU0-8336 
RDBECOLITUC02629	barA	RDBECOLIOPC00656	barA	RDBECOLIGNC01334	barA								b2786	2915057	2917813		Ecocyc:TU0-8337 
RDBECOLITUC02630	ygcG	RDBECOLIOPC02415	ygcG	RDBECOLIGNC04256	ygcG								b2778	2905711	2906583		Ecocyc:TU0-8338 
RDBECOLITUC02631	queE	RDBECOLIOPC01253	queE	RDBECOLIGNC04255	queE						RDBECOLITFC00166	PhoP	b2777	2905418	2904747		Ecocyc:TU0-8339 
RDBECOLITUC02632	fliE	RDBECOLIOPC03345	fliE	RDBECOLIGNC01316	fliE	RDBECOLIPMC02928	fliEp2	2013093		sigma28	RDBECOLITFC00018,RDBECOLITFC00018	CsgD,CsgD	b1937	2013014	2012700		Ecocyc:TU0-8340 
RDBECOLITUC02633	rtcR	RDBECOLIOPC01995	rtcR	RDBECOLIGNC02219	rtcR	RDBECOLIPMC02929	rtcRp			sigma54			b3422	3558268	3559866		Ecocyc:TU0-8341 
RDBECOLITUC02634	scpA-argK-scpBC	RDBECOLIOPC00988	scpA-argK-scpBC	RDBECOLIGNC04327,RDBECOLIGNC04326,RDBECOLIGNC01408,RDBECOLIGNC01407	scpC;scpB;argK;scpA						RDBECOLITFC00128	FNR	b2920;b2919;b2918;b2917	3060850	3066280		Ecocyc:TU0-8343 
RDBECOLITUC02635	hypABCDE-fhlA	RDBECOLIOPC03176	hypABCDE-fhlA	RDBECOLIGNC00295,RDBECOLIGNC00480,RDBECOLIGNC00479,RDBECOLIGNC00478,RDBECOLIGNC00477,RDBECOLIGNC00476	fhlA;hypE;hypD;hypC;hypB;hypA	RDBECOLIPMC03473	hypAp	2850627		sigma54	RDBECOLITFC00038,RDBECOLITFC00072,RDBECOLITFC00072,RDBECOLITFC00211	NsrR,FhlA,FhlA,IHF	b2731;b2730;b2729;b2728;b2727;b2726	2850647	2856416		Ecocyc:TU0-8344 
RDBECOLITUC02636	hypBCDE-fhlA	RDBECOLIOPC03176	hypABCDE-fhlA	RDBECOLIGNC00295,RDBECOLIGNC00480,RDBECOLIGNC00479,RDBECOLIGNC00478,RDBECOLIGNC00477	fhlA;hypE;hypD;hypC;hypB	RDBECOLIPMC03780	hypBp	2850839			RDBECOLITFC00128,RDBECOLITFC00128	FNR,FNR	b2731;b2730;b2729;b2728;b2727	2851001	2856416		Ecocyc:TU0-8345 
RDBECOLITUC02637	frlABCDR	RDBECOLIOPC02641	frlABCDR	RDBECOLIGNC04517,RDBECOLIGNC04516,RDBECOLIGNC04515,RDBECOLIGNC04514,RDBECOLIGNC02419	frlR;frlD;frlC;frlB;frlA	RDBECOLIPMC02029	frlAp1	3499835		sigma70	RDBECOLITFC00189,RDBECOLITFC00144	CRP,FrlR	b3375;b3374;b4474;b3371;b3370	3499910	3504783		Ecocyc:TU0-8346 
RDBECOLITUC02638	dcuSR	RDBECOLIOPC02991	dcuSR	RDBECOLIGNC04568,RDBECOLIGNC04569	dcuR;dcuS	RDBECOLIPMC02931	dcuSp	4351685		sigma70	RDBECOLITFC00128,RDBECOLITFC00009,RDBECOLITFC00009	FNR,NarL,NarL	b4124;b4125	4351662	4349315		Ecocyc:TU0-8347 
RDBECOLITUC02639	macB	RDBECOLIOPC02177	macAB	RDBECOLIGNC03331	macB								b0879	920347	922293		Ecocyc:TU0-8349 
RDBECOLITUC02640	macB	RDBECOLIOPC02177	macAB	RDBECOLIGNC03331	macB								b0879	920347	922293		Ecocyc:TU0-8350 
RDBECOLITUC02641	bssS	RDBECOLIOPC03382	bssS	RDBECOLIGNC03422	bssS	RDBECOLIPMC02934	bssSp1	1121058		sigma32	RDBECOLITFC00185	YhaJ	b1060	1120955	1120701		Ecocyc:TU0-8351 
RDBECOLITUC02642	bssS	RDBECOLIOPC03382	bssS	RDBECOLIGNC03422	bssS	RDBECOLIPMC02935	bssSp2	1121032		sigma32			b1060	1120955	1120701		Ecocyc:TU0-8352 
RDBECOLITUC02643	ldhA	RDBECOLIOPC00147	ldhA	RDBECOLIGNC02976	ldhA	RDBECOLIPMC02936	ldhAp	1442915		sigma32			b1380	1442843	1441854		Ecocyc:TU0-8353 
RDBECOLITUC02644	bcsBZ	RDBECOLIOPC01624	bcsABZC	RDBECOLIGNC02134,RDBECOLIGNC02135	bcsZ;bcsB	RDBECOLIPMC02937	bcsBp	3692673		sigma70	RDBECOLITFC00128	FNR	b3531;b3532	3692607	3689155		Ecocyc:TU0-8354 
RDBECOLITUC02645	mutM	RDBECOLIOPC02281	yicR-rpmBG-mutM	RDBECOLIGNC00323	mutM								b3635	3811152	3810343		Ecocyc:TU0-8355 
RDBECOLITUC02646	ybbN	RDBECOLIOPC02397	ybbN	RDBECOLIGNC03149	cnoX	RDBECOLIPMC02939	ybbNp1	518490		sigma32			b0492	518279	517425		Ecocyc:TU0-8356 
RDBECOLITUC02647	gapC_1C_2	RDBECOLIOPC01240	gapC_1C_2	RDBECOLIGNC04697	gapC						RDBECOLITFC00128	FNR	b4493	1490713	1489713		Ecocyc:TU0-8359 
RDBECOLITUC02648	treF	RDBECOLIOPC00367	treF	RDBECOLIGNC02123	treF	RDBECOLIPMC02406	treFp	3669551		sigma38			b3519	3669592	3671241		Ecocyc:TU0-8360 
RDBECOLITUC02649	pcnB-folK	RDBECOLIOPC02987	pcnB-folK	RDBECOLIGNC01341,RDBECOLIGNC00682	folK;pcnB	RDBECOLIPMC02941	pcnBp1	159151		sigma70			b0142;b0143	159126	157253		Ecocyc:TU0-8361 
RDBECOLITUC02650	pcnB-folK	RDBECOLIOPC02987	pcnB-folK	RDBECOLIGNC01341,RDBECOLIGNC00682	folK;pcnB	RDBECOLIPMC02942	pcnBp2	159195		sigma70			b0142;b0143	159126	157253		Ecocyc:TU0-8362 
RDBECOLITUC02651	rssB	RDBECOLIOPC02795	rssAB	RDBECOLIGNC02019	rssB	RDBECOLIPMC02943	rssBp	1290220		sigma38			b1235	1290242	1291255		Ecocyc:TU0-8364 
RDBECOLITUC02652	bcsABZC	RDBECOLIOPC01624	bcsABZC	RDBECOLIGNC02133,RDBECOLIGNC02134,RDBECOLIGNC02135,RDBECOLIGNC02136	bcsC;bcsZ;bcsB;bcsA								b3530;b3531;b3532;b3533	3695236	3685700		Ecocyc:TU0-8365 
RDBECOLITUC02653	bcsQ	RDBECOLIOPC00685	bcsQ	RDBECOLIGNC02137	bcsQ								b3534	3695985	3695233		Ecocyc:TU0-8366 
RDBECOLITUC02654	rssAB	RDBECOLIOPC02795	rssAB	RDBECOLIGNC02019,RDBECOLIGNC02018	rssB;rssA	RDBECOLIPMC02944	rssAp	1289106		sigma38			b1235;b1234	1289245	1291255		Ecocyc:TU0-8367 
RDBECOLITUC02655	cobUST	RDBECOLIOPC02516	cobUST	RDBECOLIGNC02045,RDBECOLIGNC02044,RDBECOLIGNC02429	cobT;cobS;cobU	RDBECOLIPMC02946	cobUp2	2065972		sigma70			b1991;b1992;b1993	2065764	2063388		Ecocyc:TU0-8368 
RDBECOLITUC02656	bamA-hlpA-lpxD-fabZ-lpxAB-rnhB-dnaE	RDBECOLIOPC03570	bamA-hlpA-lpxD-fabZ-lpxAB-rnhB-dnaE	RDBECOLIGNC00232,RDBECOLIGNC00851,RDBECOLIGNC00538,RDBECOLIGNC00537,RDBECOLIGNC01256,RDBECOLIGNC00310,RDBECOLIGNC00448,RDBECOLIGNC02989	dnaE;rnhB;lpxB;lpxA;fabZ;lpxD;skp;bamA	RDBECOLIPMC02947	bamAp2	197026		sigma24			b0184;b0183;b0182;b0181;b0180;b0179;b0178;b0177	197928	208608		Ecocyc:TU0-8373 
RDBECOLITUC02657	ybfHG	RDBECOLIOPC01915	ybfHG	RDBECOLIGNC01709	ybfG	RDBECOLIPMC02948	ybfHp	716641		sigma24			b0691	716597	715947		Ecocyc:TU0-8375 
RDBECOLITUC02658	lpp	RDBECOLIOPC01101	lpp	RDBECOLIGNC00536	lpp	RDBECOLIPMC02949	lppp2	1757296					b1677	1757421	1757657		Ecocyc:TU0-8380 
RDBECOLITUC02659	ybgIJKL-nei	RDBECOLIOPC02931	ybgIJKL-nei	RDBECOLIGNC03252,RDBECOLIGNC03251,RDBECOLIGNC03250,RDBECOLIGNC03249,RDBECOLIGNC03248	nei;pxpA;pxpC;pxpB;ybgI	RDBECOLIPMC02950	ybgIp1	742619					b0714;b0713;b0712;b0711;b0710	742827	746726		Ecocyc:TU0-8454 
RDBECOLITUC02660	ybgIJKL-nei	RDBECOLIOPC02931	ybgIJKL-nei	RDBECOLIGNC03251,RDBECOLIGNC03252,RDBECOLIGNC03250,RDBECOLIGNC03249,RDBECOLIGNC03248	pxpA;nei;pxpC;pxpB;ybgI	RDBECOLIPMC02951	ybgIp2	742798					b0713;b0714;b0712;b0711;b0710	742827	746726		Ecocyc:TU0-8455 
RDBECOLITUC02661	ydgK-rsxABCDGE-nth	RDBECOLIOPC02953	ydgK-rsxABCDGE-nth	RDBECOLIGNC00654,RDBECOLIGNC03729,RDBECOLIGNC03728,RDBECOLIGNC03727,RDBECOLIGNC03726,RDBECOLIGNC03725,RDBECOLIGNC03724,RDBECOLIGNC03723	nth;rsxE;rsxG;rsxD;rsxC;rsxB;rsxA;ydgK	RDBECOLIPMC02952	ydgKp	1705207					b1633;b1632;b1631;b1630;b1629;b1628;b1627;b1626	1705250	1712158		Ecocyc:TU0-8456 
RDBECOLITUC02662	rsxABCDGE-nth	RDBECOLIOPC02953	ydgK-rsxABCDGE-nth	RDBECOLIGNC00654,RDBECOLIGNC03729,RDBECOLIGNC03728,RDBECOLIGNC03727,RDBECOLIGNC03726,RDBECOLIGNC03725,RDBECOLIGNC03724	nth;rsxE;rsxG;rsxD;rsxC;rsxB;rsxA	RDBECOLIPMC02953	rsxAp	1705755			RDBECOLITFC00093	Fur	b1633;b1632;b1631;b1630;b1629;b1628;b1627	1705767	1712158		Ecocyc:TU0-8458 
RDBECOLITUC02663	rplL	RDBECOLIOPC03019	rplKAJL-rpoBC	RDBECOLIGNC00863	rplL	RDBECOLIPMC02964	rplLp						b3986	4180560	4180925		Ecocyc:TU0-8464 
RDBECOLITUC02664	fbaB	RDBECOLIOPC00356	fbaB	RDBECOLIGNC03969	fbaB	RDBECOLIPMC02965	fbaBp	2178667		sigma38	RDBECOLITFC00057	Cra	b2097	2178564	2177512		Ecocyc:TU0-8469 
RDBECOLITUC02665	pgaABCD	RDBECOLIOPC01963	pgaABCD	RDBECOLIGNC03395,RDBECOLIGNC03396,RDBECOLIGNC03397,RDBECOLIGNC03398	pgaD;pgaC;pgaB;pgaA	RDBECOLIPMC02966	pgaAp	1092523			RDBECOLITFC00040,RDBECOLITFC00084,RDBECOLITFC00084	OmpR,NhaR,NhaR	b1021;b1022;b1023;b1024	1092289	1086106		Ecocyc:TU0-8471 
RDBECOLITUC02666	argA	RDBECOLIOPC00966	argA	RDBECOLIGNC00059	argA	RDBECOLIPMC02967	argAp	2949156		sigma70	RDBECOLITFC00109,RDBECOLITFC00109	ArgR,ArgR	b2818	2949242	2950573		Ecocyc:TU0-8472 
RDBECOLITUC02667	tppB	RDBECOLIOPC00086	tppB	RDBECOLIGNC03730	dtpA	RDBECOLIPMC02968	tppBp	1712671		sigma70	RDBECOLITFC00187,RDBECOLITFC00040	GadX,OmpR	b1634	1712769	1714271		Ecocyc:TU0-8473 
RDBECOLITUC02668	rpsO	RDBECOLIOPC03608	metY-yhbC-nusA-infB-rbfA-truB-rpsO-pnp	RDBECOLIGNC00904	rpsO	RDBECOLIPMC03652	rpsOp	3311786	RDBECOLITMC00024				b3165	3311684	3311415	3311372-3311398	Ecocyc:TU0-8474 
RDBECOLITUC02669	yciZT	RDBECOLIOPC02658	yciZT	RDBECOLIGNC02652,RDBECOLIGNC03500	yciZ;yciT	RDBECOLIPMC02969	yciZp	1344638		sigma38			b4596;b1284	1344609	1343597		Ecocyc:TU0-8475 
RDBECOLITUC02670	metY	RDBECOLIOPC03608	metY-yhbC-nusA-infB-rbfA-truB-rpsO-pnp	RDBECOLIGNC02498	metY	RDBECOLIPMC03876	metYp2	3318375	RDBECOLITMC00017,RDBECOLITMC00016	sigma70	RDBECOLITFC00109,RDBECOLITFC00109,RDBECOLITFC00109,RDBECOLITFC00189	ArgR,ArgR,ArgR,CRP	b3171	3318289	3318213	3318031-3318043;3318072-3318087	Ecocyc:TU0-8476 
RDBECOLITUC02671	cysS	RDBECOLIOPC01268	cysS	RDBECOLIGNC00191	cysS	RDBECOLIPMC02970	cysSp	554577					b0526	554611	555996		Ecocyc:TU0-8477 
RDBECOLITUC02672	dosCP	RDBECOLIOPC00396	dosCP	RDBECOLIGNC03637,RDBECOLIGNC03638	dosP;dosC				RDBECOLITMC00119				b1489;b1490	1567140	1563334	1563276-1563301	Ecocyc:TU0-8478 
RDBECOLITUC02673	appY	RDBECOLIOPC03133	appY	RDBECOLIGNC00046	appY	RDBECOLIPMC02971	appYp1	583567		sigma70	RDBECOLITFC00020,RDBECOLITFC00173	H-NS,DpiA	b0564	583681	584430		Ecocyc:TU0-8479 
RDBECOLITUC02674	erpA	RDBECOLIOPC00915	erpA	RDBECOLIGNC02202	erpA	RDBECOLIPMC02972	erpAp	176561			RDBECOLITFC00055	IscR	b0156	176610	176954		Ecocyc:TU0-8480 
RDBECOLITUC02675	nfuA	RDBECOLIOPC02943	gntXY	RDBECOLIGNC04538	nfuA	RDBECOLIPMC02973	nfuAp1	3545596			RDBECOLITFC00055	IscR	b3414	3545624	3546199		Ecocyc:TU0-8481 
RDBECOLITUC02676	ydiU	RDBECOLIOPC01541	ydiU	RDBECOLIGNC03776	selO	RDBECOLIPMC02974	ydiUp	1791254			RDBECOLITFC00055	IscR	b1706	1791244	1789808		Ecocyc:TU0-8482 
RDBECOLITUC02677	napFDAGHBC	RDBECOLIOPC01540	napFDAGHBC-ccmABCDEFGH	RDBECOLIGNC01968,RDBECOLIGNC01969,RDBECOLIGNC01970,RDBECOLIGNC01971,RDBECOLIGNC01972,RDBECOLIGNC02039,RDBECOLIGNC01973	napC;napB;napH;napG;napA;napD;napF	RDBECOLIPMC02975	napFp3	2303695			RDBECOLITFC00055	IscR	b2202;b2203;b2204;b2205;b2206;b2207;b2208	2303497	2297657		Ecocyc:TU0-8484 
RDBECOLITUC02678	oxyS	RDBECOLIOPC02360	oxyS	RDBECOLIGNC02553	oxyS	RDBECOLIPMC00353	oxySp	4158394		sigma70	RDBECOLITFC00216,RDBECOLITFC00216	OxyR,OxyR	b4458	4158394	4158278		Ecocyc:TU0-8485 
RDBECOLITUC02679	panD	RDBECOLIOPC02796	panD	RDBECOLIGNC01683	panD	RDBECOLIPMC00532	panDp1	146745					b0131	146694	146314		Ecocyc:TU0-8486 
RDBECOLITUC02680	pdxK	RDBECOLIOPC00344	pdxK	RDBECOLIGNC04088	pdxK	RDBECOLIPMC00124	pdxKp	2537319					b2418	2537237	2536386		Ecocyc:TU0-8487 
RDBECOLITUC02681	pepE	RDBECOLIOPC01947	pepE	RDBECOLIGNC01845	pepE								b4021	4230142	4229453		Ecocyc:TU0-8488 
RDBECOLITUC02682	pepN	RDBECOLIOPC00954	pepN	RDBECOLIGNC00687	pepN	RDBECOLIPMC00050	pepNp	990591					b0932	990622	993234		Ecocyc:TU0-8489 
RDBECOLITUC02683	pepT	RDBECOLIOPC00075	pepT	RDBECOLIGNC01502	pepT	RDBECOLIPMC02976	pepTp	1185823			RDBECOLITFC00128	FNR	b1127	1185844	1187070		Ecocyc:TU0-8490 
RDBECOLITUC02684	pitA	RDBECOLIOPC01595	pitA	RDBECOLIGNC02109	pitA	RDBECOLIPMC02977	pitAp	3637612			RDBECOLITFC00128	FNR	b3493	3637642	3639141		Ecocyc:TU0-8491 
RDBECOLITUC02685	ppA	RDBECOLIOPC00662	ppA	RDBECOLIGNC00745	ppa	RDBECOLIPMC00208	ppap	4449686					b4226	4449652	4449122		Ecocyc:TU0-8492 
RDBECOLITUC02686	proC	RDBECOLIOPC02282	proC	RDBECOLIGNC00759	proC	RDBECOLIPMC03291	proCp	405686	RDBECOLITMC00164				b0386	405644	404835	404786-404824	Ecocyc:TU0-8493 
RDBECOLITUC02687	purT	RDBECOLIOPC01256	purT	RDBECOLIGNC01740	purT	RDBECOLIPMC02555	purTp	1930857		sigma70	RDBECOLITFC00121	PurR	b1849	1930881	1932059		Ecocyc:TU0-8494 
RDBECOLITUC02688	rdgC	RDBECOLIOPC00383	rdgC	RDBECOLIGNC02050	rdgC								b0393	410019	409108		Ecocyc:TU0-8495 
RDBECOLITUC02689	rdlA	RDBECOLIOPC01886	rdlA	RDBECOLIGNC02934	rdlA								b4420	1269323	1269389		Ecocyc:TU0-8496 
RDBECOLITUC02690	rdlB	RDBECOLIOPC00902	rdlB	RDBECOLIGNC02936	rdlB								b4422	1269858	1269923		Ecocyc:TU0-8497 
RDBECOLITUC02691	rdlC	RDBECOLIOPC00114	rdlC	RDBECOLIGNC02938	rdlC								b4424	1270393	1270460		Ecocyc:TU0-8498 
RDBECOLITUC02692	rfaH	RDBECOLIOPC01527	rfaH	RDBECOLIGNC00829	rfaH						RDBECOLITFC00135	Nac	b3842	4024821	4024333		Ecocyc:TU0-8499 
RDBECOLITUC02693	rhlE	RDBECOLIOPC00608	rhlE	RDBECOLIGNC01212	rhlE						RDBECOLITFC00079	CecR	b0797	830872	832236		Ecocyc:TU0-8500 
RDBECOLITUC02694	rhtB	RDBECOLIOPC02340	rhtB	RDBECOLIGNC01430	rhtB								b3824	4009059	4008439		Ecocyc:TU0-8501 
RDBECOLITUC02695	nsrR-rnr-rlmB-yjfI	RDBECOLIOPC01969	nsrR-rnr-rlmB-yjfI	RDBECOLIGNC04587,RDBECOLIGNC04586,RDBECOLIGNC01233,RDBECOLIGNC01191	yjfI;rlmB;rnr;nsrR	RDBECOLIPMC02978	nsrRp	4406044					b4181;b4180;b4179;b4178	4406190	4410534		Ecocyc:TU0-8502 
RDBECOLITUC02696	ybiT	RDBECOLIOPC00334	ybiT	RDBECOLIGNC03292	ybiT	RDBECOLIPMC00541	ybiTp	855947			RDBECOLITFC00051,RDBECOLITFC00180,RDBECOLITFC00189,RDBECOLITFC00189	Rob,AscG,CRP,CRP	b0820	855963	857555		Ecocyc:TU0-8503 
RDBECOLITUC02697	ribC	RDBECOLIOPC01930	ribC	RDBECOLIGNC01371	ribC								b1662	1743242	1742601		Ecocyc:TU0-8504 
RDBECOLITUC02698	rluF	RDBECOLIOPC00940	rluF	RDBECOLIGNC01846	rluF								b4022	4230354	4231226		Ecocyc:TU0-8505 
RDBECOLITUC02699	rpmE	RDBECOLIOPC00478	rpmE	RDBECOLIGNC00879	rpmE	RDBECOLIPMC03239	rpmEp2	4126908	RDBECOLITMC00237	sigma32			b3936	4127013	4127225	4127241-4127262	Ecocyc:TU0-8506 
RDBECOLITUC02700	ryeA	RDBECOLIOPC01578	ryeA	RDBECOLIGNC02868	ryeA	RDBECOLIPMC03087	ryeAp	1923064		sigma70			b4432	1923066	1923337		Ecocyc:TU0-8508 
RDBECOLITUC02701	sieB	RDBECOLIOPC00648	sieB	RDBECOLIGNC02048	sieB								b1353	1418671	1419159		Ecocyc:TU0-8509 
RDBECOLITUC02702	tusA	RDBECOLIOPC02264	tusA	RDBECOLIGNC02098	tusA								b3470	3608996	3608751		Ecocyc:TU0-8510 
RDBECOLITUC02703	slyA	RDBECOLIOPC01243	slyA	RDBECOLIGNC03735	slyA						RDBECOLITFC00136,RDBECOLITFC00136	SlyA,SlyA	b1642	1720824	1720390		Ecocyc:TU0-8511 
RDBECOLITUC02704	slyX	RDBECOLIOPC00372	slyX	RDBECOLIGNC01605	slyX								b3348	3477640	3477858		Ecocyc:TU0-8512 
RDBECOLITUC02705	ybjX	RDBECOLIOPC01871	ybjX	RDBECOLIGNC03329	ybjX	RDBECOLIPMC00043	ybjXp	919103					b0877	919120	918128		Ecocyc:TU0-8513 
RDBECOLITUC02706	sraA	RDBECOLIOPC00888	sraA	RDBECOLIGNC02865	sraA									458784	458728		Ecocyc:TU0-8514 
RDBECOLITUC02707	micA	RDBECOLIOPC00099	micA	RDBECOLIGNC02869	micA	RDBECOLIPMC03079	micAp	2814802		sigma24			b4442	2814802	2814874		Ecocyc:TU0-8515 
RDBECOLITUC02708	sraG	RDBECOLIOPC01512	sraG	RDBECOLIGNC02873	sraG	RDBECOLIPMC03088	sraGp	3311183	RDBECOLITMC00024	sigma70			b4449	3311183	3311398	3311372-3311398	Ecocyc:TU0-8516 
RDBECOLITUC02709	arcZ	RDBECOLIOPC00591	arcZ	RDBECOLIGNC02874	arcZ	RDBECOLIPMC03121	arcZp	3350577	RDBECOLITMC00107		RDBECOLITFC00098	ArcA	b4450	3350577	3350697	3350671-3350697	Ecocyc:TU0-8517 
RDBECOLITUC02710	glmZ	RDBECOLIOPC02322	glmZ	RDBECOLIGNC02876	glmZ	RDBECOLIPMC03089	glmZp	3986432		sigma70			b4456	3986432	3986603		Ecocyc:TU0-8518 
RDBECOLITUC02711	ryjA	RDBECOLIOPC01189	ryjA	RDBECOLIGNC02878	ryjA	RDBECOLIPMC03090	ryjAp	4278066	RDBECOLITMC00328	sigma38			b4459	4278066	4277926	4277927-4277957	Ecocyc:TU0-8519 
RDBECOLITUC02712	srmB	RDBECOLIOPC00322	srmB	RDBECOLIGNC00963	srmB								b2576	2712896	2714230		Ecocyc:TU0-8521 
RDBECOLITUC02713	chiX	RDBECOLIOPC01914	chiX	RDBECOLIGNC02920	chiX	RDBECOLIPMC03104	chiXp	507204	RDBECOLITMC00085	sigma70			b4585	507204	507287	507260-507287	Ecocyc:TU0-8522 
RDBECOLITUC02714	ybaP	RDBECOLIOPC00929	ybaP	RDBECOLIGNC03139	ybaP								b0482	508080	507286		Ecocyc:TU0-8523 
RDBECOLITUC02715	ybaQ	RDBECOLIOPC00053	ybaQ	RDBECOLIGNC03140	ybaQ	RDBECOLIPMC00536	ybaQp	508191					b0483	508218	508559		Ecocyc:TU0-8524 
RDBECOLITUC02716	sseA	RDBECOLIOPC01560	sseA	RDBECOLIGNC01547	sseA	RDBECOLIPMC00133	sseAp	2652391					b2521	2652494	2653339		Ecocyc:TU0-8526 
RDBECOLITUC02717	tdk	RDBECOLIOPC00639	tdk	RDBECOLIGNC00982	tdk								b1238	1293527	1294144		Ecocyc:TU0-8527 
RDBECOLITUC02718	tesB	RDBECOLIOPC02246	tesB	RDBECOLIGNC00983	tesB	RDBECOLIPMC03298	tesBp	475201					b0452	475161	474301		Ecocyc:TU0-8528 
RDBECOLITUC02719	thiI	RDBECOLIOPC01228	thiI	RDBECOLIGNC03122	thiI	RDBECOLIPMC02404	thiIp	441468					b0423	441549	442997		Ecocyc:TU0-8529 
RDBECOLITUC02720	torT	RDBECOLIOPC00361	torT	RDBECOLIGNC03384	torT						RDBECOLITFC00055	IscR	b0994	1056261	1057289		Ecocyc:TU0-8530 
RDBECOLITUC02721	tqsA	RDBECOLIOPC01855	tqsA	RDBECOLIGNC03712	tqsA	RDBECOLIPMC00083	tqsAp	1673890					b1601	1673913	1674947		Ecocyc:TU0-8532 
RDBECOLITUC02722	ubiF	RDBECOLIOPC00872	ubiF	RDBECOLIGNC03241	ubiF								b0662	695101	696276		Ecocyc:TU0-8533 
RDBECOLITUC02723	ushA	RDBECOLIOPC00090	ushA	RDBECOLIGNC01048	ushA								b0480	504914	506566		Ecocyc:TU0-8534 
RDBECOLITUC02724	uspC	RDBECOLIOPC01494	uspC	RDBECOLIGNC03881	uspC						RDBECOLITFC00135	Nac	b1895	1979753	1980181		Ecocyc:TU0-8535 
RDBECOLITUC02725	uspG	RDBECOLIOPC00578	uspG	RDBECOLIGNC03211	uspG	RDBECOLIPMC03306	uspGp	641903					b0607	641867	641439		Ecocyc:TU0-8536 
RDBECOLITUC02726	mlaA	RDBECOLIOPC02302	mlaA	RDBECOLIGNC04046	mlaA	RDBECOLIPMC00120	mlaAp	2465135					b2346	2465007	2464252		Ecocyc:TU0-8537 
RDBECOLITUC02727	yaaI	RDBECOLIOPC01174	yaaI	RDBECOLIGNC04695	yaaI								b0013	11786	11382		Ecocyc:TU0-8538 
RDBECOLITUC02728	yacH	RDBECOLIOPC00310	yacH	RDBECOLIGNC02187	yacH						RDBECOLITFC00051	Rob	b0117	131260	129407		Ecocyc:TU0-8539 
RDBECOLITUC02729	yadD	RDBECOLIOPC01901	yadD	RDBECOLIGNC01684	rpnC								b0132	146968	147870		Ecocyc:TU0-8540 
RDBECOLITUC02730	yafC	RDBECOLIOPC00919	yafC	RDBECOLIGNC01591	yafC						RDBECOLITFC00135	Nac	b0208	230881	229967		Ecocyc:TU0-8541 
RDBECOLITUC02731	yafF	RDBECOLIOPC00045	yafF	RDBECOLIGNC02571	yafF								b4503	239190	239378		Ecocyc:TU0-8542 
RDBECOLITUC02732	yafS	RDBECOLIOPC01544	yafS	RDBECOLIGNC02996	yafS								b0213	234816	235538		Ecocyc:TU0-8543 
RDBECOLITUC02733	yafU	RDBECOLIOPC00626	yafU	RDBECOLIGNC02998	yafU	RDBECOLIPMC03236	yafUp			sigma32			b0218	239084	238746		Ecocyc:TU0-8544 
RDBECOLITUC02734	yafV	RDBECOLIOPC02226	yafV	RDBECOLIGNC02999	yafV	RDBECOLIPMC03283	yafVp	240216					b0219	240189	239419		Ecocyc:TU0-8545 
RDBECOLITUC02735	yagJ	RDBECOLIOPC01215	yagJ	RDBECOLIGNC03042	yagJ								b0276	291500	292231		Ecocyc:TU0-8546 
RDBECOLITUC02736	yagU	RDBECOLIOPC00350	yagU	RDBECOLIGNC03053	yagU						RDBECOLITFC00135	Nac	b0287	302991	303605		Ecocyc:TU0-8547 
RDBECOLITUC02737	yahN	RDBECOLIOPC01840	yahN	RDBECOLIGNC03086	yahN						RDBECOLITFC00189	CRP	b0328	346337	345666		Ecocyc:TU0-8548 
RDBECOLITUC02738	yahO	RDBECOLIOPC00857	yahO	RDBECOLIGNC03087	yahO	RDBECOLIPMC03287	yahOp	346432					b0329	346484	346759		Ecocyc:TU0-8549 
RDBECOLITUC02739	yaiT	RDBECOLIOPC00080	yaiT	RDBECOLIGNC03109	yaiT								b4580	390251	394418		Ecocyc:TU0-8550 
RDBECOLITUC02740	yaiY	RDBECOLIOPC01479	yaiY	RDBECOLIGNC03114	yaiY						RDBECOLITFC00135	Nac	b0379	399333	399025		Ecocyc:TU0-8551 
RDBECOLITUC02741	ybaY	RDBECOLIOPC00567	ybaY	RDBECOLIGNC03133	ybaY								b0453	475379	475951		Ecocyc:TU0-8552 
RDBECOLITUC02742	ybaZ	RDBECOLIOPC02285	ybaZ	RDBECOLIGNC03134	ybaZ								b0454	476371	475982		Ecocyc:TU0-8553 
RDBECOLITUC02743	yaiZ	RDBECOLIOPC01158	yaiZ	RDBECOLIGNC03115	yaiZ	RDBECOLIPMC00535	yaiZp	399454					b0380	399593	399805		Ecocyc:TU0-8554 
RDBECOLITUC02744	yajQ	RDBECOLIOPC00298	yajQ	RDBECOLIGNC03124	yajQ	RDBECOLIPMC03294	yajQp	444658					b0426	444683	445174		Ecocyc:TU0-8555 
RDBECOLITUC02745	ybaK	RDBECOLIOPC01885	ybaK	RDBECOLIGNC02298	ybaK								b0481	507082	506603		Ecocyc:TU0-8556 
RDBECOLITUC02746	ybcY	RDBECOLIOPC00906	ybcY	RDBECOLIGNC03194	ybcY								b0562	582806	582152		Ecocyc:TU0-8557 
RDBECOLITUC02747	ybdH	RDBECOLIOPC00037	ybdH	RDBECOLIGNC02352	hcxA								b0599	633477	632389		Ecocyc:TU0-8558 
RDBECOLITUC02748	ybdL	RDBECOLIOPC01530	ybdL	RDBECOLIGNC03206	ybdL								b0600	633586	634746		Ecocyc:TU0-8559 
RDBECOLITUC02749	ybeL	RDBECOLIOPC00612	ybeL	RDBECOLIGNC02395	ybeL	RDBECOLIPMC03310	ybeLp	674993					b0643	675018	675500		Ecocyc:TU0-8560 
RDBECOLITUC02750	ybeQ	RDBECOLIOPC02208	ybeQ	RDBECOLIGNC03227	ybeQ						RDBECOLITFC00135,RDBECOLITFC00212	Nac,LeuO	b0644	676547	675570		Ecocyc:TU0-8561 
RDBECOLITUC02751	ybeT	RDBECOLIOPC01204	ybeT	RDBECOLIGNC03230	ybeT						RDBECOLITFC00135	Nac	b0647	679406	678852		Ecocyc:TU0-8562 
RDBECOLITUC02752	dtpD	RDBECOLIOPC00338	dtpD	RDBECOLIGNC03247	dtpD								b0709	742556	741075		Ecocyc:TU0-8563 
RDBECOLITUC02753	ybhA	RDBECOLIOPC01825	ybhA	RDBECOLIGNC01216	ybhA								b0766	798431	797613		Ecocyc:TU0-8564 
RDBECOLITUC02754	ybhD	RDBECOLIOPC00846	ybhD	RDBECOLIGNC03267	ybhD						RDBECOLITFC00135	Nac	b0768	800575	799622		Ecocyc:TU0-8565 
RDBECOLITUC02755	ybhQ	RDBECOLIOPC00068	ybhQ	RDBECOLIGNC03277	ybhQ	RDBECOLIPMC03312	ybhQp	824601					b0791	824630	825040		Ecocyc:TU0-8566 
RDBECOLITUC02756	ybiA	RDBECOLIOPC01464	ybiA	RDBECOLIGNC01530	ybiA								b0798	832950	832468		Ecocyc:TU0-8567 
RDBECOLITUC02757	ybiN	RDBECOLIOPC00554	ybiN	RDBECOLIGNC03285	rlmF						RDBECOLITFC00135	Nac	b0807	842332	843258		Ecocyc:TU0-8568 
RDBECOLITUC02758	ybiP	RDBECOLIOPC02267	ybiP	RDBECOLIGNC03287	opgE								b0815	852597	851014		Ecocyc:TU0-8569 
RDBECOLITUC02759	tsaD	RDBECOLIOPC01145	tsaD	RDBECOLIGNC01152	tsaD								b3064	3210543	3209530		Ecocyc:TU0-8571 
RDBECOLITUC02760	ygjH	RDBECOLIOPC00288	ygjH	RDBECOLIGNC04398	ygjH						RDBECOLITFC00135	Nac	b3074	3221247	3220915		Ecocyc:TU0-8572 
RDBECOLITUC02761	yhaJ	RDBECOLIOPC01870	yhaJ	RDBECOLIGNC04419	yhaJ						RDBECOLITFC00185	YhaJ	b3105	3254214	3253318		Ecocyc:TU0-8573 
RDBECOLITUC02762	yhbO	RDBECOLIOPC00892	yhbO	RDBECOLIGNC04444	yhbO						RDBECOLITFC00051	Rob	b3153	3298974	3299492		Ecocyc:TU0-8574 
RDBECOLITUC02763	yhbP	RDBECOLIOPC00024	yhbP	RDBECOLIGNC04445	yhbP								b3154	3299915	3299472		Ecocyc:TU0-8575 
RDBECOLITUC02764	yhbQ	RDBECOLIOPC01515	yhbQ	RDBECOLIGNC04446	yhbQ								b3155	3299966	3300268		Ecocyc:TU0-8576 
RDBECOLITUC02765	yhbY	RDBECOLIOPC00597	yhbY	RDBECOLIGNC02380	yhbY	RDBECOLIPMC00160	yhbYp	3327759					b3180	3327790	3328083		Ecocyc:TU0-8577 
RDBECOLITUC02766	yhdH	RDBECOLIOPC02191	yhdH	RDBECOLIGNC01285	yhdH								b3253	3403484	3404458		Ecocyc:TU0-8578 
RDBECOLITUC02767	yhgE	RDBECOLIOPC01192	yhgE	RDBECOLIGNC04535	yhgE						RDBECOLITFC00098	ArcA	b3402	3532439	3530715		Ecocyc:TU0-8579 
RDBECOLITUC02768	yhgN	RDBECOLIOPC00326	yhgN	RDBECOLIGNC04542	yhgN								b3434	3575071	3575664		Ecocyc:TU0-8580 
RDBECOLITUC02769	yhhA	RDBECOLIOPC01810	yhhA	RDBECOLIGNC01165	yhhA								b3448	3586943	3587383		Ecocyc:TU0-8582 
RDBECOLITUC02770	panZ	RDBECOLIOPC00832	panZ	RDBECOLIGNC02093	panZ								b3459	3597984	3598367		Ecocyc:TU0-8583 
RDBECOLITUC02771	yhhM	RDBECOLIOPC00058	yhhM	RDBECOLIGNC02095	yhhM								b3467	3605610	3605251		Ecocyc:TU0-8584 
RDBECOLITUC02772	yhhS	RDBECOLIOPC01451	yhhS	RDBECOLIGNC02100	yhhS								b3473	3611733	3610516		Ecocyc:TU0-8585 
RDBECOLITUC02773	yhiM	RDBECOLIOPC00544	yhiM	RDBECOLIGNC02107	yhiM	RDBECOLIPMC00516	yhiMp	3634743		sigma38	RDBECOLITFC00123,RDBECOLITFC00020,RDBECOLITFC00077	GadRcs,H-NS,GadE	b3491	3634841	3635893		Ecocyc:TU0-8586 
RDBECOLITUC02774	yhiN	RDBECOLIOPC02249	yhiN	RDBECOLIGNC02108	yhiN								b3492	3637410	3636208		Ecocyc:TU0-8587 
RDBECOLITUC02775	yhjB	RDBECOLIOPC01133	yhjB	RDBECOLIGNC02124	yhjB								b3520	3671894	3671292		Ecocyc:TU0-8588 
RDBECOLITUC02776	yiaF	RDBECOLIOPC00278	yiaF	RDBECOLIGNC02149	yiaF	RDBECOLIPMC00172	yiaFp	3719097					b3554	3719044	3718334		Ecocyc:TU0-8589 
RDBECOLITUC02777	wecH	RDBECOLIOPC01854	wecH	RDBECOLIGNC02150	wecH						RDBECOLITFC00135	Nac	b3561	3725887	3726882		Ecocyc:TU0-8590 
RDBECOLITUC02778	yiaT	RDBECOLIOPC00877	yiaT	RDBECOLIGNC02164	yiaT								b3584	3751868	3751128		Ecocyc:TU0-8591 
RDBECOLITUC02779	yiaU	RDBECOLIOPC00009	yiaU	RDBECOLIGNC02165	yiaU								b3585	3751992	3752966		Ecocyc:TU0-8592 
RDBECOLITUC02780	yibT	RDBECOLIOPC01497	yibT	RDBECOLIGNC02605	yibT								b4554	3776380	3776171		Ecocyc:TU0-8593 
RDBECOLITUC02781	yicS	RDBECOLIOPC00584	yicS	RDBECOLIGNC02606	yicS								b4555	3840215	3840508		Ecocyc:TU0-8594 
RDBECOLITUC02782	yidI	RDBECOLIOPC02171	yidI	RDBECOLIGNC01638	yidI								b3677	3856415	3856864		Ecocyc:TU0-8595 
RDBECOLITUC02783	yidL	RDBECOLIOPC01177	yidL	RDBECOLIGNC01648	yidL	RDBECOLIPMC02475	yidLp	3860253			RDBECOLITFC00095	RcsB-BglJ	b3680	3860283	3861176		Ecocyc:TU0-8596 
RDBECOLITUC02784	yidP	RDBECOLIOPC00315	yidP	RDBECOLIGNC01652	yidP								b3684	3863899	3864615		Ecocyc:TU0-8597 
RDBECOLITUC02785	yidR	RDBECOLIOPC01794	yidR	RDBECOLIGNC01654	yidR								b3689	3869309	3868062		Ecocyc:TU0-8598 
RDBECOLITUC02786	cbrA	RDBECOLIOPC03472	cbrA	RDBECOLIGNC01655	cbrA								b3690	3869377	3870441		Ecocyc:TU0-8599 
RDBECOLITUC02787	yidX	RDBECOLIOPC00048	yidX	RDBECOLIGNC01656	yidX								b3696	3875438	3876094		Ecocyc:TU0-8600 
RDBECOLITUC02788	yieG	RDBECOLIOPC01438	yieG	RDBECOLIGNC01661	adeP								b3714	3896609	3895272		Ecocyc:TU0-8601 
RDBECOLITUC02789	yifB	RDBECOLIOPC00535	yifB	RDBECOLIGNC01234	yifB								b3765	3949969	3948449		Ecocyc:TU0-8602 
RDBECOLITUC02790	yifE	RDBECOLIOPC02229	yifE	RDBECOLIGNC01412	maoP						RDBECOLITFC00091	HdfR	b3764	3948086	3948424		Ecocyc:TU0-8603 
RDBECOLITUC02791	yigE	RDBECOLIOPC01117	yigE	RDBECOLIGNC01423	yigE								b4482	4001056	4000292		Ecocyc:TU0-8605 
RDBECOLITUC02792	yihA	RDBECOLIOPC00266	yihA	RDBECOLIGNC01182	yihA								b3865	4050765	4050133		Ecocyc:TU0-8606 
RDBECOLITUC02793	yiiU	RDBECOLIOPC01839	yiiU	RDBECOLIGNC01805	zapB								b3928	4118515	4118760		Ecocyc:TU0-8607 
RDBECOLITUC02794	yjcB	RDBECOLIOPC00862	yjcB	RDBECOLIGNC01862	yjcB	RDBECOLIPMC00568	yjcBp	4275164			RDBECOLITFC00071	SoxR	b4060	4275041	4274760		Ecocyc:TU0-8608 
RDBECOLITUC02795	yjcC	RDBECOLIOPC02592	yjcC	RDBECOLIGNC01863	pdeC	RDBECOLIPMC00307	yjcCp	4275418		sigma38			b4061	4275471	4277057		Ecocyc:TU0-8609 
RDBECOLITUC02796	yjeH	RDBECOLIOPC01481	yjeH	RDBECOLIGNC04574	yjeH						RDBECOLITFC00135	Nac	b4141	4370412	4369156		Ecocyc:TU0-8610 
RDBECOLITUC02797	queG	RDBECOLIOPC00572	queG	RDBECOLIGNC04584	queG	RDBECOLIPMC00276	queGp	4394092					b4166	4394067	4392928		Ecocyc:TU0-8611 
RDBECOLITUC02798	yjfP	RDBECOLIOPC02155	yjfP	RDBECOLIGNC04594	yjfP								b4190	4416952	4417701		Ecocyc:TU0-8612 
RDBECOLITUC02799	yjfY	RDBECOLIOPC01161	yjfY	RDBECOLIGNC04601	yjfY						RDBECOLITFC00080	GlaR	b4199	4424791	4424516		Ecocyc:TU0-8613 
RDBECOLITUC02800	yjfZ	RDBECOLIOPC00303	yjfZ	RDBECOLIGNC04602	yjfZ								b4204	4427422	4426628		Ecocyc:TU0-8614 
RDBECOLITUC02801	yjgA	RDBECOLIOPC01779	yjgA	RDBECOLIGNC01375	yjgA								b4234	4457865	4457314		Ecocyc:TU0-8615 
RDBECOLITUC02802	yjgB	RDBECOLIOPC00807	yjgB	RDBECOLIGNC01399	ahr								b4269	4496209	4495190		Ecocyc:TU0-8616 
RDBECOLITUC02803	yjgD	RDBECOLIOPC01867	yjgD	RDBECOLIGNC04625	rraB	RDBECOLIPMC00211	rraBp2	4478445					b4255	4478473	4478889		Ecocyc:TU0-8617 
RDBECOLITUC02804	yjgM	RDBECOLIOPC01425	yjgM	RDBECOLIGNC04626	yjgM						RDBECOLITFC00135	Nac	b4256	4479537	4479034		Ecocyc:TU0-8619 
RDBECOLITUC02805	yjgN	RDBECOLIOPC00522	yjgN	RDBECOLIGNC04627	yjgN						RDBECOLITFC00135	Nac	b4257	4479730	4480926		Ecocyc:TU0-8620 
RDBECOLITUC02806	yjgZ	RDBECOLIOPC02211	yjgZ	RDBECOLIGNC04638	yjgZ								b4277	4501260	4501589		Ecocyc:TU0-8621 
RDBECOLITUC02807	yjhD	RDBECOLIOPC01105	yjhD	RDBECOLIGNC04641	yjhD								b4281	4506856	4506626		Ecocyc:TU0-8622 
RDBECOLITUC02808	yjhR	RDBECOLIOPC00255	yjhR	RDBECOLIGNC04656	yjhR								b4308	4535015	4536031		Ecocyc:TU0-8623 
RDBECOLITUC02809	yjiC	RDBECOLIOPC01824	yjiC	RDBECOLIGNC04660	yjiC								b4325	4556320	4555490		Ecocyc:TU0-8624 
RDBECOLITUC02811	yjiR	RDBECOLIOPC02572	yjiR	RDBECOLIGNC04673	yjiR								b4340	4571574	4570162		Ecocyc:TU0-8626 
RDBECOLITUC02812	yjjK	RDBECOLIOPC01467	yjjK	RDBECOLIGNC02213	ettA								b4391	4630522	4628855		Ecocyc:TU0-8627 
RDBECOLITUC02813	yjjN	RDBECOLIOPC00558	yjjN	RDBECOLIGNC04680	lgoD						RDBECOLITFC00142,RDBECOLITFC00001,RDBECOLITFC00189	UxuR,ExuR,CRP	b4358	4595990	4597012		Ecocyc:TU0-8628 
RDBECOLITUC02814	yjjX	RDBECOLIOPC02139	yjjX	RDBECOLIGNC02322	yjjX								b4394	4633745	4633233		Ecocyc:TU0-8629 
RDBECOLITUC02815	yjjZ	RDBECOLIOPC01148	yjjZ	RDBECOLIGNC02611	yjjZ	RDBECOLIPMC00305	yjjZp	4605777		sigma70	RDBECOLITFC00093,RDBECOLITFC00093,RDBECOLITFC00216	Fur,Fur,OxyR	b4567	4605804	4606040		Ecocyc:TU0-8630 
RDBECOLITUC02816	ykgL	RDBECOLIOPC00291	ykgL	RDBECOLIGNC03061	ykgL						RDBECOLITFC00135	Nac	b0295	312112	312339		Ecocyc:TU0-8631 
RDBECOLITUC02817	rimO	RDBECOLIOPC01765	rimO	RDBECOLIGNC03304	rimO	RDBECOLIPMC03314	rimOp	878070					b0835	878035	876710		Ecocyc:TU0-8632 
RDBECOLITUC02818	gstB	RDBECOLIOPC00793	gstB	RDBECOLIGNC03307	gstB	RDBECOLIPMC03315	gstBp	880519					b0838	880480	879854		Ecocyc:TU0-8633 
RDBECOLITUC02819	ymfI	RDBECOLIOPC00028	ymfI	RDBECOLIGNC03451	ymfI								b1143	1201497	1201838		Ecocyc:TU0-8635 
RDBECOLITUC02820	ynaI	RDBECOLIOPC01412	ynaI	RDBECOLIGNC03528	ynaI	RDBECOLIPMC00071	ynaIp	1395973					b1330	1395922	1394891		Ecocyc:TU0-8636 
RDBECOLITUC02821	yncD	RDBECOLIOPC00511	yncD	RDBECOLIGNC03617	pqqU								b1451	1523065	1520963		Ecocyc:TU0-8637 
RDBECOLITUC02822	yncE	RDBECOLIOPC02192	yncE	RDBECOLIGNC03618	yncE	RDBECOLIPMC00077	yncEp	1523227			RDBECOLITFC00074	MarA	b1452	1523307	1524368		Ecocyc:TU0-8638 
RDBECOLITUC02823	ynfC	RDBECOLIOPC01091	ynfC	RDBECOLIGNC03696	ynfC								b1585	1657457	1656747		Ecocyc:TU0-8639 
RDBECOLITUC02824	yniB	RDBECOLIOPC00238	yniB	RDBECOLIGNC03782	yniB	RDBECOLIPMC00092	yniBp	1809263					b1726	1809233	1808697		Ecocyc:TU0-8640 
RDBECOLITUC02825	ynjF	RDBECOLIOPC01807	ynjF	RDBECOLIGNC03804	ynjF	RDBECOLIPMC00552	ynjFp	1841432					b1758	1841403	1840783		Ecocyc:TU0-8641 
RDBECOLITUC02826	ynjH	RDBECOLIOPC00835	ynjH	RDBECOLIGNC03806	ynjH	RDBECOLIPMC03019	ynjHp1	1842163		sigma28			b1760	1842135	1841863		Ecocyc:TU0-8642 
RDBECOLITUC02827	yoaE	RDBECOLIOPC02551	yoaE	RDBECOLIGNC03847	yoaE	RDBECOLIPMC03272	yoaEp	1901772		sigma70			b1816	1901585	1900029		Ecocyc:TU0-8643 
RDBECOLITUC02828	yoaF	RDBECOLIOPC01452	yoaF	RDBECOLIGNC03829	yoaF								b1793	1877532	1877278		Ecocyc:TU0-8644 
RDBECOLITUC02829	yoaH	RDBECOLIOPC00547	yoaH	RDBECOLIGNC03845	yoaH								b1811	1894731	1894552		Ecocyc:TU0-8645 
RDBECOLITUC02830	yoaI	RDBECOLIOPC02117	yoaI	RDBECOLIGNC03824	yoaI								b1788	1874182	1874078		Ecocyc:TU0-8646 
RDBECOLITUC02831	yobH	RDBECOLIOPC01134	yobH	RDBECOLIGNC02592	yobH								b4536	1908925	1909164		Ecocyc:TU0-8647 
RDBECOLITUC02832	yodD	RDBECOLIOPC00281	yodD	RDBECOLIGNC03893	yodD								b1953	2024986	2025213		Ecocyc:TU0-8648 
RDBECOLITUC02833	yohD	RDBECOLIOPC01747	yohD	RDBECOLIGNC01932	yohD								b2136	2225801	2226379		Ecocyc:TU0-8649 
RDBECOLITUC02834	ypdI	RDBECOLIOPC00780	ypdI	RDBECOLIGNC04069	ypdI								b2376	2494698	2494973		Ecocyc:TU0-8650 
RDBECOLITUC02835	yphH	RDBECOLIOPC00014	yphH	RDBECOLIGNC04169	yphH								b2550	2682863	2684056		Ecocyc:TU0-8651 
RDBECOLITUC02836	yqeK	RDBECOLIOPC01397	yqeK	RDBECOLIGNC04281	yqeK						RDBECOLITFC00135	Nac	b2849	2990360	2989935		Ecocyc:TU0-8652 
RDBECOLITUC02837	yqgC	RDBECOLIOPC00500	yqgC	RDBECOLIGNC04331	yqgC								b2940	3086187	3086402		Ecocyc:TU0-8653 
RDBECOLITUC02838	yqgD	RDBECOLIOPC02170	yqgD	RDBECOLIGNC04332	yqgD								b2941	3086650	3086399		Ecocyc:TU0-8654 
RDBECOLITUC02839	yqhA	RDBECOLIOPC01084	yqhA	RDBECOLIGNC04366	yqhA								b3002	3149471	3148977		Ecocyc:TU0-8656 
RDBECOLITUC02840	yqhC	RDBECOLIOPC00223	yqhC	RDBECOLIGNC04369	yqhC						RDBECOLITFC00080	GlaR	b3010	3155218	3154262		Ecocyc:TU0-8657 
RDBECOLITUC02841	nfeR	RDBECOLIOPC01791	nfeR	RDBECOLIGNC04395	nfeR	RDBECOLIPMC02981	nfeRp	3216753			RDBECOLITFC00099,RDBECOLITFC00128	NfeR,FNR	b3071	3216779	3217402		Ecocyc:TU0-8658 
RDBECOLITUC02842	yraL	RDBECOLIOPC00821	yraL	RDBECOLIGNC04438	rsmI								b3146	3293335	3292475		Ecocyc:TU0-8659 
RDBECOLITUC02843	yrdA	RDBECOLIOPC02529	yrdA	RDBECOLIGNC04489	yrdA	RDBECOLIPMC03242	yrdAp			sigma32			b3279	3429236	3429790		Ecocyc:TU0-8660 
RDBECOLITUC02844	ysgA	RDBECOLIOPC01437	ysgA	RDBECOLIGNC04559	ysgA	RDBECOLIPMC02982	ysgAp	4016343		sigma70	RDBECOLITFC00128	FNR	b3830	4016169	4015354		Ecocyc:TU0-8661 
RDBECOLITUC02845	ytfA	RDBECOLIOPC00537	ytfA	RDBECOLIGNC04603	ytfA								b4205	4427694	4428095		Ecocyc:TU0-8662 
RDBECOLITUC02846	ytfB	RDBECOLIOPC02097	ytfB	RDBECOLIGNC04604	ytfB	RDBECOLIPMC00206	ytfBp	4428819					b4206	4428717	4428079		Ecocyc:TU0-8663 
RDBECOLITUC02847	ytfH	RDBECOLIOPC01116	ytfH	RDBECOLIGNC04609	ytfH								b4212	4434113	4434493		Ecocyc:TU0-8664 
RDBECOLITUC02848	ytjC	RDBECOLIOPC00268	ytjC	RDBECOLIGNC02055	ytjC								b4395	4633797	4634444		Ecocyc:TU0-8665 
RDBECOLITUC02849	zupT	RDBECOLIOPC01734	zupT	RDBECOLIGNC01149	zupT	RDBECOLIPMC00563	zupTp	3182433					b3040	3182550	3183323		Ecocyc:TU0-8666 
RDBECOLITUC02850	zur	RDBECOLIOPC00766	zur	RDBECOLIGNC01854	zur								b4046	4260003	4259488		Ecocyc:TU0-8667 
RDBECOLITUC02851	ybjD	RDBECOLIOPC02595	ybjD	RDBECOLIGNC03328	ybjD								b0876	916473	918131		Ecocyc:TU0-8670 
RDBECOLITUC02852	ybjK	RDBECOLIOPC01379	ybjK	RDBECOLIGNC03313	rcdA						RDBECOLITFC00048,RDBECOLITFC00048	RcdA,RcdA	b0846	887423	887959		Ecocyc:TU0-8671 
RDBECOLITUC02853	ybjM	RDBECOLIOPC00483	ybjM	RDBECOLIGNC03315	ybjM								b0848	890089	890466		Ecocyc:TU0-8672 
RDBECOLITUC02854	ycaK	RDBECOLIOPC02152	ycaK	RDBECOLIGNC02356	ycaK								b0901	949668	950258		Ecocyc:TU0-8673 
RDBECOLITUC02855	ycaN	RDBECOLIOPC01076	ycaN	RDBECOLIGNC03336	ycaN								b0900	949568	948660		Ecocyc:TU0-8674 
RDBECOLITUC02856	ycbC	RDBECOLIOPC00211	ycbC	RDBECOLIGNC02057	elyC								b0920	973401	972622		Ecocyc:TU0-8676 
RDBECOLITUC02857	matP	RDBECOLIOPC01774	matP	RDBECOLIGNC02398	matP	RDBECOLIPMC00051	matPp	1018459					b0956	1018485	1018937		Ecocyc:TU0-8677 
RDBECOLITUC02858	ycbX	RDBECOLIOPC00806	ycbX	RDBECOLIGNC03356	ycbX								b0947	1007600	1006491		Ecocyc:TU0-8678 
RDBECOLITUC02859	yccR	RDBECOLIOPC02507	yccR	RDBECOLIGNC03363	sxy	RDBECOLIPMC02502	sxyp	1021083		sigma70	RDBECOLITFC00197	CRP-Sxy	b0959	1021138	1021767		Ecocyc:TU0-8679 
RDBECOLITUC02860	yccU	RDBECOLIOPC01423	yccU	RDBECOLIGNC03368	yccU						RDBECOLITFC00080	GlaR	b0965	1027946	1028359		Ecocyc:TU0-8680 
RDBECOLITUC02861	yccX	RDBECOLIOPC00523	yccX	RDBECOLIGNC03371	yccX								b0968	1030064	1030342		Ecocyc:TU0-8681 
RDBECOLITUC02862	ycdT	RDBECOLIOPC02076	ycdT	RDBECOLIGNC03399	dgcT	RDBECOLIPMC00258	ycdTp	1092841		sigma70			b1025	1092876	1094234		Ecocyc:TU0-8682 
RDBECOLITUC02863	yceF	RDBECOLIOPC01102	yceF	RDBECOLIGNC01401	yceF								b1087	1146595	1146011		Ecocyc:TU0-8683 
RDBECOLITUC02864	comR	RDBECOLIOPC00256	comR	RDBECOLIGNC03434	comR	RDBECOLIPMC00544	comRp	1168844			RDBECOLITFC00189	CRP	b1111	1168832	1168200		Ecocyc:TU0-8684 
RDBECOLITUC02865	bhsA	RDBECOLIOPC01718	bhsA	RDBECOLIGNC03435	bhsA	RDBECOLIPMC00545	bhsAp	1169033		sigma24	RDBECOLITFC00189,RDBECOLITFC00081	CRP,ComR	b1112	1169073	1169330		Ecocyc:TU0-8685 
RDBECOLITUC02866	ycgB	RDBECOLIOPC00754	ycgB	RDBECOLIGNC01470	ycgB	RDBECOLIPMC00063	ycgBp	1237285					b1188	1237241	1235709		Ecocyc:TU0-8686 
RDBECOLITUC02867	ycgJ	RDBECOLIOPC02573	ycgJ	RDBECOLIGNC03476	ycgJ						RDBECOLITFC00135	Nac	b1177	1226600	1226968		Ecocyc:TU0-8687 
RDBECOLITUC02868	pliG	RDBECOLIOPC01368	pliG	RDBECOLIGNC03477	pliG						RDBECOLITFC00035	Zur	b1178	1227472	1227071		Ecocyc:TU0-8688 
RDBECOLITUC02869	ychH	RDBECOLIOPC00470	ychH	RDBECOLIGNC01486	ychH	RDBECOLIPMC03113	ychHp	1258738		sigma70	RDBECOLITFC00189	CRP	b1205	1258791	1259069		Ecocyc:TU0-8689 
RDBECOLITUC02870	ychN	RDBECOLIOPC02136	ychN	RDBECOLIGNC02261	ychN								b1219	1273599	1273246		Ecocyc:TU0-8690 
RDBECOLITUC02871	ychO	RDBECOLIOPC01069	ychO	RDBECOLIGNC02262	ychO	RDBECOLIPMC02983	ychOp	1273760		sigma70	RDBECOLITFC00128	FNR	b1220	1273784	1275178		Ecocyc:TU0-8691 
RDBECOLITUC02872	yciN	RDBECOLIOPC00199	yciN	RDBECOLIGNC02406	yciN								b1273	1330668	1330417		Ecocyc:TU0-8692 
RDBECOLITUC02873	ycjG	RDBECOLIOPC01758	ycjG	RDBECOLIGNC03523	ycjG	RDBECOLIPMC00070	ycjGp	1388874			RDBECOLITFC00054	PgrR	b1325	1388930	1389895		Ecocyc:TU0-8693 
RDBECOLITUC02874	ycjW	RDBECOLIOPC00792	ycjW	RDBECOLIGNC03520	ycjW								b1320	1383961	1382963		Ecocyc:TU0-8695 
RDBECOLITUC02875	ydaL	RDBECOLIOPC02487	ydaL	RDBECOLIGNC03534	smrA								b1340	1405979	1406542		Ecocyc:TU0-8696 
RDBECOLITUC02876	ydaM	RDBECOLIOPC01409	ydaM	RDBECOLIGNC03535	dgcM								b1341	1407795	1406563		Ecocyc:TU0-8697 
RDBECOLITUC02877	ydbJ	RDBECOLIOPC00512	ydbJ	RDBECOLIGNC02588	ydbJ	RDBECOLIPMC00547	ydbJp	1441029					b4529	1441058	1441324		Ecocyc:TU0-8698 
RDBECOLITUC02878	ydbK	RDBECOLIOPC02722	ydbK-ompN	RDBECOLIGNC03562	ydbK	RDBECOLIPMC00546	ydbKp	1440831			RDBECOLITFC00201,RDBECOLITFC00201	SoxS,SoxS	b1378	1440784	1437260		Ecocyc:TU0-8699 
RDBECOLITUC02879	ydcI	RDBECOLIOPC01092	ydcI	RDBECOLIGNC03593	ydcI	RDBECOLIPMC00548	ydcIp	1495134					b1422	1495071	1494148		Ecocyc:TU0-8700 
RDBECOLITUC02880	ydcK	RDBECOLIOPC00243	ydcK	RDBECOLIGNC03596	ydcK						RDBECOLITFC00080	GlaR	b1428	1500449	1499469		Ecocyc:TU0-8701 
RDBECOLITUC02881	ydcO	RDBECOLIOPC01704	ydcO	RDBECOLIGNC03599	ydcO						RDBECOLITFC00103	SutR	b1433	1506080	1504905		Ecocyc:TU0-8702 
RDBECOLITUC02882	yddH	RDBECOLIOPC00743	yddH	RDBECOLIGNC03623	yddH								b1462	1533851	1533282		Ecocyc:TU0-8703 
RDBECOLITUC02883	eamA	RDBECOLIOPC02554	eamA	RDBECOLIGNC01583	eamA						RDBECOLITFC00135	Nac	b1533	1621137	1620238		Ecocyc:TU0-8704 
RDBECOLITUC02884	ydeE	RDBECOLIOPC01696	ydeE	RDBECOLIGNC01584	ydeE						RDBECOLITFC00135	Nac	b1534	1621332	1622519		Ecocyc:TU0-8705 
RDBECOLITUC02885	ydeJ	RDBECOLIOPC00739	ydeJ	RDBECOLIGNC01587	ydeJ	RDBECOLIPMC00285	ydeJp	1624688		sigma70	RDBECOLITFC00128	FNR	b1537	1624773	1625291		Ecocyc:TU0-8706 
RDBECOLITUC02886	ydgC	RDBECOLIOPC02550	ydgC	RDBECOLIGNC03716	ydgC								b1607	1682030	1681695		Ecocyc:TU0-8707 
RDBECOLITUC02887	ydgJ	RDBECOLIOPC01352	ydgJ	RDBECOLIGNC03721	ydgJ								b1624	1704308	1703268		Ecocyc:TU0-8708 
RDBECOLITUC02888	ydhQ	RDBECOLIOPC00458	ydhQ	RDBECOLIGNC03747	ydhQ	RDBECOLIPMC03137	ydhQp	1746202		sigma32			b1664	1746127	1744871		Ecocyc:TU0-8709 
RDBECOLITUC02889	ydiP	RDBECOLIOPC02111	ydiP	RDBECOLIGNC03771	ydiP	RDBECOLIPMC00091	ydiPp	1779328					b1696	1779301	1778390		Ecocyc:TU0-8710 
RDBECOLITUC02890	yeaL	RDBECOLIOPC01061	yeaL	RDBECOLIGNC03825	yeaL	RDBECOLIPMC00097	yeaLp	1874323					b1789	1874352	1874798		Ecocyc:TU0-8712 
RDBECOLITUC02891	yeaM	RDBECOLIOPC00186	yeaM	RDBECOLIGNC03826	nimR	RDBECOLIPMC02504	nimRp	1875600			RDBECOLITFC00083,RDBECOLITFC00083,RDBECOLITFC00083	NimR,NimR,NimR	b1790	1875576	1874755		Ecocyc:TU0-8713 
RDBECOLITUC02892	yeaP	RDBECOLIOPC01743	yeaP	RDBECOLIGNC03830	dgcP	RDBECOLIPMC00553	yeaPp	1877657					b1794	1877715	1878740		Ecocyc:TU0-8714 
RDBECOLITUC02893	yebQ	RDBECOLIOPC00779	yebQ	RDBECOLIGNC03854	yebQ						RDBECOLITFC00135	Nac	b1828	1910276	1911649		Ecocyc:TU0-8715 
RDBECOLITUC02894	yecF	RDBECOLIOPC02467	yecF	RDBECOLIGNC02402	yecF	RDBECOLIPMC03020	yecFp	1995717	RDBECOLITMC00233	sigma28			b1915	1995818	1996042	1996034-1996088	Ecocyc:TU0-8716 
RDBECOLITUC02895	yecH	RDBECOLIOPC01394	yecH	RDBECOLIGNC03885	yecH								b1906	1989490	1989251		Ecocyc:TU0-8717 
RDBECOLITUC02896	yedA	RDBECOLIOPC00501	yedA	RDBECOLIGNC01124	yedA								b1959	2029539	2030459		Ecocyc:TU0-8718 
RDBECOLITUC02897	yedD	RDBECOLIOPC02042	yedD	RDBECOLIGNC01600	yedD								b1928	2008090	2007677		Ecocyc:TU0-8719 
RDBECOLITUC02898	yedP	RDBECOLIOPC01023	yedP	RDBECOLIGNC03895	yedP								b1955	2025511	2026326		Ecocyc:TU0-8720 
RDBECOLITUC02899	yegD	RDBECOLIOPC00226	yegD	RDBECOLIGNC02083	yegD								b2069	2147674	2149026		Ecocyc:TU0-8721 
RDBECOLITUC02900	yegE	RDBECOLIOPC01681	yegE	RDBECOLIGNC02254	dgcE								b2067	2143266	2146583		Ecocyc:TU0-8722 
RDBECOLITUC02901	yegH	RDBECOLIOPC00728	yegH	RDBECOLIGNC03951	yegH	RDBECOLIPMC00111	yegHp	2137863			RDBECOLITFC00202	PhoB	b2063	2137902	2139485		Ecocyc:TU0-8723 
RDBECOLITUC02902	yegI	RDBECOLIOPC02530	yegI	RDBECOLIGNC03952	yegI								b2070	2150985	2149039		Ecocyc:TU0-8724 
RDBECOLITUC02903	yegJ	RDBECOLIOPC01338	yegJ	RDBECOLIGNC03953	yegJ								b2071	2151185	2151646		Ecocyc:TU0-8725 
RDBECOLITUC02904	yeiG	RDBECOLIOPC00447	yeiG	RDBECOLIGNC01939	yeiG								b2154	2243910	2244746		Ecocyc:TU0-8726 
RDBECOLITUC02905	yejK	RDBECOLIOPC02092	yejK	RDBECOLIGNC01958	yejK								b2186	2283947	2282940		Ecocyc:TU0-8727 
RDBECOLITUC02906	yfaH	RDBECOLIOPC01054	yfaH	RDBECOLIGNC02415	yfaH								b2238	2349687	2349893		Ecocyc:TU0-8728 
RDBECOLITUC02907	yfaL	RDBECOLIOPC00173	yfaL	RDBECOLIGNC02394	yfaL								b2233	2344169	2340417		Ecocyc:TU0-8729 
RDBECOLITUC02908	nudI	RDBECOLIOPC01730	nudI	RDBECOLIGNC03996	nudI								b2251	2364554	2364979		Ecocyc:TU0-8730 
RDBECOLITUC02909	yfbK	RDBECOLIOPC00767	yfbK	RDBECOLIGNC04009	yfbK						RDBECOLITFC00135	Nac	b2270	2385722	2383995		Ecocyc:TU0-8731 
RDBECOLITUC02910	yfbN	RDBECOLIOPC02448	yfbN	RDBECOLIGNC04012	yfbN								b2273	2388426	2387710		Ecocyc:TU0-8732 
RDBECOLITUC02911	smrB	RDBECOLIOPC01378	smrB	RDBECOLIGNC04033	smrB						RDBECOLITFC00036	YdcI	b2331	2448606	2449157		Ecocyc:TU0-8733 
RDBECOLITUC02912	yfdY	RDBECOLIOPC00486	yfdY	RDBECOLIGNC04070	yfdY								b2377	2495292	2495050		Ecocyc:TU0-8734 
RDBECOLITUC02913	yfeH	RDBECOLIOPC02025	yfeH	RDBECOLIGNC02239	yfeH								b2410	2526946	2527944		Ecocyc:TU0-8735 
RDBECOLITUC02914	yfeN	RDBECOLIOPC01011	yfeN	RDBECOLIGNC04085	yfeN								b2408	2525127	2525891		Ecocyc:TU0-8736 
RDBECOLITUC02915	yfeR	RDBECOLIOPC00215	yfeR	RDBECOLIGNC04086	yfeR								b2409	2526856	2525930		Ecocyc:TU0-8737 
RDBECOLITUC02916	yfgF	RDBECOLIOPC01665	yfgF	RDBECOLIGNC04141	pdeF	RDBECOLIPMC00493	yfgFp	2629031			RDBECOLITFC00128	FNR	b2503	2628938	2626695		Ecocyc:TU0-8738 
RDBECOLITUC02917	yfgO	RDBECOLIOPC00715	yfgO	RDBECOLIGNC04137	yfgO								b2493	2615881	2614820		Ecocyc:TU0-8739 
RDBECOLITUC02918	yfiC	RDBECOLIOPC02510	yfiC	RDBECOLIGNC01491	yfiC								b2575	2712764	2712027		Ecocyc:TU0-8740 
RDBECOLITUC02919	yfiE	RDBECOLIOPC01326	yfiE	RDBECOLIGNC01716	yfiE								b2577	2715320	2714439		Ecocyc:TU0-8741 
RDBECOLITUC02920	yfiF	RDBECOLIOPC00436	yfiF	RDBECOLIGNC01717	yfiF						RDBECOLITFC00098	ArcA	b2581	2718528	2717491		Ecocyc:TU0-8742 
RDBECOLITUC02921	yfiK	RDBECOLIOPC02073	yfiK	RDBECOLIGNC02293	eamB								b2578	2715423	2716010		Ecocyc:TU0-8743 
RDBECOLITUC02922	yfjH	RDBECOLIOPC01047	yfjH	RDBECOLIGNC04182	yfjH								b2623	2758600	2757644		Ecocyc:TU0-8744 
RDBECOLITUC02923	alaE	RDBECOLIOPC00165	alaE	RDBECOLIGNC04216	alaE	RDBECOLIPMC02540	alaEp	2799084		sigma70	RDBECOLITFC00014,RDBECOLITFC00014	Lrp,Lrp	b2670	2799164	2799613		Ecocyc:TU0-8745 
RDBECOLITUC02924	ygbI	RDBECOLIOPC01715	ygbI	RDBECOLIGNC04230	ygbI								b2735	2861234	2860467		Ecocyc:TU0-8746 
RDBECOLITUC02925	ygdI	RDBECOLIOPC00757	ygdI	RDBECOLIGNC04265	ygdI								b2809	2943145	2942918		Ecocyc:TU0-8747 
RDBECOLITUC02926	ygeV	RDBECOLIOPC02428	ygeV	RDBECOLIGNC04299	ygeV	RDBECOLIPMC00145	ygeVp	3005847					b2869	3005786	3004008		Ecocyc:TU0-8748 
RDBECOLITUC02927	ygfZ	RDBECOLIOPC01367	ygfZ	RDBECOLIGNC04321	ygfZ	RDBECOLIPMC00147	ygfZp	3041282					b2898	3041313	3042293		Ecocyc:TU0-8749 
RDBECOLITUC02928	yggR	RDBECOLIOPC00473	yggR	RDBECOLIGNC04335	yggR								b2950	3095080	3094100		Ecocyc:TU0-8750 
RDBECOLITUC02929	yghT	RDBECOLIOPC02008	yghT	RDBECOLIGNC04360	yghT						RDBECOLITFC00135	Nac	b2986	3134131	3134823		Ecocyc:TU0-8752 
RDBECOLITUC02930	yghU	RDBECOLIOPC00997	yghU	RDBECOLIGNC04361	yghU	RDBECOLIPMC00151	yghUp	3138700					b2989	3138727	3139593		Ecocyc:TU0-8753 
RDBECOLITUC02931	yghZ	RDBECOLIOPC00203	yghZ	RDBECOLIGNC04365	gpr								b3001	3147897	3148937		Ecocyc:TU0-8754 
RDBECOLITUC02932	ygiD	RDBECOLIOPC01650	ygiD	RDBECOLIGNC01148	ygiD						RDBECOLITFC00185	YhaJ	b3039	3182434	3181619		Ecocyc:TU0-8755 
RDBECOLITUC02933	ygiH	RDBECOLIOPC00701	ygiH	RDBECOLIGNC01615	plsY								b3059	3204694	3205311		Ecocyc:TU0-8756 
RDBECOLITUC02934	ttdR	RDBECOLIOPC02490	ttdR	RDBECOLIGNC02354	ttdR	RDBECOLIPMC00359	ttdRp	3206380			RDBECOLITFC00003	Dan	b3060	3206256	3205324		Ecocyc:TU0-8757 
RDBECOLITUC02935	ygiZ	RDBECOLIOPC01308	ygiZ	RDBECOLIGNC04381	ygiZ	RDBECOLIPMC02479	ygiZp	3172323			RDBECOLITFC00095	RcsB-BglJ	b3027	3172211	3171879		Ecocyc:TU0-8758 
RDBECOLITUC02936	aaeR	RDBECOLIOPC00423	aaeR	RDBECOLIGNC04482	aaeR	RDBECOLIPMC00566	aaeRp	3389496			RDBECOLITFC00189	CRP	b3243	3389520	3390449		Ecocyc:TU0-8759 
RDBECOLITUC02937	abgR	RDBECOLIOPC02057	abgR	RDBECOLIGNC03533	abgR				RDBECOLITMC00120		RDBECOLITFC00135,RDBECOLITFC00189	Nac,CRP	b1339	1404741	1405649	1405662-1405693	Ecocyc:TU0-8760 
RDBECOLITUC02938	dcuD	RDBECOLIOPC03111	dcuD	RDBECOLIGNC04473	dcuD	RDBECOLIPMC02984	dcuDp2	3374583		sigma54	RDBECOLITFC00211	IHF	b3227	3374869	3376236		Ecocyc:TU0-8761 
RDBECOLITUC02939	omrB	RDBECOLIOPC00154	omrB	RDBECOLIGNC02884	omrB	RDBECOLIPMC02985	omrBp	2976385			RDBECOLITFC00040	OmpR	b4445	2976385	2976304		Ecocyc:TU0-8762 
RDBECOLITUC02940	omrA	RDBECOLIOPC01699	omrA	RDBECOLIGNC02871	omrA	RDBECOLIPMC02986	omrAp	2976189			RDBECOLITFC00040	OmpR	b4444	2976189	2976102		Ecocyc:TU0-8763 
RDBECOLITUC02941	acpH	RDBECOLIOPC00746	acpH	RDBECOLIGNC01082	acpH								b0404	424918	424337		Ecocyc:TU0-8764 
RDBECOLITUC02942	ade	RDBECOLIOPC02410	ade	RDBECOLIGNC01633	adeD	RDBECOLIPMC00519	adep	3843910		sigma70	RDBECOLITFC00020	H-NS	b3665	3843964	3845730		Ecocyc:TU0-8765 
RDBECOLITUC02943	ais	RDBECOLIOPC01353	ais	RDBECOLIGNC03997	ais								b2252	2365620	2365018		Ecocyc:TU0-8766 
RDBECOLITUC02944	amiC	RDBECOLIOPC00462	amiC	RDBECOLIGNC04270	amiC								b2817	2949010	2947757		Ecocyc:TU0-8767 
RDBECOLITUC02945	ampH	RDBECOLIOPC02712	ampH	RDBECOLIGNC02405	ampH	RDBECOLIPMC03288	ampHp1	396363					b0376	396287	395130		Ecocyc:TU0-8768 
RDBECOLITUC02946	aslA	RDBECOLIOPC00982	aslA	RDBECOLIGNC00085	aslA								b3801	3986007	3984352		Ecocyc:TU0-8769 
RDBECOLITUC02947	bioH	RDBECOLIOPC00191	bioH	RDBECOLIGNC00118	bioH	RDBECOLIPMC00567	bioHp	3544858					b3412	3544844	3544074		Ecocyc:TU0-8772 
RDBECOLITUC02948	bisC	RDBECOLIOPC01635	bisC	RDBECOLIGNC00120	bisC								b3551	3716394	3714061		Ecocyc:TU0-8773 
RDBECOLITUC02949	can	RDBECOLIOPC03566	can	RDBECOLIGNC02190	can	RDBECOLIPMC03135	canp	142703		sigma70			b0126	142670	142008		Ecocyc:TU0-8774 
RDBECOLITUC02950	chaA	RDBECOLIOPC02471	chaA	RDBECOLIGNC01689	chaA						RDBECOLITFC00080	GlaR	b1216	1271849	1270749		Ecocyc:TU0-8777 
RDBECOLITUC02951	crcB	RDBECOLIOPC01293	crcB	RDBECOLIGNC02091	crcB								b0624	657938	657555		Ecocyc:TU0-8778 
RDBECOLITUC02952	cspF	RDBECOLIOPC00413	cspF	RDBECOLIGNC02088	cspF								b1558	1641855	1642067		Ecocyc:TU0-8779 
RDBECOLITUC02953	cspH	RDBECOLIOPC02039	cspH	RDBECOLIGNC03379	cspH								b0989	1051175	1050963		Ecocyc:TU0-8780 
RDBECOLITUC02954	dacB	RDBECOLIOPC01026	dacB	RDBECOLIGNC00196	dacB								b3182	3328963	3330396		Ecocyc:TU0-8781 
RDBECOLITUC02955	dacC	RDBECOLIOPC00144	dacC	RDBECOLIGNC00197	dacC	RDBECOLIPMC02987	dacCp	880653		sigma70	RDBECOLITFC00116,RDBECOLITFC00116	BolA,BolA	b0839	880727	881929		Ecocyc:TU0-8782 
RDBECOLITUC02956	dcp	RDBECOLIOPC01684	dcp	RDBECOLIGNC00206	dcp						RDBECOLITFC00135	Nac	b1538	1627380	1625335		Ecocyc:TU0-8783 
RDBECOLITUC02957	ddlA	RDBECOLIOPC00734	ddlA	RDBECOLIGNC00207	ddlA						RDBECOLITFC00135	Nac	b0381	400923	399829		Ecocyc:TU0-8784 
RDBECOLITUC02958	dld	RDBECOLIOPC02391	dld	RDBECOLIGNC00225	dld				RDBECOLITMC00168		RDBECOLITFC00135	Nac	b2133	2222185	2223900	2223961-2223987	Ecocyc:TU0-8787 
RDBECOLITUC02959	dsrA	RDBECOLIOPC01339	dsrA	RDBECOLIGNC03894	dsrA	RDBECOLIPMC00341	dsrAp	2025313		sigma70	RDBECOLITFC00212,RDBECOLITFC00039	LeuO,DksA	b1954	2025313	2025223		Ecocyc:TU0-8788 
RDBECOLITUC02960	dsrB	RDBECOLIOPC00454	dsrB	RDBECOLIGNC03892	dsrB								b1952	2024823	2024635		Ecocyc:TU0-8789 
RDBECOLITUC02961	eco	RDBECOLIOPC01980	eco	RDBECOLIGNC00249	eco								b2209	2303905	2304393		Ecocyc:TU0-8790 
RDBECOLITUC02962	emtA	RDBECOLIOPC00973	emtA	RDBECOLIGNC03484	emtA								b1193	1243180	1243791		Ecocyc:TU0-8791 
RDBECOLITUC02963	envR	RDBECOLIOPC00179	envR	RDBECOLIGNC01678	envR								b3264	3413465	3412803		Ecocyc:TU0-8792 
RDBECOLITUC02964	fadE	RDBECOLIOPC01621	fadE	RDBECOLIGNC03001	fadE	RDBECOLIPMC03046	fadEp	243406			RDBECOLITFC00098,RDBECOLITFC00126	ArcA,FadR	b0221	243303	240859		Ecocyc:TU0-8793 
RDBECOLITUC02965	fadR	RDBECOLIOPC00682	fadR	RDBECOLIGNC00275	fadR	RDBECOLIPMC00062	fadRp2	1234916	RDBECOLITMC00079				b1187	1234938	1235657	1235677-1235698	Ecocyc:TU0-8794 
RDBECOLITUC02966	feaB	RDBECOLIOPC02455	feaB	RDBECOLIGNC04690	feaB	RDBECOLIPMC02468	feaBp1	1447492	RDBECOLITMC00054	sigma70	RDBECOLITFC00127,RDBECOLITFC00189,RDBECOLITFC00127,RDBECOLITFC00038	FeaR,CRP,FeaR,NsrR	b1385	1447519	1449018	1449037-1449063	Ecocyc:TU0-8795 
RDBECOLITUC02967	fimZ	RDBECOLIOPC01280	fimZ	RDBECOLIGNC01090	fimZ								b0535	564480	563848		Ecocyc:TU0-8799 
RDBECOLITUC02968	fsaA	RDBECOLIOPC00403	fsaA	RDBECOLIGNC03297	fsaA								b0825	863642	864304		Ecocyc:TU0-8800 
RDBECOLITUC02969	ggt	RDBECOLIOPC02024	ggt	RDBECOLIGNC00367	ggt								b3447	3586823	3585081		Ecocyc:TU0-8802 
RDBECOLITUC02970	gltS	RDBECOLIOPC01015	gltS	RDBECOLIGNC00399	gltS								b3653	3828665	3827460		Ecocyc:TU0-8804 
RDBECOLITUC02971	grxD	RDBECOLIOPC00133	grxD	RDBECOLIGNC02069	grxD	RDBECOLIPMC00316	grxD	1734162		sigma70	RDBECOLITFC00038	NsrR	b1654	1734101	1733754		Ecocyc:TU0-8805 
RDBECOLITUC02972	gsk	RDBECOLIOPC01670	gsk	RDBECOLIGNC01089	gsk	RDBECOLIPMC02744	gskp	500015		sigma70			b0477	500125	501429		Ecocyc:TU0-8806 
RDBECOLITUC02973	guaC	RDBECOLIOPC00722	guaC	RDBECOLIGNC00415	guaC								b0104	113444	114487		Ecocyc:TU0-8807 
RDBECOLITUC02974	hdfR	RDBECOLIOPC02376	hdfR	RDBECOLIGNC01411	hdfR	RDBECOLIPMC00517	hdfRp	3948021		sigma38	RDBECOLITFC00020	H-NS	b4480	3947967	3947128		Ecocyc:TU0-8808 
RDBECOLITUC02975	helD	RDBECOLIOPC01330	helD	RDBECOLIGNC00419	helD	RDBECOLIPMC00543	helDp	1024438					b0962	1024471	1026525		Ecocyc:TU0-8809 
RDBECOLITUC02976	hokA	RDBECOLIOPC01964	hokA	RDBECOLIGNC02942	hokA								b4455	3720600	3720448		Ecocyc:TU0-8810 
RDBECOLITUC02977	iap	RDBECOLIOPC00962	iap	RDBECOLIGNC00481	iap								b2753	2876581	2877618		Ecocyc:TU0-8811 
RDBECOLITUC02978	ompX	RDBECOLIOPC02371	yliM-ompX	RDBECOLIGNC02016	ompX	RDBECOLIPMC02988	ompXp2	850419	RDBECOLITMC00067		RDBECOLITFC00128	FNR	b0814	850450	850965	850982-851009	Ecocyc:TU0-8812 
RDBECOLITUC02979	ompW	RDBECOLIOPC01608	ompW	RDBECOLIGNC01107	ompW	RDBECOLIPMC02989	ompWp	1313991			RDBECOLITFC00128,RDBECOLITFC00098,RDBECOLITFC00189,RDBECOLITFC00009,RDBECOLITFC00093,RDBECOLITFC00201,RDBECOLITFC00128	FNR,ArcA,CRP,NarL,Fur,SoxS,FNR	b1256	1314020	1314658		Ecocyc:TU0-8813 
RDBECOLITUC02980	nudG	RDBECOLIOPC00670	nudG	RDBECOLIGNC03805	nudG						RDBECOLITFC00135	Nac	b1759	1841490	1841897		Ecocyc:TU0-8814 
RDBECOLITUC02981	nudE	RDBECOLIOPC02437	nudE	RDBECOLIGNC04530	nudE								b3397	3526149	3525589		Ecocyc:TU0-8815 
RDBECOLITUC02982	norR	RDBECOLIOPC03039	norR	RDBECOLIGNC02008	norR								b2709	2832289	2830775		Ecocyc:TU0-8816 
RDBECOLITUC02983	nlpA	RDBECOLIOPC00390	nlpA	RDBECOLIGNC00649	nlpA	RDBECOLIPMC03034	nlpAp	3840017			RDBECOLITFC00018,RDBECOLITFC00018	CsgD,CsgD	b3661	3839993	3839175		Ecocyc:TU0-8817 
RDBECOLITUC02984	nhoA	RDBECOLIOPC02009	nhoA	RDBECOLIGNC03624	nhoA								b1463	1534024	1534869		Ecocyc:TU0-8818 
RDBECOLITUC02985	narP	RDBECOLIOPC01001	narP	RDBECOLIGNC01480	narP	RDBECOLIPMC03138	narPp	2290422		sigma32			b2193	2290500	2291147		Ecocyc:TU0-8819 
RDBECOLITUC02986	galR	RDBECOLIOPC00443	galR	RDBECOLIGNC00357	galR	RDBECOLIPMC00306	galRp	2976569		sigma70	RDBECOLITFC00088,RDBECOLITFC00033	GalR,GalS	b2837	2976599	2977630		Ecocyc:TU0-881 
RDBECOLITUC02987	mug	RDBECOLIOPC00122	mug	RDBECOLIGNC02367	mug								b3068	3215473	3214967		Ecocyc:TU0-8820 
RDBECOLITUC02988	mrr	RDBECOLIOPC01656	mrr	RDBECOLIGNC00604	mrr								b4351	4586949	4587863		Ecocyc:TU0-8821 
RDBECOLITUC02989	mrcA	RDBECOLIOPC00709	mrcA	RDBECOLIGNC00738	mrcA	RDBECOLIPMC00170	mrcAp	3522826	RDBECOLITMC00162				b3396	3522871	3525423	3525426-3525448	Ecocyc:TU0-8822 
RDBECOLITUC02990	trmC	RDBECOLIOPC02359	trmC	RDBECOLIGNC04030	mnmC								b2324	2441764	2443770		Ecocyc:TU0-8823 
RDBECOLITUC02991	micC	RDBECOLIOPC01315	micC	RDBECOLIGNC02901	micC	RDBECOLIPMC02990	micCp	1437121		sigma70			b4427	1437121	1437231		Ecocyc:TU0-8824 
RDBECOLITUC02992	mdtK	RDBECOLIOPC00432	mdtK	RDBECOLIGNC02257	mdtK								b1663	1743457	1744830		Ecocyc:TU0-8825 
RDBECOLITUC02993	mdoC	RDBECOLIOPC01950	mdoC	RDBECOLIGNC03417	opgC								b1047	1108941	1107784		Ecocyc:TU0-8826 
RDBECOLITUC02994	marC	RDBECOLIOPC00951	marC	RDBECOLIGNC01582	marC	RDBECOLIPMC03271	marCp	1618941					b1529	1618908	1618243		Ecocyc:TU0-8827 
RDBECOLITUC02995	mak	RDBECOLIOPC00160	mak	RDBECOLIGNC01260	mak								b0394	410144	411052		Ecocyc:TU0-8828 
RDBECOLITUC02996	insA-7	RDBECOLIOPC01594	insA-7	RDBECOLIGNC04646	insA7								b4294	4518527	4518802		Ecocyc:TU0-8829 
RDBECOLITUC02997	insG	RDBECOLIOPC00658	insG	RDBECOLIGNC04639	insG								b4278	4503431	4502103		Ecocyc:TU0-8830 
RDBECOLITUC02998	insH-1	RDBECOLIOPC02419	insH-1	RDBECOLIGNC03029	insH1								b0259	275081	274101		Ecocyc:TU0-8831 
RDBECOLITUC02999	insH-10	RDBECOLIOPC01257	insH-10	RDBECOLIGNC04466	insH10								b3218	3366682	3365702		Ecocyc:TU0-8832 
RDBECOLITUC03000	insH-11	RDBECOLIOPC00381	insH-11	RDBECOLIGNC04552	insH11								b3505	3653162	3652182		Ecocyc:TU0-8833 
RDBECOLITUC03001	insH-5	RDBECOLIOPC01999	insH-5	RDBECOLIGNC03555	insH5								b1370	1428726	1427746		Ecocyc:TU0-8834 
RDBECOLITUC03002	insH-8	RDBECOLIOPC00991	insH-8	RDBECOLIGNC03985	insH8								b2192	2290045	2289065		Ecocyc:TU0-8835 
RDBECOLITUC03003	insH-9	RDBECOLIOPC00111	insH-9	RDBECOLIGNC04356	insH9								b2982	3130214	3131194		Ecocyc:TU0-8836 
RDBECOLITUC03004	intD	RDBECOLIOPC01642	intD	RDBECOLIGNC00499	intD								b0537	565978	564815		Ecocyc:TU0-8837 
RDBECOLITUC03005	intG	RDBECOLIOPC00697	intG	RDBECOLIGNC03891	intG								b1936	2012502	2012780		Ecocyc:TU0-8838 
RDBECOLITUC03006	mcaS	RDBECOLIOPC02341	mcaS	RDBECOLIGNC02899	mcaS	RDBECOLIPMC02431	mcaSp	1405751			RDBECOLITFC00189	CRP	b4426	1405751	1405658		Ecocyc:TU0-8839 
RDBECOLITUC03007	ivy	RDBECOLIOPC01299	ivy	RDBECOLIGNC03000	ivy						RDBECOLITFC00135	Nac	b0220	240343	240816		Ecocyc:TU0-8840 
RDBECOLITUC03008	kdgR	RDBECOLIOPC00421	kdgR	RDBECOLIGNC03853	kdgR						RDBECOLITFC00135	Nac	b1827	1910099	1909308		Ecocyc:TU0-8841 
RDBECOLITUC03009	kptA	RDBECOLIOPC01934	kptA	RDBECOLIGNC04666	kptA								b4331	4560930	4561484		Ecocyc:TU0-8842 
RDBECOLITUC03010	ldrA	RDBECOLIOPC00939	ldrA	RDBECOLIGNC02933	ldrA								b4419	1269275	1269168		Ecocyc:TU0-8843 
RDBECOLITUC03011	ldrB	RDBECOLIOPC00149	ldrB	RDBECOLIGNC02935	ldrB								b4421	1269810	1269703		Ecocyc:TU0-8844 
RDBECOLITUC03012	ldrC	RDBECOLIOPC01579	ldrC	RDBECOLIGNC02937	ldrC								b4423	1270345	1270238		Ecocyc:TU0-8845 
RDBECOLITUC03013	ldrD	RDBECOLIOPC00645	ldrD	RDBECOLIGNC02914	ldrD	RDBECOLIPMC03092	ldrDp	3700272	RDBECOLITMC00042				b4453	3700087	3699980	3699899-3699929	Ecocyc:TU0-8846 
RDBECOLITUC03014	ligB	RDBECOLIOPC02401	ligB	RDBECOLIGNC01304	ligB						RDBECOLITFC00135	Nac	b3647	3821170	3819488		Ecocyc:TU0-8847 
RDBECOLITUC03015	lit	RDBECOLIOPC01244	lit	RDBECOLIGNC00527	lit								b1139	1198695	1199588		Ecocyc:TU0-8848 
RDBECOLITUC03016	luxS	RDBECOLIOPC01292	luxS	RDBECOLIGNC02364	luxS	RDBECOLIPMC00263	luxSp2	2814816			RDBECOLITFC00100	UvrY	b2687	2814733	2814218		Ecocyc:TU0-8849 
RDBECOLITUC03017	rplT-pheM	RDBECOLIOPC03375	thrS-infC-rpmI-rplT-pheMST-ihfA	RDBECOLIGNC01245,RDBECOLIGNC00871	pheM;rplT	RDBECOLIPMC03600	rplTp	1799763	RDBECOLITMC00019		RDBECOLITFC00128	FNR	b1715;b1716	1799749	1799226	1799161-1799176	Ecocyc:TU0-8855 
RDBECOLITUC03018	pheM	RDBECOLIOPC03375	thrS-infC-rpmI-rplT-pheMST-ihfA	RDBECOLIGNC01245	pheM	RDBECOLIPMC03599	pheMp	1799301	RDBECOLITMC00019				b1715	1799270	1799226	1799161-1799176	Ecocyc:TU0-8856 
RDBECOLITUC03019	trpS	RDBECOLIOPC03578	aroKB-damX-dam-rpe-gph-trpS	RDBECOLIGNC01018	trpS	RDBECOLIPMC02991	trpSp	3513697		sigma70			b3384	3513638	3512634		Ecocyc:TU0-8862 
RDBECOLITUC03020	aslB	RDBECOLIOPC01627	aslB	RDBECOLIGNC00086	aslB	RDBECOLIPMC02992	aslBp	3982781		sigma54	RDBECOLITFC00123,RDBECOLITFC00051	GadRcs,Rob	b3800	3982958	3984193		Ecocyc:TU0-8863 
RDBECOLITUC03021	pdxH-tyrS-pdxY	RDBECOLIOPC02932	pdxH-tyrS-pdxY	RDBECOLIGNC03732,RDBECOLIGNC01031,RDBECOLIGNC01442	pdxY;tyrS;pdxH	RDBECOLIPMC02993	pdxHp	1718034					b1636;b1637;b1638	1718007	1715026		Ecocyc:TU0-8864 
RDBECOLITUC03022	tyrS-pdxY	RDBECOLIOPC02932	pdxH-tyrS-pdxY	RDBECOLIGNC03732,RDBECOLIGNC01031	pdxY;tyrS	RDBECOLIPMC02994	tyrSp1	1717269					b1636;b1637	1717222	1715026		Ecocyc:TU0-8865 
RDBECOLITUC03023	yjjB-dnaTC-yjjA	RDBECOLIOPC03262	yjjB-dnaTC-yjjA	RDBECOLIGNC01193,RDBECOLIGNC00231,RDBECOLIGNC00238,RDBECOLIGNC01194	yjjA;dnaC;dnaT;yjjB	RDBECOLIPMC02995	yjjBp	4602177	RDBECOLITMC00371				b4360;b4361;b4362;b4363	4602097	4599695	4599620-4599635	Ecocyc:TU0-8867 
RDBECOLITUC03024	dnaTC	RDBECOLIOPC03262	yjjB-dnaTC-yjjA	RDBECOLIGNC00231,RDBECOLIGNC00238	dnaC;dnaT	RDBECOLIPMC02956	dnaTp	4601615	RDBECOLITMC00009				b4361;b4362	4601517	4600238	4600139-4600157	Ecocyc:TU0-8868 
RDBECOLITUC03025	yjjB-dnaTC	RDBECOLIOPC03262	yjjB-dnaTC-yjjA	RDBECOLIGNC00231,RDBECOLIGNC00238,RDBECOLIGNC01194	dnaC;dnaT;yjjB	RDBECOLIPMC02995	yjjBp	4602177	RDBECOLITMC00009				b4361;b4362;b4363	4602097	4600238	4600139-4600157	Ecocyc:TU0-8869 
RDBECOLITUC03026	adrA	RDBECOLIOPC00928	adrA	RDBECOLIGNC01231	dgcC	RDBECOLIPMC02996	adrAp	403687		sigma38	RDBECOLITFC00018,RDBECOLITFC00018	CsgD,CsgD	b0385	403703	404818		Ecocyc:TU0-8872 
RDBECOLITUC03027	allR	RDBECOLIOPC00137	allR	RDBECOLIGNC03156	allR	RDBECOLIPMC02997	allRp						b0506	533011	533826		Ecocyc:TU0-8873 
RDBECOLITUC03028	pepD	RDBECOLIOPC01561	pepD	RDBECOLIGNC00686	pepD	RDBECOLIPMC02998	pepDp3	255737		sigma70	RDBECOLITFC00018	CsgD	b0237	255716	254259		Ecocyc:TU0-8874 
RDBECOLITUC03029	lpxL	RDBECOLIOPC02382	lpxL	RDBECOLIGNC00457	lpxL	RDBECOLIPMC00371	lpxLp	1116709					b1054	1116582	1115662		Ecocyc:TU0-901 
RDBECOLITUC03030	yceA	RDBECOLIOPC01229	yceA	RDBECOLIGNC01099	trhO	RDBECOLIPMC00372	yceAp	1116772					b1055	1116807	1117859		Ecocyc:TU0-921 
RDBECOLITUC03031	mraZW-ftsLIO-murEF-mraY-murD-ftsW-murGC-ddlB-ftsQAZ-lpxC	RDBECOLIOPC03591	mraZW-ftsLIO-murEF-mraY-murD-ftsW-murGC-ddlB-ftsQAZ-lpxC	RDBECOLIGNC02859,RDBECOLIGNC00259,RDBECOLIGNC00341,RDBECOLIGNC00333,RDBECOLIGNC00336,RDBECOLIGNC00208,RDBECOLIGNC00611,RDBECOLIGNC00615,RDBECOLIGNC00338,RDBECOLIGNC00612,RDBECOLIGNC00596,RDBECOLIGNC00614,RDBECOLIGNC00613,RDBECOLIGNC00335,RDBECOLIGNC01073,RDBECOLIGNC01072,RDBECOLIGNC01071	ftsO;lpxC;ftsZ;ftsA;ftsQ;ddlB;murC;murG;ftsW;murD;mraY;murF;murE;ftsI;ftsL;rsmH;mraZ	RDBECOLIPMC00374	mraZp	89596		sigma70	RDBECOLITFC00158,RDBECOLITFC00175,RDBECOLITFC00175,RDBECOLITFC00175	PdhR,MraZ,MraZ,MraZ	b4810;b0096;b0095;b0094;b0093;b0092;b0091;b0090;b0089;b0088;b0087;b0086;b0085;b0084;b0083;b0082;b0081	89634	107474		Ecocyc:TU0-941 
RDBECOLITUC03032	sohB	RDBECOLIOPC03340	sohB	RDBECOLIGNC00944	sohB	RDBECOLIPMC00375	sohBp1	1329284		sigma70	RDBECOLITFC00189	CRP	b1272	1329332	1330381		Ecocyc:TU0-961 
RDBECOLITUC03033	sohB	RDBECOLIOPC03340	sohB	RDBECOLIGNC00944	sohB	RDBECOLIPMC00376	sohBp2	1329301		sigma70	RDBECOLITFC00189	CRP	b1272	1329332	1330381		Ecocyc:TU0-962 
RDBECOLITUC03034	mpl	RDBECOLIOPC02624	mpl	RDBECOLIGNC02289	mpl	RDBECOLIPMC00377	mplp1	4455728		sigma70	RDBECOLITFC00057,RDBECOLITFC00189	Cra,CRP	b4233	4455785	4457158		Ecocyc:TU0-963 
RDBECOLITUC03035	mpl	RDBECOLIOPC02624	mpl	RDBECOLIGNC02289	mpl	RDBECOLIPMC00378	mplp2	4455760		sigma70			b4233	4455785	4457158		Ecocyc:TU0-964 
RDBECOLITUC03036	menA-rraA	RDBECOLIOPC02390	menA-rraA	RDBECOLIGNC01806,RDBECOLIGNC01807	rraA;menA	RDBECOLIPMC00379	menAp2	4120406		sigma70			b3929;b3930	4120349	4118845		Ecocyc:TU0-965 
RDBECOLITUC03037	yehF	RDBECOLIOPC00636	yehF	RDBECOLIGNC01914	yehF	RDBECOLIPMC00373	yehFp	2196445		sigma70	RDBECOLITFC00095,RDBECOLITFC00214	RcsB-BglJ,LexA	b2115	2196474	2197298		Ecocyc:TU0-9 
RDBECOLITUC03038	aceBAK	RDBECOLIOPC03317	aceBAK	RDBECOLIGNC00020,RDBECOLIGNC00019,RDBECOLIGNC00023	aceB;aceA;aceK	RDBECOLIPMC03316	aceBp	4215402		sigma70	RDBECOLITFC00057,RDBECOLITFC00211,RDBECOLITFC00211,RDBECOLITFC00191,RDBECOLITFC00191,RDBECOLITFC00191,RDBECOLITFC00191,RDBECOLITFC00191,RDBECOLITFC00191,RDBECOLITFC00189,RDBECOLITFC00191,RDBECOLITFC00098	Cra,IHF,IHF,IclR,IclR,IclR,IclR,IclR,IclR,CRP,IclR,ArcA	b4014;b4015;b4016	4215478	4220332		Ecocyc:TU00001 
RDBECOLITUC03039	alkA	RDBECOLIOPC01272	alkA	RDBECOLIGNC01199	alkA	RDBECOLIPMC03317	alkAp	2147559		sigma70	RDBECOLITFC00049	Ada	b2068	2147540	2146692		Ecocyc:TU00002 
RDBECOLITUC03040	araC	RDBECOLIOPC00399	araC	RDBECOLIGNC00050	araC	RDBECOLIPMC03319	araCp	70223		sigma70	RDBECOLITFC00090,RDBECOLITFC00090,RDBECOLITFC00022,RDBECOLITFC00022,RDBECOLITFC00189,RDBECOLITFC00022,RDBECOLITFC00022,RDBECOLITFC00022,RDBECOLITFC00022	XylR,XylR,AraC,AraC,CRP,AraC,AraC,AraC,AraC	b0064	70387	71265		Ecocyc:TU00003 
RDBECOLITUC03041	argCBH	RDBECOLIOPC02945	argCBH	RDBECOLIGNC00061,RDBECOLIGNC00060,RDBECOLIGNC01200	argC;argB;argH	RDBECOLIPMC03320	argCp	4154885		sigma70	RDBECOLITFC00109,RDBECOLITFC00109	ArgR,ArgR	b3958;b3959;b3960	4155001	4158223		Ecocyc:TU00004 
RDBECOLITUC03042	argF	RDBECOLIOPC03405	argF-xynR	RDBECOLIGNC00063	argF	RDBECOLIPMC03322	argFp	290340		sigma70	RDBECOLITFC00109,RDBECOLITFC00109	ArgR,ArgR	b0273	290305	289301		Ecocyc:TU00005 
RDBECOLITUC03043	argI	RDBECOLIOPC00127	argI	RDBECOLIGNC00065	argI	RDBECOLIPMC03323	argIp	4478344		sigma70	RDBECOLITFC00039,RDBECOLITFC00109,RDBECOLITFC00109	DksA,ArgR,ArgR	b4254	4478311	4477307		Ecocyc:TU00006 
RDBECOLITUC03044	argR	RDBECOLIOPC01545	argR	RDBECOLIGNC00066	argR	RDBECOLIPMC03324	argRp1	3384677		sigma70	RDBECOLITFC00109,RDBECOLITFC00109	ArgR,ArgR	b3237	3384703	3385173		Ecocyc:TU00007 
RDBECOLITUC03045	aroF-tyrA	RDBECOLIOPC00623	aroF-tyrA	RDBECOLIGNC01027,RDBECOLIGNC00074	tyrA;aroF	RDBECOLIPMC03325	aroFp	2741201	RDBECOLITMC00004	sigma70	RDBECOLITFC00071,RDBECOLITFC00078,RDBECOLITFC00078,RDBECOLITFC00078	SoxR,TyrR,TyrR,TyrR	b2600;b2601	2741150	2738948	2738912-2738940	Ecocyc:TU00008 
RDBECOLITUC03046	aroG	RDBECOLIOPC02364	aroG	RDBECOLIGNC00075	aroG	RDBECOLIPMC03326	aroGp	785591	RDBECOLITMC00005	sigma70	RDBECOLITFC00170,RDBECOLITFC00078	CpxR,TyrR	b0754	785633	786685	786795-786821	Ecocyc:TU00009 
RDBECOLITUC03047	aroH	RDBECOLIOPC02621	aroH	RDBECOLIGNC00076	aroH	RDBECOLIPMC03327	aroHp1	1788318	RDBECOLITMC00006	sigma70	RDBECOLITFC00032,RDBECOLITFC00032	TrpR,TrpR	b1704	1788435	1789481	1789487-1789510	Ecocyc:TU00010 
RDBECOLITUC03048	aroL-yaiA-aroM	RDBECOLIOPC02544	aroL-yaiA-aroM	RDBECOLIGNC00078,RDBECOLIGNC01080,RDBECOLIGNC00079	aroL;yaiA;aroM	RDBECOLIPMC03328	aroLp1	406280		sigma70	RDBECOLITFC00032,RDBECOLITFC00078,RDBECOLITFC00078,RDBECOLITFC00078,RDBECOLITFC00032	TrpR,TyrR,TyrR,TyrR,TrpR	b0388;b0389;b0390	406405	408105		Ecocyc:TU00011 
RDBECOLITUC03049	aroP	RDBECOLIOPC02831	aroP	RDBECOLIGNC00080	aroP	RDBECOLIPMC03329	aroPp1	121671	RDBECOLITMC00007	sigma70	RDBECOLITFC00057,RDBECOLITFC00078,RDBECOLITFC00078	Cra,TyrR,TyrR	b0112	121551	120178	120144-120168	Ecocyc:TU00012 
RDBECOLITUC03050	bioA	RDBECOLIOPC00956	bioA	RDBECOLIGNC00113	bioA	RDBECOLIPMC03330	bioAp	809292		sigma70	RDBECOLITFC00145	BirA	b0774	809257	807968		Ecocyc:TU00013 
RDBECOLITUC03051	cirA	RDBECOLIOPC03134	cirA	RDBECOLIGNC00151	cirA	RDBECOLIPMC03333	cirAp2	2246942		sigma70	RDBECOLITFC00189,RDBECOLITFC00093,RDBECOLITFC00093,RDBECOLITFC00093	CRP,Fur,Fur,Fur	b2155	2246769	2244778		Ecocyc:TU00014 
RDBECOLITUC03052	cirA	RDBECOLIOPC03134	cirA	RDBECOLIGNC00151	cirA	RDBECOLIPMC03334	cirAp1	2246929		sigma70	RDBECOLITFC00189,RDBECOLITFC00093,RDBECOLITFC00093,RDBECOLITFC00093,RDBECOLITFC00093	CRP,Fur,Fur,Fur,Fur	b2155	2246769	2244778		Ecocyc:TU00015 
RDBECOLITUC03053	cyaA	RDBECOLIOPC03442	cyaA	RDBECOLIGNC00166	cyaA	RDBECOLIPMC03335	cyaAp	3990999		sigma70	RDBECOLITFC00189	CRP	b3806	3991153	3993699		Ecocyc:TU00016 
RDBECOLITUC03054	deoCABD	RDBECOLIOPC03406	deoCABD	RDBECOLIGNC00215,RDBECOLIGNC00213,RDBECOLIGNC00214,RDBECOLIGNC00216	deoC;deoA;deoB;deoD	RDBECOLIPMC03336	deoCp1	4616679	RDBECOLITMC00365	sigma70	RDBECOLITFC00147,RDBECOLITFC00147,RDBECOLITFC00147	DeoR,DeoR,DeoR	b4381;b4382;b4383;b4384	4617323	4621602	4621635-4621659	Ecocyc:TU00017 
RDBECOLITUC03055	deoCABD	RDBECOLIOPC03406	deoCABD	RDBECOLIGNC00215,RDBECOLIGNC00213,RDBECOLIGNC00214,RDBECOLIGNC00216	deoC;deoA;deoB;deoD	RDBECOLIPMC03337	deoCp2	4617278	RDBECOLITMC00365	sigma70	RDBECOLITFC00114,RDBECOLITFC00053,RDBECOLITFC00189,RDBECOLITFC00189,RDBECOLITFC00034,RDBECOLITFC00114,RDBECOLITFC00147,RDBECOLITFC00147,RDBECOLITFC00147,RDBECOLITFC00114,RDBECOLITFC00189	CytR,Fis,CRP,CRP,ModE,CytR,DeoR,DeoR,DeoR,CytR,CRP	b4381;b4382;b4383;b4384	4617323	4621602	4621635-4621659	Ecocyc:TU00018 
RDBECOLITUC03056	dmsABC	RDBECOLIOPC03411	dmsABC	RDBECOLIGNC00226,RDBECOLIGNC00227,RDBECOLIGNC00228	dmsA;dmsB;dmsC	RDBECOLIPMC03338	dmsAp1	940823		sigma70	RDBECOLITFC00128,RDBECOLITFC00009,RDBECOLITFC00009,RDBECOLITFC00009,RDBECOLITFC00053,RDBECOLITFC00053,RDBECOLITFC00053	FNR,NarL,NarL,NarL,Fis,Fis,Fis	b0894;b0895;b0896	940959	944896		Ecocyc:TU00019 
RDBECOLITUC03057	fhuACDB	RDBECOLIOPC03419	fhuACDB	RDBECOLIGNC00296,RDBECOLIGNC00298,RDBECOLIGNC00299,RDBECOLIGNC00297	fhuA;fhuC;fhuD;fhuB	RDBECOLIPMC03339	fhuAp	167442		sigma70	RDBECOLITFC00093	Fur	b0150;b0151;b0152;b0153	167484	173444		Ecocyc:TU00020 
RDBECOLITUC03058	dusB-fis	RDBECOLIOPC00905	dusB-fis	RDBECOLIGNC01281,RDBECOLIGNC00311	dusB;fis	RDBECOLIPMC03340	dusBp	3410246	RDBECOLITMC00011	sigma70	RDBECOLITFC00039,RDBECOLITFC00189,RDBECOLITFC00189,RDBECOLITFC00211,RDBECOLITFC00189,RDBECOLITFC00053,RDBECOLITFC00053,RDBECOLITFC00053,RDBECOLITFC00053,RDBECOLITFC00053,RDBECOLITFC00053,RDBECOLITFC00189	DksA,CRP,CRP,IHF,CRP,Fis,Fis,Fis,Fis,Fis,Fis,CRP	b3260;b3261	3410280	3411567	3411593-3411626	Ecocyc:TU00021 
RDBECOLITUC03059	fnr	RDBECOLIOPC00117	fnr	RDBECOLIGNC00319	fnr	RDBECOLIPMC03341	fnrp	1399552		sigma70	RDBECOLITFC00093,RDBECOLITFC00098,RDBECOLITFC00211,RDBECOLITFC00128	Fur,ArcA,IHF,FNR	b1334	1399526	1398774		Ecocyc:TU00022 
RDBECOLITUC03060	frdABCD	RDBECOLIOPC03344	frdABCD	RDBECOLIGNC00327,RDBECOLIGNC00326,RDBECOLIGNC00325,RDBECOLIGNC00324	frdD;frdC;frdB;frdA	RDBECOLIPMC03342	frdAp	4382412	RDBECOLITMC00353	sigma70	RDBECOLITFC00025,RDBECOLITFC00128,RDBECOLITFC00009,RDBECOLITFC00009,RDBECOLITFC00009,RDBECOLITFC00009,RDBECOLITFC00009	DcuR,FNR,NarL,NarL,NarL,NarL,NarL	b4151;b4152;b4153;b4154	4382318	4379007	4378966-4378987	Ecocyc:TU00023 
RDBECOLITUC03061	galS	RDBECOLIOPC00610	galS	RDBECOLIGNC00358	galS	RDBECOLIPMC03343	galSp	2241710		sigma70	RDBECOLITFC00189,RDBECOLITFC00088,RDBECOLITFC00033,RDBECOLITFC00033,RDBECOLITFC00088	CRP,GalR,GalS,GalS,GalR	b2151	2241668	2240628		Ecocyc:TU00024 
RDBECOLITUC03062	galETKM	RDBECOLIOPC02889	galETKM	RDBECOLIGNC01639,RDBECOLIGNC00356,RDBECOLIGNC00359,RDBECOLIGNC00355	galM;galK;galT;galE	RDBECOLIPMC03344	galEp1	792081	RDBECOLITMC00241,RDBECOLITMC00242,RDBECOLITMC00146	sigma70	RDBECOLITFC00189,RDBECOLITFC00033,RDBECOLITFC00020,RDBECOLITFC00020,RDBECOLITFC00020,RDBECOLITFC00020,RDBECOLITFC00019,RDBECOLITFC00088,RDBECOLITFC00088,RDBECOLITFC00033	CRP,GalS,H-NS,H-NS,H-NS,H-NS,HU,GalR,GalR,GalS	b0756;b0757;b0758;b0759	792055	787797	787767-787790;787689-787766;787763-787768	Ecocyc:TU00025 
RDBECOLITUC03063	galETKM	RDBECOLIOPC02889	galETKM	RDBECOLIGNC01639,RDBECOLIGNC00356,RDBECOLIGNC00359,RDBECOLIGNC00355	galM;galK;galT;galE	RDBECOLIPMC03345	galEp2	792086	RDBECOLITMC00241,RDBECOLITMC00242	sigma70	RDBECOLITFC00033,RDBECOLITFC00088,RDBECOLITFC00033,RDBECOLITFC00088,RDBECOLITFC00033,RDBECOLITFC00019,RDBECOLITFC00189,RDBECOLITFC00088	GalS,GalR,GalS,GalR,GalS,HU,CRP,GalR	b0756;b0757;b0758;b0759	792055	787797	787767-787790;787689-787766	Ecocyc:TU00026 
RDBECOLITUC03064	glnAZLG	RDBECOLIOPC03321	glnAZLG	RDBECOLIGNC04740,RDBECOLIGNC00378,RDBECOLIGNC00380,RDBECOLIGNC00376	glnZ;glnG;glnL;glnA	RDBECOLIPMC03346	glnAp1	4058222		sigma70	RDBECOLITFC00189,RDBECOLITFC00153,RDBECOLITFC00153,RDBECOLITFC00153,RDBECOLITFC00153,RDBECOLITFC00153	CRP,NtrC,NtrC,NtrC,NtrC,NtrC	b4836;b3868;b3869;b3870	4058034	4053869		Ecocyc:TU00027 
RDBECOLITUC03065	glnLG	RDBECOLIOPC03321	glnAZLG	RDBECOLIGNC00378,RDBECOLIGNC00380	glnG;glnL	RDBECOLIPMC03347	glnLp	4056371		sigma70	RDBECOLITFC00153	NtrC	b3868;b3869	4056339	4053869		Ecocyc:TU00028 
RDBECOLITUC03066	glnAZLG	RDBECOLIOPC03321	glnAZLG	RDBECOLIGNC04740,RDBECOLIGNC00378,RDBECOLIGNC00380,RDBECOLIGNC00376	glnZ;glnG;glnL;glnA	RDBECOLIPMC03538	glnAp2	4058107		sigma54	RDBECOLITFC00153,RDBECOLITFC00153,RDBECOLITFC00153,RDBECOLITFC00153,RDBECOLITFC00053,RDBECOLITFC00153,RDBECOLITFC00189,RDBECOLITFC00189	NtrC,NtrC,NtrC,NtrC,Fis,NtrC,CRP,CRP	b4836;b3868;b3869;b3870	4058034	4053869		Ecocyc:TU00029 
RDBECOLITUC03067	glpABC	RDBECOLIOPC00065	glpABC	RDBECOLIGNC00384,RDBECOLIGNC00385,RDBECOLIGNC00386	glpA;glpB;glpC	RDBECOLIPMC03348	glpAp	2352583	RDBECOLITMC00282	sigma70	RDBECOLITFC00196,RDBECOLITFC00128,RDBECOLITFC00189,RDBECOLITFC00189,RDBECOLITFC00128,RDBECOLITFC00052,RDBECOLITFC00189,RDBECOLITFC00102,RDBECOLITFC00102,RDBECOLITFC00102,RDBECOLITFC00102,RDBECOLITFC00102,RDBECOLITFC00098,RDBECOLITFC00053,RDBECOLITFC00053,RDBECOLITFC00053,RDBECOLITFC00053,RDBECOLITFC00053,RDBECOLITFC00053	BasR,FNR,CRP,CRP,FNR,FlhDC,CRP,GlpR,GlpR,GlpR,GlpR,GlpR,ArcA,Fis,Fis,Fis,Fis,Fis,Fis	b2241;b2242;b2243	2352647	2356711	2356723-2356752	Ecocyc:TU00030 
RDBECOLITUC03068	glpD	RDBECOLIOPC01582	glpD	RDBECOLIGNC00387	glpD	RDBECOLIPMC03349	glpDp	3561971		sigma70	RDBECOLITFC00189,RDBECOLITFC00102,RDBECOLITFC00102,RDBECOLITFC00102,RDBECOLITFC00102	CRP,GlpR,GlpR,GlpR,GlpR	b3426	3562013	3563518		Ecocyc:TU00031 
RDBECOLITUC03069	ivbL-ilvBN	RDBECOLIOPC03544	ivbL-ilvBN-uhpABC	RDBECOLIGNC00494,RDBECOLIGNC00487,RDBECOLIGNC01248	ilvN;ilvB;ivbL	RDBECOLIPMC03351	ivbLp	3853023	RDBECOLITMC00090	sigma70	RDBECOLITFC00189	CRP	b3670;b3671;b3672	3852988	3850802	3850746-3850779	Ecocyc:TU00032 
RDBECOLITUC03070	ilvY	RDBECOLIOPC02924	ilvY	RDBECOLIGNC00495	ilvY	RDBECOLIPMC03352	ilvYp1	3957867	RDBECOLITMC00315	sigma70	RDBECOLITFC00134,RDBECOLITFC00134	IlvY,IlvY	b3773	3957820	3956927	3956883-3956909	Ecocyc:TU00033 
RDBECOLITUC03071	katG	RDBECOLIOPC01247	katG	RDBECOLIGNC00503	katG	RDBECOLIPMC03353	katGp	4133812		sigma70	RDBECOLITFC00216,RDBECOLITFC00216,RDBECOLITFC00128,RDBECOLITFC00128,RDBECOLITFC00216,RDBECOLITFC00093	OxyR,OxyR,FNR,FNR,OxyR,Fur	b3942	4133835	4136015		Ecocyc:TU00034 
RDBECOLITUC03072	kdpFABC	RDBECOLIOPC00375	kdpFABC	RDBECOLIGNC02579,RDBECOLIGNC00507,RDBECOLIGNC00506,RDBECOLIGNC00505	kdpF;kdpC;kdpB;kdpA	RDBECOLIPMC03354	kdpFp	728849		sigma70	RDBECOLITFC00106	KdpE	b4513;b0696;b0697;b0698	728821	724407		Ecocyc:TU00035 
RDBECOLITUC03073	lacZYA	RDBECOLIOPC03373	lacZYA	RDBECOLIGNC00516,RDBECOLIGNC00518,RDBECOLIGNC00519	lacA;lacY;lacZ	RDBECOLIPMC03355	lacZp1	366343	RDBECOLITMC00257,RDBECOLITMC00256	sigma70	RDBECOLITFC00074,RDBECOLITFC00189,RDBECOLITFC00020,RDBECOLITFC00020,RDBECOLITFC00020,RDBECOLITFC00020,RDBECOLITFC00020,RDBECOLITFC00020,RDBECOLITFC00210,RDBECOLITFC00210,RDBECOLITFC00210,RDBECOLITFC00189	MarA,CRP,H-NS,H-NS,H-NS,H-NS,H-NS,H-NS,LacI,LacI,LacI,CRP	b0342;b0343;b0344	366305	361249	361140-361179;361212-361236	Ecocyc:TU00036 
RDBECOLITUC03074	lexA-dinF	RDBECOLIOPC00891	lexA-dinF	RDBECOLIGNC00525,RDBECOLIGNC01446	lexA;dinF	RDBECOLIPMC03356	lexAp	4257087		sigma70	RDBECOLITFC00214,RDBECOLITFC00214	LexA,LexA	b4043;b4044	4257115	4259121		Ecocyc:TU00037 
RDBECOLITUC03075	malEFGH	RDBECOLIOPC00103	malEFGH	RDBECOLIGNC02856,RDBECOLIGNC00548,RDBECOLIGNC00547,RDBECOLIGNC00546	malH;malG;malF;malE	RDBECOLIPMC03357	malEp	4246464	RDBECOLITMC00259	sigma70	RDBECOLITFC00112,RDBECOLITFC00020,RDBECOLITFC00066,RDBECOLITFC00163,RDBECOLITFC00163,RDBECOLITFC00189,RDBECOLITFC00189,RDBECOLITFC00189,RDBECOLITFC00189,RDBECOLITFC00163,RDBECOLITFC00163,RDBECOLITFC00163,RDBECOLITFC00053,RDBECOLITFC00053	CreB,H-NS,StpA,MalT,MalT,CRP,CRP,CRP,CRP,MalT,MalT,MalT,Fis,Fis	b4807;b4032;b4033;b4034	4246419	4242531	4242539-4242555	Ecocyc:TU00038 
RDBECOLITUC03076	malPQ	RDBECOLIOPC01516	malPQ	RDBECOLIGNC00553,RDBECOLIGNC00552	malQ;malP	RDBECOLIPMC03359	malPp	3552510		sigma70	RDBECOLITFC00128,RDBECOLITFC00163,RDBECOLITFC00163,RDBECOLITFC00163,RDBECOLITFC00163	FNR,MalT,MalT,MalT,MalT	b3416;b3417	3552473	3547986		Ecocyc:TU00039 
RDBECOLITUC03077	melR	RDBECOLIOPC00594	melR	RDBECOLIGNC01207	melR	RDBECOLIPMC03360	melRp	4341650		sigma70	RDBECOLITFC00087,RDBECOLITFC00189,RDBECOLITFC00189,RDBECOLITFC00087,RDBECOLITFC00087,RDBECOLITFC00087,RDBECOLITFC00087	MelR,CRP,CRP,MelR,MelR,MelR,MelR	b4118	4341628	4340720		Ecocyc:TU00040 
RDBECOLITUC03078	metA	RDBECOLIOPC02326	metA	RDBECOLIGNC00573	metA	RDBECOLIPMC03361	metAp1	4214233		sigma32	RDBECOLITFC00218,RDBECOLITFC00218	MetJ,MetJ	b4013	4214280	4215209		Ecocyc:TU00041 
RDBECOLITUC03079	metH	RDBECOLIOPC03313	metH	RDBECOLIGNC00579	metH	RDBECOLIPMC03363	metHp1	4223783		sigma70	RDBECOLITFC00108,RDBECOLITFC00093	MetR,Fur	b4019	4223828	4227511		Ecocyc:TU00042 
RDBECOLITUC03080	nagBACD	RDBECOLIOPC02093	nagBACD	RDBECOLIGNC00626,RDBECOLIGNC00628,RDBECOLIGNC00624,RDBECOLIGNC00625	umpH;nagC;nagA;nagB	RDBECOLIPMC03364	nagBp	703708		sigma70	RDBECOLITFC00189,RDBECOLITFC00189,RDBECOLITFC00027,RDBECOLITFC00027,RDBECOLITFC00189,RDBECOLITFC00189	CRP,CRP,NagC,NagC,CRP,CRP	b0675;b0676;b0677;b0678	703611	699574		Ecocyc:TU00043 
RDBECOLITUC03081	narGHJI	RDBECOLIOPC01918	narGHJI	RDBECOLIGNC00630,RDBECOLIGNC00631,RDBECOLIGNC00633,RDBECOLIGNC00632	narG;narH;narJ;narI	RDBECOLIPMC03365	narGp	1279807	RDBECOLITMC00200	sigma70	RDBECOLITFC00009,RDBECOLITFC00009,RDBECOLITFC00009,RDBECOLITFC00009,RDBECOLITFC00009,RDBECOLITFC00009,RDBECOLITFC00009,RDBECOLITFC00128,RDBECOLITFC00211,RDBECOLITFC00009,RDBECOLITFC00167,RDBECOLITFC00053,RDBECOLITFC00053	NarL,NarL,NarL,NarL,NarL,NarL,NarL,FNR,IHF,NarL,RstA,Fis,Fis	b1224;b1225;b1226;b1227	1279864	1286526	1286525-1286579	Ecocyc:TU00044 
RDBECOLITUC03082	narK	RDBECOLIOPC03248	narK	RDBECOLIGNC04714,RDBECOLIGNC00634	narS;narK	RDBECOLIPMC03366	narKp1	1277932		sigma70	RDBECOLITFC00009,RDBECOLITFC00009,RDBECOLITFC00009,RDBECOLITFC00009,RDBECOLITFC00009,RDBECOLITFC00009,RDBECOLITFC00009,RDBECOLITFC00009,RDBECOLITFC00128,RDBECOLITFC00009,RDBECOLITFC00009,RDBECOLITFC00128,RDBECOLITFC00211,RDBECOLITFC00053	NarL,NarL,NarL,NarL,NarL,NarL,NarL,NarL,FNR,NarL,NarL,FNR,IHF,Fis	b4813;b1223	1277957	1279520		Ecocyc:TU00045 
RDBECOLITUC03083	nirBDC-cysG	RDBECOLIOPC02187	nirBDC-cysG	RDBECOLIGNC00645,RDBECOLIGNC00647,RDBECOLIGNC00646,RDBECOLIGNC00183	nirB;nirD;nirC;cysG	RDBECOLIPMC03367	nirBp	3493987		sigma70	RDBECOLITFC00085,RDBECOLITFC00009,RDBECOLITFC00085,RDBECOLITFC00128,RDBECOLITFC00009,RDBECOLITFC00189,RDBECOLITFC00189,RDBECOLITFC00053,RDBECOLITFC00211,RDBECOLITFC00020,RDBECOLITFC00211,RDBECOLITFC00053,RDBECOLITFC00053,RDBECOLITFC00057	NarP,NarL,NarP,FNR,NarL,CRP,CRP,Fis,IHF,H-NS,IHF,Fis,Fis,Cra	b3365;b3366;b3367;b3368	3494011	3499201		Ecocyc:TU00046 
RDBECOLITUC03084	nrdAB-yfaE	RDBECOLIOPC02618	nrdAB-yfaE	RDBECOLIGNC02223,RDBECOLIGNC00652,RDBECOLIGNC00653	yfaE;nrdA;nrdB	RDBECOLIPMC03368	nrdAp	2344755		sigma70	RDBECOLITFC00017,RDBECOLITFC00076,RDBECOLITFC00076,RDBECOLITFC00076,RDBECOLITFC00020,RDBECOLITFC00020,RDBECOLITFC00053,RDBECOLITFC00053,RDBECOLITFC00053,RDBECOLITFC00053,RDBECOLITFC00189,RDBECOLITFC00076,RDBECOLITFC00076,RDBECOLITFC00076,RDBECOLITFC00053,RDBECOLITFC00017,RDBECOLITFC00017,RDBECOLITFC00148,RDBECOLITFC00148	DnaA,ArgP,ArgP,ArgP,H-NS,H-NS,Fis,Fis,Fis,Fis,CRP,ArgP,ArgP,ArgP,Fis,DnaA,DnaA,NrdR,NrdR	b2236;b2234;b2235	2344865	2348768		Ecocyc:TU00047 
RDBECOLITUC03085	ompA	RDBECOLIOPC00898	ompA	RDBECOLIGNC00661	ompA	RDBECOLIPMC03369	ompAp1	1020191		sigma70	RDBECOLITFC00189	CRP	b0957	1020053	1019013		Ecocyc:TU00048 
RDBECOLITUC03086	ompC	RDBECOLIOPC03118	ompC	RDBECOLIGNC00662	ompC	RDBECOLIPMC03370	ompCp1	2312830	RDBECOLITMC00018	sigma70	RDBECOLITFC00101,RDBECOLITFC00170,RDBECOLITFC00170,RDBECOLITFC00170,RDBECOLITFC00040,RDBECOLITFC00040,RDBECOLITFC00040,RDBECOLITFC00223,RDBECOLITFC00014,RDBECOLITFC00014,RDBECOLITFC00014,RDBECOLITFC00014,RDBECOLITFC00014,RDBECOLITFC00014,RDBECOLITFC00014,RDBECOLITFC00014,RDBECOLITFC00211	YjjQ,CpxR,CpxR,CpxR,OmpR,OmpR,OmpR,EnvY,Lrp,Lrp,Lrp,Lrp,Lrp,Lrp,Lrp,Lrp,IHF	b2215	2312749	2311646	2311610-2311624	Ecocyc:TU00049 
RDBECOLITUC03087	ompF	RDBECOLIOPC01232	ompF	RDBECOLIGNC00663	ompF	RDBECOLIPMC03371	ompFp	987092	RDBECOLITMC00220	sigma70	RDBECOLITFC00202,RDBECOLITFC00093,RDBECOLITFC00189,RDBECOLITFC00189,RDBECOLITFC00189,RDBECOLITFC00223,RDBECOLITFC00211,RDBECOLITFC00040,RDBECOLITFC00040,RDBECOLITFC00040,RDBECOLITFC00170,RDBECOLITFC00170,RDBECOLITFC00170,RDBECOLITFC00170,RDBECOLITFC00040,RDBECOLITFC00211,RDBECOLITFC00211,RDBECOLITFC00040,RDBECOLITFC00040,RDBECOLITFC00167	PhoB,Fur,CRP,CRP,CRP,EnvY,IHF,OmpR,OmpR,OmpR,CpxR,CpxR,CpxR,CpxR,OmpR,IHF,IHF,OmpR,OmpR,RstA	b0929	986982	985894	985831-985885	Ecocyc:TU00050 
RDBECOLITUC03088	oxyR	RDBECOLIOPC02616	oxyR	RDBECOLIGNC00673	oxyR	RDBECOLIPMC03372	oxyRp	4158457		sigma70	RDBECOLITFC00216,RDBECOLITFC00216,RDBECOLITFC00189	OxyR,OxyR,CRP	b3961	4158490	4159407		Ecocyc:TU00051 
RDBECOLITUC03089	phoA-psiF	RDBECOLIOPC03073	phoA-psiF	RDBECOLIGNC00717,RDBECOLIGNC01366	phoA;psiF	RDBECOLIPMC03373	phoAp	401707		sigma70	RDBECOLITFC00202	PhoB	b0383;b0384	401747	403601		Ecocyc:TU00052 
RDBECOLITUC03090	phoBR	RDBECOLIOPC00876	phoBR	RDBECOLIGNC00718,RDBECOLIGNC00723	phoB;phoR	RDBECOLIPMC03374	phoBp	417101	RDBECOLITMC00221	sigma70	RDBECOLITFC00132,RDBECOLITFC00202	AlpA,PhoB	b0399;b0400	417142	419184	419191-419245	Ecocyc:TU00053 
RDBECOLITUC03091	hflD-purB	RDBECOLIOPC00093	hflD-purB	RDBECOLIGNC01284,RDBECOLIGNC01315	purB;hflD	RDBECOLIPMC03722	hflDp	1192686		sigma70	RDBECOLITFC00121	PurR	b1131;b1132	1192631	1190616		Ecocyc:TU00054 
RDBECOLITUC03092	purC	RDBECOLIOPC01498	purC	RDBECOLIGNC00781	purC	RDBECOLIPMC03375	purCp	2597781		sigma70	RDBECOLITFC00121	PurR	b2476	2597618	2596905		Ecocyc:TU00055 
RDBECOLITUC03093	purHD	RDBECOLIOPC00581	purHD	RDBECOLIGNC00782,RDBECOLIGNC00785	purD;purH	RDBECOLIPMC03376	purHp	4207627		sigma70	RDBECOLITFC00058,RDBECOLITFC00166,RDBECOLITFC00121	RbsR,PhoP,PurR	b4005;b4006	4207532	4204642		Ecocyc:TU00056 
RDBECOLITUC03094	purL	RDBECOLIOPC02306	purL	RDBECOLIGNC00787	purL	RDBECOLIPMC03377	purLp	2695589		sigma70	RDBECOLITFC00121	PurR	b2557	2695543	2691656		Ecocyc:TU00057 
RDBECOLITUC03095	purMN	RDBECOLIOPC01178	purMN	RDBECOLIGNC00788,RDBECOLIGNC00789	purM;purN	RDBECOLIPMC03378	purMp	2621153		sigma70	RDBECOLITFC00128,RDBECOLITFC00121	FNR,PurR	b2499;b2500	2621197	2622872		Ecocyc:TU00058 
RDBECOLITUC03096	purR	RDBECOLIOPC00312	purR	RDBECOLIGNC00790	purR	RDBECOLIPMC03379	purRp	1737689		sigma70	RDBECOLITFC00093,RDBECOLITFC00121,RDBECOLITFC00121	Fur,PurR,PurR	b1658	1737844	1738869		Ecocyc:TU00059 
RDBECOLITUC03097	pyrC	RDBECOLIOPC01904	pyrC	RDBECOLIGNC00796	pyrC	RDBECOLIPMC03380	pyrCp	1122643		sigma70	RDBECOLITFC00093,RDBECOLITFC00121	Fur,PurR	b1062	1122607	1121561		Ecocyc:TU00060 
RDBECOLITUC03098	pyrD	RDBECOLIOPC00922	pyrD	RDBECOLIGNC00797	pyrD	RDBECOLIPMC03381	pyrDp	1004732		sigma70	RDBECOLITFC00121,RDBECOLITFC00053	PurR,Fis	b0945	1004768	1005778		Ecocyc:TU00061 
RDBECOLITUC03099	recA	RDBECOLIOPC02333	recAX	RDBECOLIGNC00813	recA	RDBECOLIPMC03382	recAp	2823819	RDBECOLITMC00254	sigma70	RDBECOLITFC00214	LexA	b2699	2823769	2822708	2822670-2822687	Ecocyc:TU00062 
RDBECOLITUC03100	rhaSR	RDBECOLIOPC01548	rhaSR	RDBECOLIGNC00833,RDBECOLIGNC00832	rhaS;rhaR	RDBECOLIPMC03383	rhaSp	4097711		sigma70	RDBECOLITFC00160,RDBECOLITFC00160,RDBECOLITFC00160,RDBECOLITFC00189,RDBECOLITFC00189,RDBECOLITFC00104,RDBECOLITFC00104	RhaS,RhaS,RhaS,CRP,CRP,RhaR,RhaR	b3905;b3906	4097736	4099494		Ecocyc:TU00063 
RDBECOLITUC03101	sodA	RDBECOLIOPC00629	sodA	RDBECOLIGNC00941	sodA	RDBECOLIPMC03385	sodAp	4100759	RDBECOLITMC00228	sigma70	RDBECOLITFC00093,RDBECOLITFC00071,RDBECOLITFC00189,RDBECOLITFC00074,RDBECOLITFC00051,RDBECOLITFC00201,RDBECOLITFC00098,RDBECOLITFC00098,RDBECOLITFC00128,RDBECOLITFC00098,RDBECOLITFC00093,RDBECOLITFC00093,RDBECOLITFC00211,RDBECOLITFC00211,RDBECOLITFC00211,RDBECOLITFC00211,RDBECOLITFC00093	Fur,SoxR,CRP,MarA,Rob,SoxS,ArcA,ArcA,FNR,ArcA,Fur,Fur,IHF,IHF,IHF,IHF,Fur	b3908	4100810	4101430	4101468-4101522	Ecocyc:TU00064 
RDBECOLITUC03102	ssb	RDBECOLIOPC02230	ssb	RDBECOLIGNC00964	ssb	RDBECOLIPMC03386	ssbp3	4274011		sigma70	RDBECOLITFC00098,RDBECOLITFC00098,RDBECOLITFC00098,RDBECOLITFC00098,RDBECOLITFC00214	ArcA,ArcA,ArcA,ArcA,LexA	b4059	4274125	4274661		Ecocyc:TU00065 
RDBECOLITUC03103	sulA	RDBECOLIOPC01219	sulA	RDBECOLIGNC00972	sulA	RDBECOLIPMC03387	sulAp	1020947		sigma70	RDBECOLITFC00048,RDBECOLITFC00048,RDBECOLITFC00214	RcdA,RcdA,LexA	b0958	1020919	1020410		Ecocyc:TU00066 
RDBECOLITUC03104	trpLEDCBA	RDBECOLIOPC03145	trpLEDCBA	RDBECOLIGNC01012,RDBECOLIGNC01013,RDBECOLIGNC01014,RDBECOLIGNC01015,RDBECOLIGNC01016,RDBECOLIGNC01247	trpA;trpB;trpC;trpD;trpE;trpL	RDBECOLIPMC03388	trpLp	1323108	RDBECOLITMC00112	sigma70	RDBECOLITFC00032,RDBECOLITFC00032,RDBECOLITFC00032	TrpR,TrpR,TrpR	b1260;b1261;b1262;b1263;b1264;b1265	1323082	1316416	1316383-1316408	Ecocyc:TU00067 
RDBECOLITUC03105	tyrR	RDBECOLIOPC03235	ycjXF-tyrR	RDBECOLIGNC01030	tyrR	RDBECOLIPMC03390	tyrRp	1386692	RDBECOLITMC00255	sigma70	RDBECOLITFC00054,RDBECOLITFC00078,RDBECOLITFC00078	PgrR,TyrR,TyrR	b1323	1386720	1388261	1388267-1388301	Ecocyc:TU00068 
RDBECOLITUC03106	uvrA	RDBECOLIOPC00861	uvrA	RDBECOLIGNC01049	uvrA	RDBECOLIPMC03391	uvrAp	4273936	RDBECOLITMC00232	sigma70	RDBECOLITFC00098,RDBECOLITFC00098,RDBECOLITFC00098,RDBECOLITFC00098,RDBECOLITFC00214	ArcA,ArcA,ArcA,ArcA,LexA	b4058	4273871	4271049	4271007-4271061	Ecocyc:TU00069 
RDBECOLITUC03107	uvrB	RDBECOLIOPC01941	uvrB	RDBECOLIGNC01050	uvrB	RDBECOLIPMC03392	uvrBp2	813462		sigma70	RDBECOLITFC00214,RDBECOLITFC00214,RDBECOLITFC00017,RDBECOLITFC00017,RDBECOLITFC00017,RDBECOLITFC00017,RDBECOLITFC00214	LexA,LexA,DnaA,DnaA,DnaA,DnaA,LexA	b0779	813526	815547		Ecocyc:TU00070 
RDBECOLITUC03108	uvrD	RDBECOLIOPC03397	uvrD	RDBECOLIGNC01052	uvrD	RDBECOLIPMC03393	uvrDp1	3997907	RDBECOLITMC00177	sigma70	RDBECOLITFC00214	LexA	b3813	3997983	4000145	4000150-4000177	Ecocyc:TU00071 
RDBECOLITUC03109	ada-alkB	RDBECOLIOPC03267	ada-alkB	RDBECOLIGNC00034,RDBECOLIGNC00026	alkB;ada	RDBECOLIPMC03394	adap	2310427		sigma70	RDBECOLITFC00049,RDBECOLITFC00049	Ada,Ada	b2212;b2213	2310405	2308691		Ecocyc:TU00072 
RDBECOLITUC03110	alkB	RDBECOLIOPC03267	ada-alkB	RDBECOLIGNC00034	alkB	RDBECOLIPMC03417	alkBp	2309445		sigma70			b2212	2309341	2308691		Ecocyc:TU00073 
RDBECOLITUC03111	ahpCF	RDBECOLIOPC03164	ahpCF	RDBECOLIGNC01350,RDBECOLIGNC01351	ahpC;ahpF	RDBECOLIPMC03395	ahpCp1	638921		sigma70	RDBECOLITFC00216,RDBECOLITFC00216,RDBECOLITFC00218,RDBECOLITFC00218	OxyR,OxyR,MetJ,MetJ	b0605;b0606	638945	641318		Ecocyc:TU00074 
RDBECOLITUC03112	ansB	RDBECOLIOPC01804	ansB	RDBECOLIGNC00042	ansB	RDBECOLIPMC03396	ansBp2	3100751	RDBECOLITMC00080	sigma70	RDBECOLITFC00189,RDBECOLITFC00128	CRP,FNR	b2957	3100728	3099682	3099654-3099674	Ecocyc:TU00075 
RDBECOLITUC03113	araE	RDBECOLIOPC03217	araE-ygeA	RDBECOLIGNC00052	araE	RDBECOLIPMC03397	araEp	2982208		sigma70	RDBECOLITFC00022,RDBECOLITFC00022,RDBECOLITFC00189	AraC,AraC,CRP	b2841	2982182	2980764		Ecocyc:TU00076 
RDBECOLITUC03114	cysB	RDBECOLIOPC00909	cysB	RDBECOLIGNC00179	cysB	RDBECOLIPMC03398	cysBp	1333788	RDBECOLITMC00323	sigma70	RDBECOLITFC00166,RDBECOLITFC00152	PhoP,CysB	b1275	1333855	1334829	1334845-1334874	Ecocyc:TU00077 
RDBECOLITUC03115	cysJIH	RDBECOLIOPC02498	cysJIH	RDBECOLIGNC00184,RDBECOLIGNC00185,RDBECOLIGNC00186	cysH;cysI;cysJ	RDBECOLIPMC03399	cysJp	2891964		sigma70	RDBECOLITFC00211,RDBECOLITFC00152	IHF,CysB	b2762;b2763;b2764	2891898	2887578		Ecocyc:TU00078 
RDBECOLITUC03116	cysK	RDBECOLIOPC02655	cysK	RDBECOLIGNC00187	cysK	RDBECOLIPMC03400	cysKp1	2532377	RDBECOLITMC00083	sigma70	RDBECOLITFC00152	CysB	b2414	2532409	2533380	2533409-2533424	Ecocyc:TU00079 
RDBECOLITUC03117	fadL	RDBECOLIOPC00615	fadL	RDBECOLIGNC00274	fadL	RDBECOLIPMC03402	fadLp	2461205		sigma38	RDBECOLITFC00051,RDBECOLITFC00166,RDBECOLITFC00098,RDBECOLITFC00126,RDBECOLITFC00126,RDBECOLITFC00040,RDBECOLITFC00040,RDBECOLITFC00040,RDBECOLITFC00040,RDBECOLITFC00189	Rob,PhoP,ArcA,FadR,FadR,OmpR,OmpR,OmpR,OmpR,CRP	b2344	2461306	2462646		Ecocyc:TU00080 
RDBECOLITUC03118	ilvIH	RDBECOLIOPC03389	ilvIH	RDBECOLIGNC00492,RDBECOLIGNC00491	ilvI;ilvH	RDBECOLIPMC03403	ilvIHp1	85600		sigma70	RDBECOLITFC00014,RDBECOLITFC00014,RDBECOLITFC00014,RDBECOLITFC00014,RDBECOLITFC00014,RDBECOLITFC00014,RDBECOLITFC00020	Lrp,Lrp,Lrp,Lrp,Lrp,Lrp,H-NS	b0077;b0078	85630	87848		Ecocyc:TU00081 
RDBECOLITUC03119	purEK	RDBECOLIOPC01207	purEK	RDBECOLIGNC00786,RDBECOLIGNC00783	purK;purE	RDBECOLIPMC03404	purEp	553142		sigma70	RDBECOLITFC00121	PurR	b0522;b0523	553100	551527		Ecocyc:TU00082 
RDBECOLITUC03120	rpoH	RDBECOLIOPC02770	rpoH	RDBECOLIGNC00887	rpoH	RDBECOLIPMC03384	rpoHp5	3600849	RDBECOLITMC00344	sigma70	RDBECOLITFC00114,RDBECOLITFC00189,RDBECOLITFC00189,RDBECOLITFC00189,RDBECOLITFC00114,RDBECOLITFC00189,RDBECOLITFC00189	CytR,CRP,CRP,CRP,CytR,CRP,CRP	b3461	3600783	3599929	3599887-3599907	Ecocyc:TU00083 
RDBECOLITUC03121	rpoH	RDBECOLIOPC02770	rpoH	RDBECOLIGNC00887	rpoH	RDBECOLIPMC03405	rpoHp4	3600863	RDBECOLITMC00344	sigma70	RDBECOLITFC00114,RDBECOLITFC00017,RDBECOLITFC00017,RDBECOLITFC00189,RDBECOLITFC00189,RDBECOLITFC00114	CytR,DnaA,DnaA,CRP,CRP,CytR	b3461	3600783	3599929	3599887-3599907	Ecocyc:TU00084 
RDBECOLITUC03122	tnaCAB	RDBECOLIOPC02356	tnaCAB	RDBECOLIGNC01249,RDBECOLIGNC00993,RDBECOLIGNC00994	tnaC;tnaA;tnaB	RDBECOLIPMC03407	tnaCp	3888411	RDBECOLITMC00068	sigma70	RDBECOLITFC00063,RDBECOLITFC00063,RDBECOLITFC00189	TorR,TorR,CRP	b3707;b3708;b3709	3888435	3891483	3888462-3888509	Ecocyc:TU00085 
RDBECOLITUC03123	phoE	RDBECOLIOPC00071	phoE	RDBECOLIGNC00719	phoE	RDBECOLIPMC03408	phoEp	260158		sigma70	RDBECOLITFC00202,RDBECOLITFC00202,RDBECOLITFC00202	PhoB,PhoB,PhoB	b0241	260100	259045		Ecocyc:TU00086 
RDBECOLITUC03124	tyrB	RDBECOLIOPC01468	tyrB	RDBECOLIGNC01028	tyrB	RDBECOLIPMC03409	tyrBp	4267082	RDBECOLITMC00369	sigma70	RDBECOLITFC00078,RDBECOLITFC00078	TyrR,TyrR	b4054	4267114	4268307	4268317-4268340	Ecocyc:TU00087 
RDBECOLITUC03125	tyrP	RDBECOLIOPC02652	tyrP	RDBECOLIGNC01029	tyrP	RDBECOLIPMC03410	tyrPp1	1989645		sigma70	RDBECOLITFC00078,RDBECOLITFC00019,RDBECOLITFC00211,RDBECOLITFC00078,RDBECOLITFC00078	TyrR,HU,IHF,TyrR,TyrR	b1907	1989681	1990892		Ecocyc:TU00088 
RDBECOLITUC03126	glnB	RDBECOLIOPC03583	glrR-glnB	RDBECOLIGNC00377	glnB	RDBECOLIPMC03411	glnBp2	2687503		sigma70	RDBECOLITFC00121	PurR	b2553	2687408	2687070		Ecocyc:TU00089 
RDBECOLITUC03127	ilvC	RDBECOLIOPC01149	ilvC	RDBECOLIGNC00488	ilvC	RDBECOLIPMC03412	ilvCp	3957912		sigma70	RDBECOLITFC00134,RDBECOLITFC00134	IlvY,IlvY	b3774	3957970	3959445		Ecocyc:TU00090 
RDBECOLITUC03128	malT	RDBECOLIOPC00290	malT	RDBECOLIGNC00554	malT	RDBECOLIPMC03413	malTp	3553024	RDBECOLITMC00297	sigma70	RDBECOLITFC00014,RDBECOLITFC00189,RDBECOLITFC00219	Lrp,CRP,Mlc	b3418	3553085	3555790	3555795-3555820	Ecocyc:TU00091 
RDBECOLITUC03129	fabA	RDBECOLIOPC01874	fabA	RDBECOLIGNC00267	fabA	RDBECOLIPMC03414	fabAp	1016498		sigma70	RDBECOLITFC00126,RDBECOLITFC00028	FadR,FabR	b0954	1016470	1015952		Ecocyc:TU00092 
RDBECOLITUC03130	mtr	RDBECOLIOPC02750	mtr	RDBECOLIGNC00609	mtr	RDBECOLIPMC03415	mtrp2	3305860		sigma70	RDBECOLITFC00078,RDBECOLITFC00078,RDBECOLITFC00019,RDBECOLITFC00211,RDBECOLITFC00032,RDBECOLITFC00032	TyrR,TyrR,HU,IHF,TrpR,TrpR	b3161	3305817	3304573		Ecocyc:TU00093 
RDBECOLITUC03131	purA	RDBECOLIOPC00026	purA	RDBECOLIGNC00780	purA	RDBECOLIPMC03416	purAp	4404664		sigma70	RDBECOLITFC00077,RDBECOLITFC00121,RDBECOLITFC00121,RDBECOLITFC00074	GadE,PurR,PurR,MarA	b4177	4404687	4405985		Ecocyc:TU00094 
RDBECOLITUC03132	aidB	RDBECOLIOPC02683	aidB	RDBECOLIGNC01742	aidB	RDBECOLIPMC03418	aidBp1	4414247		sigma70	RDBECOLITFC00062,RDBECOLITFC00049,RDBECOLITFC00014	AidB,Ada,Lrp	b4187	4414275	4415900		Ecocyc:TU00095 
RDBECOLITUC03133	slp-dctR	RDBECOLIOPC00601	slp-dctR	RDBECOLIGNC01816,RDBECOLIGNC01817	dctR;slp	RDBECOLIPMC03419	slpp	3653936		sigma70	RDBECOLITFC00023,RDBECOLITFC00123,RDBECOLITFC00020,RDBECOLITFC00187,RDBECOLITFC00023,RDBECOLITFC00141,RDBECOLITFC00187,RDBECOLITFC00187,RDBECOLITFC00187,RDBECOLITFC00074,RDBECOLITFC00187	GadW,GadRcs,H-NS,GadX,GadW,YdeO,GadX,GadX,GadX,MarA,GadX	b3507;b3506	3653961	3655213		Ecocyc:TU00096 
RDBECOLITUC03134	appCBA-yccB	RDBECOLIOPC03085	appCBA-yccB	RDBECOLIGNC02649,RDBECOLIGNC01347,RDBECOLIGNC01346,RDBECOLIGNC00045	appX;appC;appB;appA	RDBECOLIPMC03420	appCp	1037710		sigma70	RDBECOLITFC00141,RDBECOLITFC00098,RDBECOLITFC00096	YdeO,ArcA,AppY	b4592;b0978;b0979;b0980	1037740	1041915		Ecocyc:TU00097 
RDBECOLITUC03135	araFGH	RDBECOLIOPC02671	araFGH	RDBECOLIGNC00055,RDBECOLIGNC00054,RDBECOLIGNC00053	araH;araG;araF	RDBECOLIPMC03421	araFp1	1986238		sigma70	RDBECOLITFC00022,RDBECOLITFC00022,RDBECOLITFC00022,RDBECOLITFC00189,RDBECOLITFC00022	AraC,AraC,AraC,CRP,AraC	b4460;b1900;b1901	1986128	1982554		Ecocyc:TU00098 
RDBECOLITUC03136	araJ	RDBECOLIOPC00329	araJ	RDBECOLIGNC00056	araJ	RDBECOLIPMC03422	araJp	412529		sigma70	RDBECOLITFC00022,RDBECOLITFC00022,RDBECOLITFC00189,RDBECOLITFC00189	AraC,AraC,CRP,CRP	b0396	412481	411297		Ecocyc:TU00099 
RDBECOLITUC03137	cydAB	RDBECOLIOPC03593	cydAB	RDBECOLIGNC00168,RDBECOLIGNC00169	cydA;cydB	RDBECOLIPMC03423	cydAp1	771170		sigma70	RDBECOLITFC00044,RDBECOLITFC00098,RDBECOLITFC00098,RDBECOLITFC00098,RDBECOLITFC00098,RDBECOLITFC00098,RDBECOLITFC00020,RDBECOLITFC00128,RDBECOLITFC00128	HypT,ArcA,ArcA,ArcA,ArcA,ArcA,H-NS,FNR,FNR	b0733;b0734	771458	774181		Ecocyc:TU00100 
RDBECOLITUC03138	cyoABCDE	RDBECOLIOPC00836	cyoABCDE	RDBECOLIGNC00177,RDBECOLIGNC00176,RDBECOLIGNC00175,RDBECOLIGNC00174,RDBECOLIGNC00173	cyoE;cyoD;cyoC;cyoB;cyoA	RDBECOLIPMC03424	cyoAp	451653		sigma70	RDBECOLITFC00057,RDBECOLITFC00057,RDBECOLITFC00120,RDBECOLITFC00073,RDBECOLITFC00053,RDBECOLITFC00189,RDBECOLITFC00189,RDBECOLITFC00077,RDBECOLITFC00093,RDBECOLITFC00098,RDBECOLITFC00128,RDBECOLITFC00158	Cra,Cra,CusR,HprR,Fis,CRP,CRP,GadE,Fur,ArcA,FNR,PdhR	b0428;b0429;b0430;b0431;b0432	451610	446815		Ecocyc:TU00101 
RDBECOLITUC03139	sucABCD-sdhX	RDBECOLIOPC03446	sdhCDAB-sucABCD-sdhX	RDBECOLIGNC02812,RDBECOLIGNC00967,RDBECOLIGNC00968,RDBECOLIGNC00969,RDBECOLIGNC00970	sdhX;sucA;sucB;sucC;sucD	RDBECOLIPMC03426	sucAp	758586		sigma38	RDBECOLITFC00128,RDBECOLITFC00098,RDBECOLITFC00211	FNR,ArcA,IHF	b4764;b0726;b0727;b0728;b0729	758706	765150		Ecocyc:TU00103 
RDBECOLITUC03140	fumA	RDBECOLIOPC02659	fumAC	RDBECOLIGNC00349	fumA	RDBECOLIPMC03427	fumAp	1688440	RDBECOLITMC00123	sigma70	RDBECOLITFC00189,RDBECOLITFC00189,RDBECOLITFC00189,RDBECOLITFC00189,RDBECOLITFC00189,RDBECOLITFC00128,RDBECOLITFC00098	CRP,CRP,CRP,CRP,CRP,FNR,ArcA	b1612	1688377	1686731	1686705-1686725	Ecocyc:TU00104 
RDBECOLITUC03141	fumC	RDBECOLIOPC02659	fumAC	RDBECOLIGNC00351	fumC	RDBECOLIPMC03428	fumCp2	1686709		sigma38	RDBECOLITFC00128,RDBECOLITFC00093,RDBECOLITFC00189,RDBECOLITFC00189,RDBECOLITFC00071,RDBECOLITFC00074,RDBECOLITFC00201,RDBECOLITFC00098	FNR,Fur,CRP,CRP,SoxR,MarA,SoxS,ArcA	b1611	1686588	1685185		Ecocyc:TU00105 
RDBECOLITUC03142	gltA	RDBECOLIOPC03119	gltA	RDBECOLIGNC00395	gltA	RDBECOLIPMC03429	gltAp1	754767	RDBECOLITMC00170	sigma70	RDBECOLITFC00211,RDBECOLITFC00189,RDBECOLITFC00098	IHF,CRP,ArcA	b0720	754468	753185	753126-753163	Ecocyc:TU00106 
RDBECOLITUC03143	icd	RDBECOLIOPC01922	icd	RDBECOLIGNC00482	icd	RDBECOLIPMC03430	icdAp1	1195008		sigma70	RDBECOLITFC00098,RDBECOLITFC00098	ArcA,ArcA	b1136	1195123	1196373		Ecocyc:TU00107 
RDBECOLITUC03144	mdh	RDBECOLIOPC03063	mdh	RDBECOLIGNC00568	mdh	RDBECOLIPMC03431	mdhp1	3384313		sigma70	RDBECOLITFC00173,RDBECOLITFC00169,RDBECOLITFC00169,RDBECOLITFC00169,RDBECOLITFC00189,RDBECOLITFC00052,RDBECOLITFC00098	DpiA,BtsR,BtsR,BtsR,CRP,FlhDC,ArcA	b3236	3384268	3383330		Ecocyc:TU00108 
RDBECOLITUC03145	carAB	RDBECOLIOPC02852	carAB	RDBECOLIGNC00130,RDBECOLIGNC00131	carA;carB	RDBECOLIPMC03332	carAp2	29619	RDBECOLITMC00166	sigma70	RDBECOLITFC00170,RDBECOLITFC00109,RDBECOLITFC00109	CpxR,ArgR,ArgR	b0032;b0033	29651	34038	34087-34120	Ecocyc:TU00109 
RDBECOLITUC03146	carAB	RDBECOLIOPC02852	carAB	RDBECOLIGNC00130,RDBECOLIGNC00131	carA;carB	RDBECOLIPMC03432	carAp1	29551	RDBECOLITMC00166	sigma70	RDBECOLITFC00211,RDBECOLITFC00172,RDBECOLITFC00121,RDBECOLITFC00172,RDBECOLITFC00211,RDBECOLITFC00161,RDBECOLITFC00053,RDBECOLITFC00053,RDBECOLITFC00053	IHF,PepA,PurR,PepA,IHF,RutR,Fis,Fis,Fis	b0032;b0033	29651	34038	34087-34120	Ecocyc:TU00110 
RDBECOLITUC03147	argD	RDBECOLIOPC00013	argD	RDBECOLIGNC00062	argD	RDBECOLIPMC03433	argDp	3490221		sigma70	RDBECOLITFC00109,RDBECOLITFC00166,RDBECOLITFC00109	ArgR,PhoP,ArgR	b3359	3490180	3488960		Ecocyc:TU00111 
RDBECOLITUC03148	asnA	RDBECOLIOPC01501	asnA	RDBECOLIGNC00087	asnA	RDBECOLIPMC03434	asnAp	3927129		sigma70	RDBECOLITFC00002,RDBECOLITFC00002,RDBECOLITFC00002,RDBECOLITFC00002	AsnC,AsnC,AsnC,AsnC	b3744	3927155	3928147		Ecocyc:TU00112 
RDBECOLITUC03149	asnC	RDBECOLIOPC03263	asnC-mioC-mnmG	RDBECOLIGNC00089	asnC	RDBECOLIPMC03435	asnCp	3927031		sigma70	RDBECOLITFC00135,RDBECOLITFC00135,RDBECOLITFC00135,RDBECOLITFC00002,RDBECOLITFC00002,RDBECOLITFC00002,RDBECOLITFC00002	Nac,Nac,Nac,AsnC,AsnC,AsnC,AsnC	b3743	3927003	3926545		Ecocyc:TU00113 
RDBECOLITUC03150	atoDAEB	RDBECOLIOPC02175	atoDAEB	RDBECOLIGNC01613,RDBECOLIGNC01610,RDBECOLIGNC01611,RDBECOLIGNC01612	atoB;atoD;atoA;atoE	RDBECOLIPMC03436	atoDp	2323412		sigma54	RDBECOLITFC00006,RDBECOLITFC00006,RDBECOLITFC00211,RDBECOLITFC00211	AtoC,AtoC,IHF,IHF	b2224;b2221;b2222;b2223	2323447	2327293		Ecocyc:TU00114 
RDBECOLITUC03151	betIBA	RDBECOLIOPC01180	betIBA	RDBECOLIGNC00105,RDBECOLIGNC00106,RDBECOLIGNC00107	betA;betB;betI	RDBECOLIPMC03437	betIp	329361		sigma70	RDBECOLITFC00057,RDBECOLITFC00098,RDBECOLITFC00056,RDBECOLITFC00098	Cra,ArcA,BetI,ArcA	b0311;b0312;b0313	329334	325577		Ecocyc:TU00115 
RDBECOLITUC03152	betT	RDBECOLIOPC00318	betT	RDBECOLIGNC00108	betT	RDBECOLIPMC03438	betTp	329421		sigma70	RDBECOLITFC00057,RDBECOLITFC00098,RDBECOLITFC00056,RDBECOLITFC00098	Cra,ArcA,BetI,ArcA	b0314	329463	331496		Ecocyc:TU00116 
RDBECOLITUC03153	bioBFCD	RDBECOLIOPC01797	bioBFCD	RDBECOLIGNC00114,RDBECOLIGNC00117,RDBECOLIGNC00115,RDBECOLIGNC00116	bioB;bioF;bioC;bioD	RDBECOLIPMC03331	bioBp	809302		sigma70	RDBECOLITFC00145	BirA	b0775;b0776;b0777;b0778	809344	812947		Ecocyc:TU00117 
RDBECOLITUC03154	cadC	RDBECOLIOPC00824	cadC	RDBECOLIGNC00129	cadC	RDBECOLIPMC03439	cadCp	4361963		sigma70	RDBECOLITFC00029,RDBECOLITFC00020,RDBECOLITFC00040,RDBECOLITFC00128,RDBECOLITFC00204,RDBECOLITFC00212	MlrA,H-NS,OmpR,FNR,CadC,LeuO	b4133	4361934	4360396		Ecocyc:TU00118 
RDBECOLITUC03155	crp	RDBECOLIOPC03187	crp	RDBECOLIGNC00160	crp	RDBECOLIPMC03440	crpp1	3485953	RDBECOLITMC00167	sigma70	RDBECOLITFC00057,RDBECOLITFC00189,RDBECOLITFC00053,RDBECOLITFC00053,RDBECOLITFC00053,RDBECOLITFC00053,RDBECOLITFC00189	Cra,CRP,Fis,Fis,Fis,Fis,CRP	b3357	3486120	3486752	3486760-3486792	Ecocyc:TU00119 
RDBECOLITUC03156	cpdB	RDBECOLIOPC01442	cpdB	RDBECOLIGNC00156	cpdB	RDBECOLIPMC03441	cpdBp	4436629		sigma70	RDBECOLITFC00189	CRP	b4213	4436565	4434622		Ecocyc:TU00120 
RDBECOLITUC03157	fur	RDBECOLIOPC02926	fldA-uof-fur	RDBECOLIGNC00352	fur	RDBECOLIPMC03442	furpa	710716	RDBECOLITMC00357,RDBECOLITMC00324	sigma70	RDBECOLITFC00189,RDBECOLITFC00093,RDBECOLITFC00093	CRP,Fur,Fur	b0683	710646	710200	710118-710134;710162-710180	Ecocyc:TU00121 
RDBECOLITUC03158	glgCAP	RDBECOLIOPC03304	glgBXCAP	RDBECOLIGNC00373,RDBECOLIGNC00370,RDBECOLIGNC00372	glgP;glgA;glgC	RDBECOLIPMC03443	glgCp1	3569389	RDBECOLITMC00212	sigma70	RDBECOLITFC00189	CRP	b3428;b3429;b3430	3569328	3564134	3564082-3564136	Ecocyc:TU00122 
RDBECOLITUC03159	malK-lamB-malM	RDBECOLIOPC01121	malK-lamB-malM	RDBECOLIGNC00550,RDBECOLIGNC00520,RDBECOLIGNC00551	malK;lamB;malM	RDBECOLIPMC03358	malKp	4246736		sigma70	RDBECOLITFC00189,RDBECOLITFC00163,RDBECOLITFC00163,RDBECOLITFC00189,RDBECOLITFC00163,RDBECOLITFC00189,RDBECOLITFC00189,RDBECOLITFC00163,RDBECOLITFC00163	CRP,MalT,MalT,CRP,MalT,CRP,CRP,MalT,MalT	b4035;b4036;b4037	4246784	4250474		Ecocyc:TU00123 
RDBECOLITUC03160	speC	RDBECOLIOPC00269	speC	RDBECOLIGNC00949	speC	RDBECOLIPMC03444	speCp	3109175		sigma38	RDBECOLITFC00189	CRP	b2965	3109155	3107020		Ecocyc:TU00124 
RDBECOLITUC03161	tdcABCDEFG	RDBECOLIOPC01842	tdcABCDEFG	RDBECOLIGNC04423,RDBECOLIGNC04424,RDBECOLIGNC04425,RDBECOLIGNC01153,RDBECOLIGNC00979,RDBECOLIGNC00978,RDBECOLIGNC00977	tdcG;tdcF;tdcE;tdcD;tdcC;tdcB;tdcA	RDBECOLIPMC03445	tdcAp	3267093			RDBECOLITFC00128,RDBECOLITFC00128,RDBECOLITFC00189,RDBECOLITFC00211,RDBECOLITFC00008,RDBECOLITFC00012	FNR,FNR,CRP,IHF,TdcA,TdcR	b4471;b3113;b3114;b3115;b3116;b3117;b3118	3267065	3258285		Ecocyc:TU00125 
RDBECOLITUC03162	ubiG	RDBECOLIOPC00865	ubiG	RDBECOLIGNC01126	ubiG	RDBECOLIPMC03446	ubiGp	2339539		sigma70	RDBECOLITFC00189	CRP	b2232	2339567	2340289		Ecocyc:TU00126 
RDBECOLITUC03163	ebgAC	RDBECOLIOPC02596	ebgAC	RDBECOLIGNC00246,RDBECOLIGNC00247	ebgA;ebgC	RDBECOLIPMC03447	ebgAp	3222551		sigma70	RDBECOLITFC00189,RDBECOLITFC00004	CRP,EbgR	b3076;b3077	3222633	3226171		Ecocyc:TU00127 
RDBECOLITUC03164	fucPIKUR	RDBECOLIOPC02701	fucPIKUR	RDBECOLIGNC00346,RDBECOLIGNC00343,RDBECOLIGNC00344,RDBECOLIGNC00348,RDBECOLIGNC00347	fucP;fucI;fucK;fucU;fucR	RDBECOLIPMC03448	fucPp	2934119		sigma70	RDBECOLITFC00234,RDBECOLITFC00189,RDBECOLITFC00189,RDBECOLITFC00024	SrsR,CRP,CRP,FucR	b2801;b2802;b2803;b2804;b2805	2934235	2940099		Ecocyc:TU00128 
RDBECOLITUC03165	nupG	RDBECOLIOPC01881	mutY-yggX-mltC-nupG	RDBECOLIGNC00656	nupG	RDBECOLIPMC03449	nupGp	3105651		sigma70	RDBECOLITFC00114,RDBECOLITFC00114,RDBECOLITFC00189,RDBECOLITFC00189,RDBECOLITFC00189,RDBECOLITFC00147,RDBECOLITFC00189,RDBECOLITFC00114,RDBECOLITFC00189,RDBECOLITFC00189	CytR,CytR,CRP,CRP,CRP,DeoR,CRP,CytR,CRP,CRP	b2964	3105714	3106970		Ecocyc:TU00129 
RDBECOLITUC03166	uhpTU	RDBECOLIOPC02158	uhpTU	RDBECOLIGNC04730,RDBECOLIGNC01042	uhpU;uhpT	RDBECOLIPMC03450	uhpTp	3847198		sigma70	RDBECOLITFC00100,RDBECOLITFC00010,RDBECOLITFC00189,RDBECOLITFC00010	UvrY,UhpA,CRP,UhpA	b4829;b3666	3847167	3845730		Ecocyc:TU00130 
RDBECOLITUC03167	melAB	RDBECOLIOPC01164	melAB	RDBECOLIGNC00569,RDBECOLIGNC00570	melA;melB	RDBECOLIPMC03451	melAp	4341887		sigma70	RDBECOLITFC00189,RDBECOLITFC00087,RDBECOLITFC00087,RDBECOLITFC00087,RDBECOLITFC00189,RDBECOLITFC00087,RDBECOLITFC00087,RDBECOLITFC00087	CRP,MelR,MelR,MelR,CRP,MelR,MelR,MelR	b4119;b4120	4341911	4344790		Ecocyc:TU00131 
RDBECOLITUC03168	malXY	RDBECOLIOPC03143	malXY	RDBECOLIGNC00555,RDBECOLIGNC00556	malX;malY	RDBECOLIPMC03452	malXp	1699313		sigma70	RDBECOLITFC00189,RDBECOLITFC00189,RDBECOLITFC00183	CRP,CRP,MalI	b1621;b1622	1699355	1702129		Ecocyc:TU00132 
RDBECOLITUC03169	srlAEBD-gutM-srlR-gutQ	RDBECOLIOPC02975	srlAEBD-gutM-srlR-gutQ	RDBECOLIGNC04699,RDBECOLIGNC00957,RDBECOLIGNC00958,RDBECOLIGNC00959,RDBECOLIGNC00960,RDBECOLIGNC00962,RDBECOLIGNC00961	srlA;srlE;srlB;srlD;gutM;srlR;gutQ	RDBECOLIPMC03453	srlAp	2825791		sigma70	RDBECOLITFC00189,RDBECOLITFC00189,RDBECOLITFC00050,RDBECOLITFC00149,RDBECOLITFC00020	CRP,CRP,GutM,SrlR,H-NS	b2702;b2703;b2704;b2705;b2706;b2707;b2708	2825832	2830778		Ecocyc:TU00133 
RDBECOLITUC03170	udp	RDBECOLIOPC00811	udp	RDBECOLIGNC01033	udp	RDBECOLIPMC03454	udpP	4016391		sigma70	RDBECOLITFC00114,RDBECOLITFC00114,RDBECOLITFC00189,RDBECOLITFC00189,RDBECOLITFC00189,RDBECOLITFC00114	CytR,CytR,CRP,CRP,CRP,CytR	b3831	4016431	4017192		Ecocyc:TU00134 
RDBECOLITUC03171	fucAO	RDBECOLIOPC03051	fucAO	RDBECOLIGNC00345,RDBECOLIGNC00342	fucO;fucA	RDBECOLIPMC03455	fucAp	2933751		sigma70	RDBECOLITFC00234,RDBECOLITFC00189,RDBECOLITFC00024,RDBECOLITFC00189,RDBECOLITFC00024	SrsR,CRP,FucR,CRP,FucR	b2799;b2800	2933688	2931865		Ecocyc:TU00135 
RDBECOLITUC03172	flhDC	RDBECOLIOPC02921	flhDC	RDBECOLIGNC00313,RDBECOLIGNC00314	flhC;flhD	RDBECOLIPMC03456	flhDp	1978395	RDBECOLITMC00216	sigma70	RDBECOLITFC00115,RDBECOLITFC00013,RDBECOLITFC00101,RDBECOLITFC00065,RDBECOLITFC00094,RDBECOLITFC00189,RDBECOLITFC00020,RDBECOLITFC00211,RDBECOLITFC00093,RDBECOLITFC00117,RDBECOLITFC00091,RDBECOLITFC00190,RDBECOLITFC00040,RDBECOLITFC00040	MatA,FliZ,YjjQ,AcrR,QseB,CRP,H-NS,IHF,Fur,RcsAB,HdfR,LrhA,OmpR,OmpR	b1891;b1892	1978197	1977266	1977200-1977254	Ecocyc:TU00136 
RDBECOLITUC03173	malS	RDBECOLIOPC00526	malS	RDBECOLIGNC01286	malS	RDBECOLIPMC03457	malSp	3737470	RDBECOLITMC00339,RDBECOLITMC00340	sigma70	RDBECOLITFC00166,RDBECOLITFC00163,RDBECOLITFC00163,RDBECOLITFC00189,RDBECOLITFC00163	PhoP,MalT,MalT,CRP,MalT	b3571	3737497	3739527	3739530-3739570;3739595-3739620	Ecocyc:TU00137 
RDBECOLITUC03174	aldB	RDBECOLIOPC02215	aldB	RDBECOLIGNC02168	aldB	RDBECOLIPMC03458	aldBp	3756535	RDBECOLITMC00322	sigma38	RDBECOLITFC00189,RDBECOLITFC00053,RDBECOLITFC00053,RDBECOLITFC00053,RDBECOLITFC00053,RDBECOLITFC00053	CRP,Fis,Fis,Fis,Fis,Fis	b3588	3756511	3754973	3754906-3754941	Ecocyc:TU00138 
RDBECOLITUC03175	hns	RDBECOLIOPC01108	hns	RDBECOLIGNC00450	hns	RDBECOLIPMC03459	hnsp	1292958	RDBECOLITMC00124	sigma70	RDBECOLITFC00187,RDBECOLITFC00053,RDBECOLITFC00053,RDBECOLITFC00053,RDBECOLITFC00053,RDBECOLITFC00053,RDBECOLITFC00053,RDBECOLITFC00053,RDBECOLITFC00046,RDBECOLITFC00020,RDBECOLITFC00020,RDBECOLITFC00020	GadX,Fis,Fis,Fis,Fis,Fis,Fis,Fis,CspA,H-NS,H-NS,H-NS	b1237	1292922	1292509	1292461-1292485	Ecocyc:TU00139 
RDBECOLITUC03176	gyrA	RDBECOLIOPC00259	gyrA	RDBECOLIGNC00416	gyrA	RDBECOLIPMC03460	gyrAp	2339457		sigma70	RDBECOLITFC00189,RDBECOLITFC00046,RDBECOLITFC00046,RDBECOLITFC00046,RDBECOLITFC00053	CRP,CspA,CspA,CspA,Fis	b2231	2339420	2336793		Ecocyc:TU00140 
RDBECOLITUC03177	pck	RDBECOLIOPC01828	pck	RDBECOLIGNC00680	pck	RDBECOLIPMC03461	pckp	3532679		sigma70	RDBECOLITFC00189,RDBECOLITFC00189,RDBECOLITFC00025,RDBECOLITFC00025,RDBECOLITFC00057	CRP,CRP,DcuR,DcuR,Cra	b3403	3532818	3534440		Ecocyc:TU00141 
RDBECOLITUC03178	cynTSX	RDBECOLIOPC01739	cynTSX	RDBECOLIGNC00171,RDBECOLIGNC00170,RDBECOLIGNC00172	cynT;cynS;cynX	RDBECOLIPMC03462	cynTp	358773	RDBECOLITMC00256	sigma70	RDBECOLITFC00015,RDBECOLITFC00015	CynR,CynR	b0339;b0340;b0341	358799	361146	361212-361236	Ecocyc:TU00142 
RDBECOLITUC03179	cynR	RDBECOLIOPC02576	cynR	RDBECOLIGNC01384	cynR	RDBECOLIPMC03463	cynRp	358709		sigma70	RDBECOLITFC00015,RDBECOLITFC00015	CynR,CynR	b0338	358690	357791		Ecocyc:TU00143 
RDBECOLITUC03180	cysPUWAM	RDBECOLIOPC01470	cysPUWAM	RDBECOLIGNC00188,RDBECOLIGNC00178,RDBECOLIGNC00193,RDBECOLIGNC00192,RDBECOLIGNC00190	cysM;cysA;cysW;cysU;cysP	RDBECOLIPMC03464	cysPp	2543557		sigma70	RDBECOLITFC00152,RDBECOLITFC00020	CysB,H-NS	b2421;b2422;b2423;b2424;b2425	2543528	2538672		Ecocyc:TU00144 
RDBECOLITUC03181	cysDNC	RDBECOLIOPC00561	cysDNC	RDBECOLIGNC00180,RDBECOLIGNC00189,RDBECOLIGNC00181	cysC;cysN;cysD	RDBECOLIPMC03465	cysDp	2876368	RDBECOLITMC00327	sigma70	RDBECOLITFC00152	CysB	b2750;b2751;b2752	2876329	2873387	2873234-2873284	Ecocyc:TU00146 
RDBECOLITUC03182	nupC	RDBECOLIOPC02142	nupC	RDBECOLIGNC01893	nupC	RDBECOLIPMC03466	nupCp	2513009		sigma70	RDBECOLITFC00135,RDBECOLITFC00189,RDBECOLITFC00189,RDBECOLITFC00114	Nac,CRP,CRP,CytR	b2393	2513042	2514244		Ecocyc:TU00147 
RDBECOLITUC03183	dsdXA	RDBECOLIOPC03580	dsdXA	RDBECOLIGNC00244,RDBECOLIGNC00243	dsdX;dsdA	RDBECOLIPMC03723	dsdXp	2477821		sigma70	RDBECOLITFC00189,RDBECOLITFC00189,RDBECOLITFC00222	CRP,CRP,DsdC	b2365;b2366	2477847	2480530		Ecocyc:TU00148 
RDBECOLITUC03184	dsdC	RDBECOLIOPC00294	dsdC	RDBECOLIGNC02424	dsdC	RDBECOLIPMC03468	dsdCp	2477746		sigma70	RDBECOLITFC00038,RDBECOLITFC00222	NsrR,DsdC	b2364	2477629	2476694		Ecocyc:TU00149 
RDBECOLITUC03185	exuT	RDBECOLIOPC02855	exuT	RDBECOLIGNC02371	exuT	RDBECOLIPMC03469	exuTp2	3245002			RDBECOLITFC00001,RDBECOLITFC00189,RDBECOLITFC00173,RDBECOLITFC00189,RDBECOLITFC00001	ExuR,CRP,DpiA,CRP,ExuR	b3093	3245224	3246522		Ecocyc:TU00150 
RDBECOLITUC03186	fecABCDE	RDBECOLIOPC00797	fecABCDE	RDBECOLIGNC00284,RDBECOLIGNC00283,RDBECOLIGNC00282,RDBECOLIGNC00281,RDBECOLIGNC00280	fecE;fecD;fecC;fecB;fecA	RDBECOLIPMC03810	fecAp	4516727		sigma19	RDBECOLITFC00044,RDBECOLITFC00158,RDBECOLITFC00189,RDBECOLITFC00093,RDBECOLITFC00093,RDBECOLITFC00093	HypT,PdhR,CRP,Fur,Fur,Fur	b4287;b4288;b4289;b4290;b4291	4516677	4510690		Ecocyc:TU00151 
RDBECOLITUC03187	fdhF	RDBECOLIOPC00031	fdhF	RDBECOLIGNC00279	fdhF	RDBECOLIPMC03471	fdhFp	4299407	RDBECOLITMC00169	sigma54	RDBECOLITFC00072,RDBECOLITFC00085,RDBECOLITFC00128,RDBECOLITFC00072,RDBECOLITFC00009	FhlA,NarP,FNR,FhlA,NarL	b4079	4299366	4297219	4297178-4297211	Ecocyc:TU00152 
RDBECOLITUC03188	hycABCDEFGHI	RDBECOLIOPC01415	hycABCDEFGHI	RDBECOLIGNC04228,RDBECOLIGNC00474,RDBECOLIGNC00473,RDBECOLIGNC00472,RDBECOLIGNC00471,RDBECOLIGNC00470,RDBECOLIGNC00469,RDBECOLIGNC00468,RDBECOLIGNC00467	hycI;hycH;hycG;hycF;hycE;hycD;hycC;hycB;hycA	RDBECOLIPMC03472	hycAp	2850461	RDBECOLITMC00292	sigma54	RDBECOLITFC00038,RDBECOLITFC00072,RDBECOLITFC00034,RDBECOLITFC00072,RDBECOLITFC00211	NsrR,FhlA,ModE,FhlA,IHF	b2717;b2718;b2719;b2720;b2721;b2722;b2723;b2724;b2725	2850435	2842573	2842477-2842501	Ecocyc:TU00153 
RDBECOLITUC03189	hypABCDE	RDBECOLIOPC03176	hypABCDE-fhlA	RDBECOLIGNC00476,RDBECOLIGNC00477,RDBECOLIGNC00478,RDBECOLIGNC00479,RDBECOLIGNC00480	hypA;hypB;hypC;hypD;hypE	RDBECOLIPMC03473	hypAp	2850627	RDBECOLITMC00341	sigma54	RDBECOLITFC00038,RDBECOLITFC00072,RDBECOLITFC00072,RDBECOLITFC00211	NsrR,FhlA,FhlA,IHF	b2726;b2727;b2728;b2729;b2730	2850647	2854264	2854304-2854321	Ecocyc:TU00154 
RDBECOLITUC03190	proP	RDBECOLIOPC03334	proP	RDBECOLIGNC01558	proP	RDBECOLIPMC03474	proPp1	4330320		sigma70	RDBECOLITFC00189	CRP	b4111	4330502	4332004		Ecocyc:TU00155 
RDBECOLITUC03191	narXL	RDBECOLIOPC01096	narXL	RDBECOLIGNC00635,RDBECOLIGNC00638	narL;narX	RDBECOLIPMC03475	narXp	1277777		sigma70	RDBECOLITFC00034,RDBECOLITFC00128,RDBECOLITFC00128,RDBECOLITFC00128	ModE,FNR,FNR,FNR	b1221;b1222	1277618	1275179		Ecocyc:TU00156 
RDBECOLITUC03192	fdnGHI	RDBECOLIOPC00244	fdnGHI	RDBECOLIGNC01204,RDBECOLIGNC01205,RDBECOLIGNC01206	fdnG;fdnH;fdnI	RDBECOLIPMC03476	fdnGp	1547372		sigma70	RDBECOLITFC00009,RDBECOLITFC00128,RDBECOLITFC00009,RDBECOLITFC00009,RDBECOLITFC00128,RDBECOLITFC00009,RDBECOLITFC00085,RDBECOLITFC00085,RDBECOLITFC00128	NarL,FNR,NarL,NarL,FNR,NarL,NarP,NarP,FNR	b1474;b1475;b1476	1547401	1551991		Ecocyc:TU00157 
RDBECOLITUC03193	ndh	RDBECOLIOPC01813	ndh	RDBECOLIGNC00641	ndh	RDBECOLIPMC03477	ndhp	1165992		sigma70	RDBECOLITFC00038,RDBECOLITFC00093,RDBECOLITFC00053,RDBECOLITFC00098,RDBECOLITFC00098,RDBECOLITFC00098,RDBECOLITFC00098,RDBECOLITFC00098,RDBECOLITFC00098,RDBECOLITFC00053,RDBECOLITFC00211,RDBECOLITFC00211,RDBECOLITFC00211,RDBECOLITFC00053,RDBECOLITFC00128,RDBECOLITFC00128,RDBECOLITFC00158	NsrR,Fur,Fis,ArcA,ArcA,ArcA,ArcA,ArcA,ArcA,Fis,IHF,IHF,IHF,Fis,FNR,FNR,PdhR	b1109	1166085	1167389		Ecocyc:TU00158 
RDBECOLITUC03194	fumB	RDBECOLIOPC02725	dcuB-fumB	RDBECOLIGNC00350	fumB	RDBECOLIPMC03478	fumBp	4347348	RDBECOLITMC00349	sigma70	RDBECOLITFC00093,RDBECOLITFC00098,RDBECOLITFC00128,RDBECOLITFC00128,RDBECOLITFC00128,RDBECOLITFC00053	Fur,ArcA,FNR,FNR,FNR,Fis	b4122	4347326	4345680	4345631-4345650	Ecocyc:TU00159 
RDBECOLITUC03195	aspA	RDBECOLIOPC02897	aspA-dcuA	RDBECOLIGNC00091	aspA	RDBECOLIPMC03479	aspAp	4368432	RDBECOLITMC00351	sigma70	RDBECOLITFC00025,RDBECOLITFC00025,RDBECOLITFC00189,RDBECOLITFC00128,RDBECOLITFC00009,RDBECOLITFC00009,RDBECOLITFC00009	DcuR,DcuR,CRP,FNR,NarL,NarL,NarL	b4139	4368327	4366891	4366844-4366864	Ecocyc:TU00160 
RDBECOLITUC03196	fruBKA	RDBECOLIOPC01456	fruBKA	RDBECOLIGNC00330,RDBECOLIGNC00331,RDBECOLIGNC04691	fruA;fruK;fruB	RDBECOLIPMC03480	fruBp	2263597		sigma70	RDBECOLITFC00057,RDBECOLITFC00057	Cra,Cra	b2167;b2168;b2169	2263495	2259719		Ecocyc:TU00161 
RDBECOLITUC03197	ppsA	RDBECOLIOPC00550	ppsA	RDBECOLIGNC00749	ppsA	RDBECOLIPMC03481	ppsAp	1787161		sigma70	RDBECOLITFC00057	Cra	b1702	1787112	1784734		Ecocyc:TU00162 
RDBECOLITUC03198	fepA-entD	RDBECOLIOPC03410	fepA-entD	RDBECOLIGNC00256,RDBECOLIGNC00287	entD;fepA	RDBECOLIPMC03482	fepAp	612667		sigma70	RDBECOLITFC00189,RDBECOLITFC00093,RDBECOLITFC00093,RDBECOLITFC00093,RDBECOLITFC00093,RDBECOLITFC00093	CRP,Fur,Fur,Fur,Fur,Fur	b0583;b0584	612494	609459		Ecocyc:TU00163 
RDBECOLITUC03199	fepB	RDBECOLIOPC01136	fepB	RDBECOLIGNC00288	fepB	RDBECOLIPMC03483	fepBp	624727		sigma70	RDBECOLITFC00093,RDBECOLITFC00093,RDBECOLITFC00093,RDBECOLITFC00161	Fur,Fur,Fur,RutR	b0592	624510	623554		Ecocyc:TU00164 
RDBECOLITUC03200	fepDGC	RDBECOLIOPC03014	fepDGC	RDBECOLIGNC00289,RDBECOLIGNC00292,RDBECOLIGNC00290	fepC;fepG;fepD	RDBECOLIPMC03484	fepDp1	622234		sigma70	RDBECOLITFC00093,RDBECOLITFC00093,RDBECOLITFC00093,RDBECOLITFC00093	Fur,Fur,Fur,Fur	b0588;b0589;b0590	622189	619384		Ecocyc:TU00165 
RDBECOLITUC03201	entCEBA-ybdB	RDBECOLIOPC03169	entCEBA-ybdB	RDBECOLIGNC00255,RDBECOLIGNC00257,RDBECOLIGNC00254,RDBECOLIGNC00253,RDBECOLIGNC01092	entC;entE;entB;entA;entH	RDBECOLIPMC03485	entCp	624831		sigma70	RDBECOLITFC00189,RDBECOLITFC00189,RDBECOLITFC00093,RDBECOLITFC00093,RDBECOLITFC00093,RDBECOLITFC00093,RDBECOLITFC00093,RDBECOLITFC00093,RDBECOLITFC00093	CRP,CRP,Fur,Fur,Fur,Fur,Fur,Fur,Fur	b0593;b0594;b0595;b0596;b0597	624885	629713		Ecocyc:TU00166 
RDBECOLITUC03202	tonB	RDBECOLIOPC00782	tonB	RDBECOLIGNC01000	tonB	RDBECOLIPMC03486	tonBp	1311054	RDBECOLITMC00260	sigma70	RDBECOLITFC00093,RDBECOLITFC00093,RDBECOLITFC00093,RDBECOLITFC00093	Fur,Fur,Fur,Fur	b1252	1311089	1311808	1311815-1311846	Ecocyc:TU00167 
RDBECOLITUC03203	mglBAC	RDBECOLIOPC02769	mglBAC	RDBECOLIGNC00586,RDBECOLIGNC00584,RDBECOLIGNC00585	mglC;mglA;mglB	RDBECOLIPMC03487	mglBp	2240566		sigma70	RDBECOLITFC00189,RDBECOLITFC00088,RDBECOLITFC00052,RDBECOLITFC00033	CRP,GalR,FlhDC,GalS	b2148;b2149;b2150	2240348	2236743		Ecocyc:TU00168 
RDBECOLITUC03204	gatYZABCD	RDBECOLIOPC01400	gatYZABCD	RDBECOLIGNC02272,RDBECOLIGNC02271,RDBECOLIGNC02270,RDBECOLIGNC02269,RDBECOLIGNC03968,RDBECOLIGNC02273	gatD;gatC;gatB;gatA;gatZ;gatY	RDBECOLIPMC03488	gatYp	2177234		sigma70	RDBECOLITFC00189,RDBECOLITFC00098,RDBECOLITFC00150	CRP,ArcA,GatR	b2091;b2092;b2093;b2094;b2095;b2096	2177204	2171833		Ecocyc:TU00169 
RDBECOLITUC03205	gcvTHP	RDBECOLIOPC01657	gcvTHP	RDBECOLIGNC01741,RDBECOLIGNC00364,RDBECOLIGNC01405	gcvP;gcvH;gcvT	RDBECOLIPMC03489	gcvTp	3050772	RDBECOLITMC00031	sigma70	RDBECOLITFC00146,RDBECOLITFC00189,RDBECOLITFC00189,RDBECOLITFC00128,RDBECOLITFC00146,RDBECOLITFC00146,RDBECOLITFC00014,RDBECOLITFC00146,RDBECOLITFC00121,RDBECOLITFC00146,RDBECOLITFC00146	GcvA,CRP,CRP,FNR,GcvA,GcvA,Lrp,GcvA,PurR,GcvA,GcvA	b2903;b2904;b2905	3050667	3046168	3046126-3046145	Ecocyc:TU00170 
RDBECOLITUC03206	gcvA	RDBECOLIOPC02176	gcvA	RDBECOLIGNC01726	gcvA	RDBECOLIPMC03490	gcvAp	2942639		sigma70	RDBECOLITFC00146,RDBECOLITFC00146	GcvA,GcvA	b2808	2942567	2941650		Ecocyc:TU00171 
RDBECOLITUC03207	glnHPQ	RDBECOLIOPC02909	glnHPQ	RDBECOLIGNC00382,RDBECOLIGNC00381,RDBECOLIGNC00379	glnQ;glnP;glnH	RDBECOLIPMC03491	glnHp2	848047		sigma54	RDBECOLITFC00153,RDBECOLITFC00211,RDBECOLITFC00211,RDBECOLITFC00153,RDBECOLITFC00153,RDBECOLITFC00153	NtrC,IHF,IHF,NtrC,NtrC,NtrC	b0809;b0810;b0811	848004	845741		Ecocyc:TU00172 
RDBECOLITUC03208	glpFKX	RDBECOLIOPC03416	glpFKX	RDBECOLIGNC01471,RDBECOLIGNC00391,RDBECOLIGNC00389	glpX;glpK;glpF	RDBECOLIPMC03492	glpFp	4118161	RDBECOLITMC00290	sigma70	RDBECOLITFC00189,RDBECOLITFC00189,RDBECOLITFC00102,RDBECOLITFC00102,RDBECOLITFC00102,RDBECOLITFC00102,RDBECOLITFC00102,RDBECOLITFC00102	CRP,CRP,GlpR,GlpR,GlpR,GlpR,GlpR,GlpR	b3925;b3926;b3927	4118090	4114569	4114527-4114548	Ecocyc:TU00173 
RDBECOLITUC03209	ihfA	RDBECOLIOPC03375	thrS-infC-rpmI-rplT-pheMST-ihfA	RDBECOLIGNC00433	ihfA	RDBECOLIPMC03493	ihfAp4	1795721	RDBECOLITMC00014	sigma38	RDBECOLITFC00211,RDBECOLITFC00211,RDBECOLITFC00211	IHF,IHF,IHF	b1712	1795552	1795253	1795216-1795239	Ecocyc:TU00174 
RDBECOLITUC03210	ihfB	RDBECOLIOPC03575	rpsA-ihfB	RDBECOLIGNC00434	ihfB	RDBECOLIPMC03494	ihfBp	963749	RDBECOLITMC00213	sigma70	RDBECOLITFC00211,RDBECOLITFC00211,RDBECOLITFC00211,RDBECOLITFC00211,RDBECOLITFC00211,RDBECOLITFC00211	IHF,IHF,IHF,IHF,IHF,IHF	b0912	963828	964112	964119-964173	Ecocyc:TU00175 
RDBECOLITUC03211	dps	RDBECOLIOPC03013	dps	RDBECOLIGNC01380	dps	RDBECOLIPMC03495	dpsp	848950		sigma70	RDBECOLITFC00216,RDBECOLITFC00143,RDBECOLITFC00216,RDBECOLITFC00211,RDBECOLITFC00216,RDBECOLITFC00053,RDBECOLITFC00053,RDBECOLITFC00020	OxyR,MntR,OxyR,IHF,OxyR,Fis,Fis,H-NS	b0812	848911	848408		Ecocyc:TU00176 
RDBECOLITUC03212	ompR-envZ	RDBECOLIOPC03369	ompR-envZ	RDBECOLIGNC00263,RDBECOLIGNC00664	envZ;ompR	RDBECOLIPMC03496	ompRp2	3536685	RDBECOLITMC00218	sigma70	RDBECOLITFC00189	CRP	b3404;b3405	3536584	3534516	3534473-3534527	Ecocyc:TU00177 
RDBECOLITUC03213	thrLABC	RDBECOLIOPC02649	thrLABC	RDBECOLIGNC01250,RDBECOLIGNC00986,RDBECOLIGNC00987,RDBECOLIGNC00988	thrL;thrA;thrB;thrC	RDBECOLIPMC03497	thrLp	148	RDBECOLITMC00230	sigma70	RDBECOLITFC00039	DksA	b0001;b0002;b0003;b0004	190	5020	5032-5086	Ecocyc:TU00178 
RDBECOLITUC03214	leuLABCD	RDBECOLIOPC03602	leuLABCD	RDBECOLIGNC01526,RDBECOLIGNC01527,RDBECOLIGNC01528,RDBECOLIGNC01203,RDBECOLIGNC01252	leuD;leuC;leuB;leuA;leuL	RDBECOLIPMC03498	leuLp1	83735		sigma70	RDBECOLITFC00212	LeuO	b0071;b0072;b0073;b0074;b0075	83708	78848		Ecocyc:TU00179 
RDBECOLITUC03215	umuDC	RDBECOLIOPC01122	umuDC	RDBECOLIGNC01045,RDBECOLIGNC01044	umuD;umuC	RDBECOLIPMC03499	umuDp	1230738		sigma70	RDBECOLITFC00214,RDBECOLITFC00214	LexA,LexA	b1183;b1184	1230767	1232454		Ecocyc:TU00180 
RDBECOLITUC03216	lrp	RDBECOLIOPC00272	lrp	RDBECOLIGNC00539	lrp	RDBECOLIPMC03500	lrpp	932328		sigma70	RDBECOLITFC00038,RDBECOLITFC00020,RDBECOLITFC00077,RDBECOLITFC00014,RDBECOLITFC00014,RDBECOLITFC00014,RDBECOLITFC00014	NsrR,H-NS,GadE,Lrp,Lrp,Lrp,Lrp	b0889	932595	933089		Ecocyc:TU00181 
RDBECOLITUC03217	gltBDF	RDBECOLIOPC03023	gltBDF	RDBECOLIGNC00396,RDBECOLIGNC00397,RDBECOLIGNC01468	gltB;gltD;gltF	RDBECOLIPMC03501	gltBp	3354509		sigma70	RDBECOLITFC00091,RDBECOLITFC00176,RDBECOLITFC00093,RDBECOLITFC00211,RDBECOLITFC00211,RDBECOLITFC00077,RDBECOLITFC00014,RDBECOLITFC00014,RDBECOLITFC00014,RDBECOLITFC00109,RDBECOLITFC00109,RDBECOLITFC00189,RDBECOLITFC00128,RDBECOLITFC00135,RDBECOLITFC00014	HdfR,AdiY,Fur,IHF,IHF,GadE,Lrp,Lrp,Lrp,ArgR,ArgR,CRP,FNR,Nac,Lrp	b3212;b3213;b3214	3354725	3361940		Ecocyc:TU00182 
RDBECOLITUC03218	livJ	RDBECOLIOPC00771	livJ	RDBECOLIGNC00531	livJ	RDBECOLIPMC03502	livJp	3599762		sigma70	RDBECOLITFC00039,RDBECOLITFC00014	DksA,Lrp	b3460	3599658	3598555		Ecocyc:TU00183 
RDBECOLITUC03219	livKHMGF	RDBECOLIOPC00304	livKHMGF	RDBECOLIGNC00528,RDBECOLIGNC00529,RDBECOLIGNC00533,RDBECOLIGNC00530,RDBECOLIGNC00532	livF;livG;livM;livH;livK	RDBECOLIPMC03503	livKp1	3597755		sigma70	RDBECOLITFC00014	Lrp	b3454;b3455;b3456;b3457;b3458	3597560	3592724		Ecocyc:TU00184 
RDBECOLITUC03220	lysA	RDBECOLIOPC01385	lysA	RDBECOLIGNC00541	lysA	RDBECOLIPMC03504	lysAp	2978951		sigma70	RDBECOLITFC00076,RDBECOLITFC00221	ArgP,LysR	b2838	2978899	2977637		Ecocyc:TU00185 
RDBECOLITUC03221	lysR	RDBECOLIOPC00489	lysR	RDBECOLIGNC00543	lysR	RDBECOLIPMC03505	lysRp	2978950		sigma70	RDBECOLITFC00221	LysR	b2839	2979021	2979956		Ecocyc:TU00186 
RDBECOLITUC03222	malI	RDBECOLIOPC02157	malI	RDBECOLIGNC00549	malI	RDBECOLIPMC03506	malIp	1699228	RDBECOLITMC00078	sigma70	RDBECOLITFC00189,RDBECOLITFC00183,RDBECOLITFC00189	CRP,MalI,CRP	b1620	1699180	1698152	1698136-1698163	Ecocyc:TU00187 
RDBECOLITUC03223	fpr	RDBECOLIOPC01078	fpr	RDBECOLIGNC00620	fpr	RDBECOLIPMC03507	fprp	4114499		sigma70	RDBECOLITFC00074,RDBECOLITFC00201	MarA,SoxS	b3924	4114472	4113726		Ecocyc:TU00188 
RDBECOLITUC03224	nfo	RDBECOLIOPC00216	nfo	RDBECOLIGNC00643	nfo	RDBECOLIPMC03508	nfop	2250806		sigma70	RDBECOLITFC00201,RDBECOLITFC00074,RDBECOLITFC00051,RDBECOLITFC00201	SoxS,MarA,Rob,SoxS	b2159	2250840	2251697		Ecocyc:TU00189 
RDBECOLITUC03225	marRAB	RDBECOLIOPC01778	marRAB	RDBECOLIGNC01398,RDBECOLIGNC01397,RDBECOLIGNC01546	marR;marA;marB	RDBECOLIPMC03509	marRp	1619093		sigma70	RDBECOLITFC00057,RDBECOLITFC00065,RDBECOLITFC00170,RDBECOLITFC00189,RDBECOLITFC00051,RDBECOLITFC00053,RDBECOLITFC00201,RDBECOLITFC00074,RDBECOLITFC00125,RDBECOLITFC00125	Cra,AcrR,CpxR,CRP,Rob,Fis,SoxS,MarA,MarR,MarR	b1530;b1531;b1532	1619120	1620207		Ecocyc:TU00190 
RDBECOLITUC03226	metC	RDBECOLIOPC00812	metC	RDBECOLIGNC00575	metC	RDBECOLIPMC03510	metCp	3152075		sigma70	RDBECOLITFC00218	MetJ	b3008	3152236	3153423		Ecocyc:TU00191 
RDBECOLITUC03227	glyA	RDBECOLIOPC02513	glyA	RDBECOLIGNC00401	glyA	RDBECOLIPMC03511	glyAp	2685574	RDBECOLITMC00012	sigma70	RDBECOLITFC00108,RDBECOLITFC00108,RDBECOLITFC00108,RDBECOLITFC00121	MetR,MetR,MetR,PurR	b2551	2685507	2684254	2684075-2684093	Ecocyc:TU00192 
RDBECOLITUC03228	mtlADR	RDBECOLIOPC01428	mtlADR	RDBECOLIGNC00607,RDBECOLIGNC00608,RDBECOLIGNC01888	mtlA;mtlD;mtlR	RDBECOLIPMC03512	mtlAp	3772188	RDBECOLITMC00096,RDBECOLITMC00093,RDBECOLITMC00094,RDBECOLITMC00095	sigma70	RDBECOLITFC00057,RDBECOLITFC00189,RDBECOLITFC00189,RDBECOLITFC00189,RDBECOLITFC00189,RDBECOLITFC00189,RDBECOLITFC00053,RDBECOLITFC00057	Cra,CRP,CRP,CRP,CRP,CRP,Fis,Cra	b3599;b3600;b3601	3772281	3776159	3776401-3776419;3776155-3776175;3776189-3776209;3776277-3776304	Ecocyc:TU00193 
RDBECOLITUC03229	nadB	RDBECOLIOPC00529	nadB	RDBECOLIGNC00623	nadB	RDBECOLIPMC03513	nadBp	2710357		sigma70	RDBECOLITFC00130	NadR	b2574	2710420	2712042		Ecocyc:TU00194 
RDBECOLITUC03230	pncB	RDBECOLIOPC02081	pncB	RDBECOLIGNC00732	pncB	RDBECOLIPMC03514	pncBp	990414		sigma70	RDBECOLITFC00189,RDBECOLITFC00189,RDBECOLITFC00130	CRP,CRP,NadR	b0931	990356	989154		Ecocyc:TU00195 
RDBECOLITUC03231	manXYZ	RDBECOLIOPC03499	manXYZ-yobD	RDBECOLIGNC00559,RDBECOLIGNC00560,RDBECOLIGNC00561	manX;manY;manZ	RDBECOLIPMC03515	manXp	1901933		sigma70	RDBECOLITFC00057,RDBECOLITFC00057,RDBECOLITFC00189,RDBECOLITFC00189,RDBECOLITFC00027,RDBECOLITFC00219,RDBECOLITFC00219,RDBECOLITFC00027	Cra,Cra,CRP,CRP,NagC,Mlc,Mlc,NagC	b1817;b1818;b1819	1902048	1904746		Ecocyc:TU00196 
RDBECOLITUC03232	codBA	RDBECOLIOPC00260	codBA	RDBECOLIGNC01297,RDBECOLIGNC01296	codB;codA	RDBECOLIPMC03516	codBp	354884		sigma70	RDBECOLITFC00135,RDBECOLITFC00121	Nac,PurR	b0336;b0337	354922	357454		Ecocyc:TU00197 
RDBECOLITUC03233	adhE	RDBECOLIOPC02643	adhE	RDBECOLIGNC00028	adhE	RDBECOLIPMC03517	adhEp1	1298413		sigma70	RDBECOLITFC00053,RDBECOLITFC00053,RDBECOLITFC00053,RDBECOLITFC00009,RDBECOLITFC00009,RDBECOLITFC00057,RDBECOLITFC00014,RDBECOLITFC00014,RDBECOLITFC00014	Fis,Fis,Fis,NarL,NarL,Cra,Lrp,Lrp,Lrp	b1241	1298121	1295446		Ecocyc:TU00198 
RDBECOLITUC03234	nrfABCDEFG	RDBECOLIOPC00758	nrfABCDEFG	RDBECOLIGNC01712,RDBECOLIGNC01869,RDBECOLIGNC01870,RDBECOLIGNC01871,RDBECOLIGNC01872,RDBECOLIGNC01873,RDBECOLIGNC01874	nrfA;nrfB;nrfC;nrfD;nrfE;nrfF;nrfG	RDBECOLIPMC03518	nrfAp	4287671		sigma70	RDBECOLITFC00038,RDBECOLITFC00211,RDBECOLITFC00085,RDBECOLITFC00009,RDBECOLITFC00085,RDBECOLITFC00052,RDBECOLITFC00009,RDBECOLITFC00128,RDBECOLITFC00009,RDBECOLITFC00211,RDBECOLITFC00053,RDBECOLITFC00009,RDBECOLITFC00038,RDBECOLITFC00009	NsrR,IHF,NarP,NarL,NarP,FlhDC,NarL,FNR,NarL,IHF,Fis,NarL,NsrR,NarL	b4070;b4071;b4072;b4073;b4074;b4075;b4076	4287764	4294139		Ecocyc:TU00199 
RDBECOLITUC03235	nhaAR	RDBECOLIOPC02579	nhaAR	RDBECOLIGNC01065,RDBECOLIGNC00644	nhaR;nhaA	RDBECOLIPMC03519	nhaAp1	17458		sigma70	RDBECOLITFC00084,RDBECOLITFC00084,RDBECOLITFC00084,RDBECOLITFC00084,RDBECOLITFC00020	NhaR,NhaR,NhaR,NhaR,H-NS	b0020;b0019	17489	19620		Ecocyc:TU00200 
RDBECOLITUC03236	phnCDEEFGHIJKLMNOP	RDBECOLIOPC02462	phnCDEEFGHIJKLMNOP	RDBECOLIGNC00716,RDBECOLIGNC00715,RDBECOLIGNC00714,RDBECOLIGNC00713,RDBECOLIGNC00712,RDBECOLIGNC00711,RDBECOLIGNC00710,RDBECOLIGNC00709,RDBECOLIGNC00708,RDBECOLIGNC00707,RDBECOLIGNC00706,RDBECOLIGNC01255,RDBECOLIGNC00705,RDBECOLIGNC00704	phnP;phnO;phnN;phnM;phnL;phnK;phnJ;phnI;phnH;phnG;phnF;phnE1;phnD;phnC	RDBECOLIPMC03520	phnCp	4325206		sigma70	RDBECOLITFC00202	PhoB	b4092;b4093;b4094;b4095;b4096;b4097;b4098;b4099;b4100;b4101;b4102;b4583;b4105;b4106	4325165	4314344		Ecocyc:TU00201 
RDBECOLITUC03237	pstSCAB-phoU	RDBECOLIOPC03587	pstSCAB-phoU	RDBECOLIGNC00725,RDBECOLIGNC00773,RDBECOLIGNC00772,RDBECOLIGNC00774,RDBECOLIGNC00724	phoU;pstB;pstA;pstC;pstS	RDBECOLIPMC03521	pstSp	3911568		sigma70	RDBECOLITFC00128,RDBECOLITFC00211,RDBECOLITFC00202,RDBECOLITFC00202	FNR,IHF,PhoB,PhoB	b3724;b3725;b3726;b3727;b3728	3911525	3906853		Ecocyc:TU00202 
RDBECOLITUC03238	prs	RDBECOLIOPC02719	lolB-ispE-prs	RDBECOLIGNC00764	prs	RDBECOLIPMC03522	prsp	1262177	RDBECOLITMC00333	sigma70	RDBECOLITFC00121	PurR	b1207	1261875	1260928	1260895-1260909	Ecocyc:TU00203 
RDBECOLITUC03239	speAB	RDBECOLIOPC01071	speAB	RDBECOLIGNC00948,RDBECOLIGNC00947	speB;speA	RDBECOLIPMC03523	speAp	3086048		sigma70	RDBECOLITFC00121	PurR	b2937;b2938	3085911	3082877		Ecocyc:TU00204 
RDBECOLITUC03240	guaBA	RDBECOLIOPC00204	guaBA	RDBECOLIGNC00413,RDBECOLIGNC00414	guaA;guaB	RDBECOLIPMC03524	guaBp	2634107	RDBECOLITMC00013	sigma70	RDBECOLITFC00189,RDBECOLITFC00017,RDBECOLITFC00121,RDBECOLITFC00053,RDBECOLITFC00053,RDBECOLITFC00053	CRP,DnaA,PurR,Fis,Fis,Fis	b2507;b2508	2634070	2630958	2630906-2630933	Ecocyc:TU00205 
RDBECOLITUC03241	rbsDACBZKR	RDBECOLIOPC01764	rbsDACBZKR	RDBECOLIGNC02853,RDBECOLIGNC00809,RDBECOLIGNC00807,RDBECOLIGNC00804,RDBECOLIGNC00806,RDBECOLIGNC00805,RDBECOLIGNC00808	rbsZ;rbsR;rbsD;rbsA;rbsC;rbsB;rbsK	RDBECOLIPMC03525	rbsDp	3933322		sigma70	RDBECOLITFC00189,RDBECOLITFC00058	CRP,RbsR	b4804;b3753;b3748;b3749;b3750;b3751;b3752	3933351	3939219		Ecocyc:TU00206 
RDBECOLITUC03242	wza-wzb-wzc-wcaAB	RDBECOLIOPC03242	wza-wzb-wzc-wcaAB	RDBECOLIGNC03946,RDBECOLIGNC03947,RDBECOLIGNC03948,RDBECOLIGNC03949,RDBECOLIGNC03950	wcaB;wcaA;wzc;wzb;wza	RDBECOLIPMC03526	wzap1	2137583		sigma70	RDBECOLITFC00117,RDBECOLITFC00117	RcsAB,RcsAB	b2058;b2059;b2060;b2061;b2062	2137243	2132067		Ecocyc:TU00207 
RDBECOLITUC03243	rhaT	RDBECOLIOPC02493	rhaT	RDBECOLIGNC01283	rhaT	RDBECOLIPMC03527	rhaTp	4100566		sigma70	RDBECOLITFC00160,RDBECOLITFC00160,RDBECOLITFC00160,RDBECOLITFC00189,RDBECOLITFC00098,RDBECOLITFC00098,RDBECOLITFC00098	RhaS,RhaS,RhaS,CRP,ArcA,ArcA,ArcA	b3907	4100525	4099491		Ecocyc:TU00208 
RDBECOLITUC03244	zwf	RDBECOLIOPC01414	zwf	RDBECOLIGNC01198	zwf	RDBECOLIPMC03528	zwfp	1936376		sigma70	RDBECOLITFC00057,RDBECOLITFC00093,RDBECOLITFC00128,RDBECOLITFC00074,RDBECOLITFC00051,RDBECOLITFC00201	Cra,Fur,FNR,MarA,Rob,SoxS	b1852	1936314	1934839		Ecocyc:TU00209 
RDBECOLITUC03245	ftsQAZ	RDBECOLIOPC03591	mraZW-ftsLIO-murEF-mraY-murD-ftsW-murGC-ddlB-ftsQAZ-lpxC	RDBECOLIGNC00336,RDBECOLIGNC00333,RDBECOLIGNC00341	ftsQ;ftsA;ftsZ	RDBECOLIPMC03529	ftsQp1	102867		sigma70	RDBECOLITFC00021,RDBECOLITFC00021,RDBECOLITFC00021	SdiA,SdiA,SdiA	b0093;b0094;b0095	103155	106456		Ecocyc:TU00210 
RDBECOLITUC03246	soxS	RDBECOLIOPC02065	soxS	RDBECOLIGNC00946	soxS	RDBECOLIPMC03530	soxSp	4277423		sigma70	RDBECOLITFC00128,RDBECOLITFC00093,RDBECOLITFC00065,RDBECOLITFC00071,RDBECOLITFC00071,RDBECOLITFC00201	FNR,Fur,AcrR,SoxR,SoxR,SoxS	b4062	4277383	4277060		Ecocyc:TU00211 
RDBECOLITUC03247	torCAD	RDBECOLIOPC01095	torCAD	RDBECOLIGNC01745,RDBECOLIGNC01744,RDBECOLIGNC02079	torC;torA;torD	RDBECOLIPMC03531	torCp	1058056		sigma70	RDBECOLITFC00063,RDBECOLITFC00063,RDBECOLITFC00063,RDBECOLITFC00063,RDBECOLITFC00009	TorR,TorR,TorR,TorR,NarL	b0996;b0997;b0998	1058084	1062398		Ecocyc:TU00212 
RDBECOLITUC03248	treBC	RDBECOLIOPC00247	treBC	RDBECOLIGNC01367,RDBECOLIGNC02024	treC;treB	RDBECOLIPMC03532	treBp	4466210		sigma70	RDBECOLITFC00057,RDBECOLITFC00098,RDBECOLITFC00189,RDBECOLITFC00189,RDBECOLITFC00026,RDBECOLITFC00026	Cra,ArcA,CRP,CRP,TreR,TreR	b4239;b4240	4466180	4463054		Ecocyc:TU00213 
RDBECOLITUC03249	araBAD	RDBECOLIOPC01706	araBAD	RDBECOLIGNC00051,RDBECOLIGNC00048,RDBECOLIGNC00049	araD;araA;araB	RDBECOLIPMC03318	araBp	70075	RDBECOLITMC00352	sigma70	RDBECOLITFC00022,RDBECOLITFC00022,RDBECOLITFC00189,RDBECOLITFC00022,RDBECOLITFC00022,RDBECOLITFC00022,RDBECOLITFC00022	AraC,AraC,CRP,AraC,AraC,AraC,AraC	b0061;b0062;b0063	70048	65855	65800-65821	Ecocyc:TU00214 
RDBECOLITUC03250	fadBA	RDBECOLIOPC00748	fadBA	RDBECOLIGNC00272,RDBECOLIGNC00273	fadA;fadB	RDBECOLIPMC03401	fadBp	4031013		sigma70	RDBECOLITFC00051,RDBECOLITFC00098,RDBECOLITFC00126,RDBECOLITFC00053	Rob,ArcA,FadR,Fis	b3845;b3846	4030971	4027609		Ecocyc:TU00215 
RDBECOLITUC03251	glpTQ	RDBECOLIOPC02894	glpTQ	RDBECOLIGNC00392,RDBECOLIGNC00394	glpQ;glpT	RDBECOLIPMC03350	glpTQp	2352451		sigma70	RDBECOLITFC00128,RDBECOLITFC00189,RDBECOLITFC00128,RDBECOLITFC00189,RDBECOLITFC00189,RDBECOLITFC00102,RDBECOLITFC00211,RDBECOLITFC00211,RDBECOLITFC00102,RDBECOLITFC00102,RDBECOLITFC00102,RDBECOLITFC00102,RDBECOLITFC00102,RDBECOLITFC00102,RDBECOLITFC00102,RDBECOLITFC00053,RDBECOLITFC00053,RDBECOLITFC00053,RDBECOLITFC00053,RDBECOLITFC00053,RDBECOLITFC00053	FNR,CRP,FNR,CRP,CRP,GlpR,IHF,IHF,GlpR,GlpR,GlpR,GlpR,GlpR,GlpR,GlpR,Fis,Fis,Fis,Fis,Fis,Fis	b2239;b2240	2352374	2349935		Ecocyc:TU00216 
RDBECOLITUC03252	metF	RDBECOLIOPC01358	metF	RDBECOLIGNC00577	metF	RDBECOLIPMC03362	metFp	4132546		sigma70	RDBECOLITFC00218,RDBECOLITFC00218,RDBECOLITFC00218,RDBECOLITFC00218,RDBECOLITFC00218,RDBECOLITFC00218,RDBECOLITFC00218	MetJ,MetJ,MetJ,MetJ,MetJ,MetJ,MetJ	b3941	4132616	4133506		Ecocyc:TU00218 
RDBECOLITUC03253	rhaBAD	RDBECOLIOPC00464	rhaBAD	RDBECOLIGNC01794,RDBECOLIGNC01795,RDBECOLIGNC01796	rhaD;rhaA;rhaB	RDBECOLIPMC03533	rhaBp	4097472		sigma70	RDBECOLITFC00189,RDBECOLITFC00160,RDBECOLITFC00160,RDBECOLITFC00189	CRP,RhaS,RhaS,CRP	b3902;b3903;b3904	4097448	4093448		Ecocyc:TU00219 
RDBECOLITUC03254	trpR	RDBECOLIOPC02122	trpR	RDBECOLIGNC01017	trpR	RDBECOLIPMC03389	trpRp	4632704	RDBECOLITMC00029	sigma70	RDBECOLITFC00032	TrpR	b4393	4632760	4633086	4633111-4633144	Ecocyc:TU00220 
RDBECOLITUC03255	lysU	RDBECOLIOPC03482	lysU	RDBECOLIGNC00545	lysU	RDBECOLIPMC03534	lysUp1	4354805		sigma70	RDBECOLITFC00014	Lrp	b4129	4354717	4353200		Ecocyc:TU00221 
RDBECOLITUC03256	oppABCDF	RDBECOLIOPC03429	oppABCDF	RDBECOLIGNC00666,RDBECOLIGNC00667,RDBECOLIGNC00668,RDBECOLIGNC00669,RDBECOLIGNC00670	oppA;oppB;oppC;oppD;oppF	RDBECOLIPMC03535	oppAp	1301085		sigma28	RDBECOLITFC00093,RDBECOLITFC00034,RDBECOLITFC00098,RDBECOLITFC00014	Fur,ModE,ArcA,Lrp	b1243;b1244;b1245;b1246;b1247	1301182	1306768		Ecocyc:TU00222 
RDBECOLITUC03257	sdaA	RDBECOLIOPC02116	sdaA	RDBECOLIGNC00918	sdaA	RDBECOLIPMC03536	sdaAp	1896809	RDBECOLITMC00044	sigma32	RDBECOLITFC00014	Lrp	b1814	1896932	1898296	1898307-1898331	Ecocyc:TU00223 
RDBECOLITUC03258	serA	RDBECOLIOPC01170	serA	RDBECOLIGNC00932	serA	RDBECOLIPMC03537	serAp1	3058456		sigma70	RDBECOLITFC00014,RDBECOLITFC00135,RDBECOLITFC00135	Lrp,Nac,Nac	b2913	3058410	3057178		Ecocyc:TU00224 
RDBECOLITUC03259	kbl-tdh	RDBECOLIOPC00189	kbl-tdh	RDBECOLIGNC00981,RDBECOLIGNC00504	tdh;kbl	RDBECOLIPMC03406	kblp	3792577		sigma70	RDBECOLITFC00014,RDBECOLITFC00014	Lrp,Lrp	b3616;b3617	3792551	3790320		Ecocyc:TU00225 
RDBECOLITUC03260	argE	RDBECOLIOPC02642	argE	RDBECOLIGNC01258	argE	RDBECOLIPMC03321	argEp1	4154897		sigma70	RDBECOLITFC00109,RDBECOLITFC00109	ArgR,ArgR	b3957	4154847	4153696		Ecocyc:TU00226 
RDBECOLITUC03261	edd-eda	RDBECOLIOPC01404	edd-eda	RDBECOLIGNC00250,RDBECOLIGNC00251	eda;edd	RDBECOLIPMC03539	eddp	1934713	RDBECOLITMC00272	sigma70	RDBECOLITFC00031,RDBECOLITFC00057,RDBECOLITFC00177,RDBECOLITFC00177	KdgR,Cra,GntR,GntR	b1850;b1851	1934604	1932115	1932085-1932105	Ecocyc:TU00227 
RDBECOLITUC03262	gntKU	RDBECOLIOPC02837	gntRKU	RDBECOLIGNC02338,RDBECOLIGNC02336	gntU;gntK	RDBECOLIPMC03540	gntKp	3577645	RDBECOLITMC00268	sigma70	RDBECOLITFC00189,RDBECOLITFC00068,RDBECOLITFC00068,RDBECOLITFC00177,RDBECOLITFC00177	CRP,IdnR,IdnR,GntR,GntR	b4476;b3437	3577592	3575721	3575688-3575711	Ecocyc:TU00228 
RDBECOLITUC03263	gntT	RDBECOLIOPC01399	gntT	RDBECOLIGNC02242	gntT	RDBECOLIPMC03541	gntTp1	3546405		sigma70	RDBECOLITFC00189,RDBECOLITFC00177,RDBECOLITFC00177	CRP,GntR,GntR	b3415	3546559	3547875		Ecocyc:TU00229 
RDBECOLITUC03264	accA	RDBECOLIOPC02974	accA	RDBECOLIGNC01589	accA	RDBECOLIPMC03730	accAp1	208411		sigma70			b0185	208621	209580		Ecocyc:TU00230 
RDBECOLITUC03265	accBC	RDBECOLIOPC02047	accBC	RDBECOLIGNC00269,RDBECOLIGNC00270	accB;accC	RDBECOLIPMC03732	accBp1	3405140	RDBECOLITMC00001	sigma70	RDBECOLITFC00045	AccB	b3255;b3256	3405436	3407266	3407286-3407302	Ecocyc:TU00231 
RDBECOLITUC03266	accD	RDBECOLIOPC01029	accD	RDBECOLIGNC00211	accD	RDBECOLIPMC03733	accDp	2434015	RDBECOLITMC00208	sigma70	RDBECOLITFC00126	FadR	b2316	2433926	2433012	2432963-2433017	Ecocyc:TU00232 
RDBECOLITUC03267	acrAB	RDBECOLIOPC02367	acrAB	RDBECOLIGNC01644,RDBECOLIGNC01645	acrA;acrB	RDBECOLIPMC04001	acrAp	485698		sigma70	RDBECOLITFC00237,RDBECOLITFC00051,RDBECOLITFC00201,RDBECOLITFC00074,RDBECOLITFC00166,RDBECOLITFC00065,RDBECOLITFC00059,RDBECOLITFC00030	PtrR,Rob,SoxS,MarA,PhoP,AcrR,EnvR,MprA	b0463;b0462	485619	481254		Ecocyc:TU00233 
RDBECOLITUC03268	acrEF	RDBECOLIOPC01687	acrEF	RDBECOLIGNC00260,RDBECOLIGNC00261	acrE;acrF	RDBECOLIPMC02930	acrEp	3413702	RDBECOLITMC00002	sigma70	RDBECOLITFC00128,RDBECOLITFC00020	FNR,H-NS	b3265;b3266	3413864	3418137	3418143-3418177	Ecocyc:TU00234 
RDBECOLITUC03269	adiA	RDBECOLIOPC00733	adiA	RDBECOLIGNC01456	adiA	RDBECOLIPMC04042	adiAp	4340556	RDBECOLITMC00318	sigma70	RDBECOLITFC00211,RDBECOLITFC00176,RDBECOLITFC00020	IHF,AdiY,H-NS	b4117	4340521	4338254	4338210-4338237	Ecocyc:TU00235 
RDBECOLITUC03270	yjeFE-amiB-mutL-miaA-hfq-hflXKC	RDBECOLIOPC02986	yjeFE-amiB-mutL-miaA-hfq-hflXKC	RDBECOLIGNC01691,RDBECOLIGNC01692,RDBECOLIGNC01331,RDBECOLIGNC01253,RDBECOLIGNC00587,RDBECOLIGNC00431,RDBECOLIGNC00430,RDBECOLIGNC00429,RDBECOLIGNC00428	tsaE;nnr;amiB;mutL;miaA;hfq;hflX;hflK;hflC	RDBECOLIPMC04039	yjeFp1	4393677		sigma70			b4168;b4167;b4169;b4170;b4171;b4172;b4173;b4174;b4175	4394066	4404304		Ecocyc:TU00236 
RDBECOLITUC03271	ampDE	RDBECOLIOPC01344	ampDE	RDBECOLIGNC00037,RDBECOLIGNC00038	ampD;ampE	RDBECOLIPMC00531	ampD	118703			RDBECOLITFC00189	CRP	b0110;b0111	118733	120135		Ecocyc:TU00237 
RDBECOLITUC03272	ansA-pncA	RDBECOLIOPC00452	ansA-pncA	RDBECOLIGNC01118,RDBECOLIGNC00041	pncA;ansA								b1768;b1767	1850860	1852528		Ecocyc:TU00238 
RDBECOLITUC03273	arsRBC	RDBECOLIOPC02098	arsRBC	RDBECOLIGNC02114,RDBECOLIGNC02115,RDBECOLIGNC02116	arsR;arsB;arsC	RDBECOLIPMC03947	arsRp	3648512		sigma70	RDBECOLITFC00164	ArsR	b3501;b3502;b3503	3648528	3650662		Ecocyc:TU00239 
RDBECOLITUC03274	artPIQM	RDBECOLIOPC02866	artPIQM	RDBECOLIGNC01573,RDBECOLIGNC01572,RDBECOLIGNC01571,RDBECOLIGNC01570	artM;artQ;artI;artP	RDBECOLIPMC02902	artPp	903769	RDBECOLITMC00304	sigma70	RDBECOLITFC00109,RDBECOLITFC00109	ArgR,ArgR	b0861;b0862;b0863;b0864	903734	900866	900695-900725	Ecocyc:TU00240 
RDBECOLITUC03275	ascFB	RDBECOLIOPC02601	ascFB	RDBECOLIGNC00082,RDBECOLIGNC00081	ascF;ascB	RDBECOLIPMC02954	ascFp	2839429		sigma70	RDBECOLITFC00180,RDBECOLITFC00189,RDBECOLITFC00180	AscG,CRP,AscG	b2715;b2716	2839524	2842414		Ecocyc:TU00241 
RDBECOLITUC03276	ascG	RDBECOLIOPC01735	ascG	RDBECOLIGNC00083	ascG								b2714	2839264	2838254		Ecocyc:TU00242 
RDBECOLITUC03277	atpIBEFHAGDC	RDBECOLIOPC02167	atpIBEFHAGDC	RDBECOLIGNC00096,RDBECOLIGNC00097,RDBECOLIGNC00100,RDBECOLIGNC00094,RDBECOLIGNC00101,RDBECOLIGNC00099,RDBECOLIGNC00098,RDBECOLIGNC00095,RDBECOLIGNC00102	atpC;atpD;atpG;atpA;atpH;atpF;atpE;atpB;atpI	RDBECOLIPMC03682	atpIp	3922525	RDBECOLITMC00354	sigma70			b3731;b3732;b3733;b3734;b3735;b3736;b3737;b3738;b3739	3922440	3915553	3915508-3915530	Ecocyc:TU00243 
RDBECOLITUC03278	baeSR	RDBECOLIOPC02454	mdtABCD-baeSR	RDBECOLIGNC01563,RDBECOLIGNC01564	baeS;baeR								b2078;b2079	2162876	2164998		Ecocyc:TU00244 
RDBECOLITUC03279	basRS	RDBECOLIOPC01384	basRS	RDBECOLIGNC01560,RDBECOLIGNC01561	basS;basR								b4112;b4113	4333950	4332181		Ecocyc:TU00245 
RDBECOLITUC03280	btuCED	RDBECOLIOPC01035	btuCED	RDBECOLIGNC00124,RDBECOLIGNC00125,RDBECOLIGNC00123	btuD;btuE;btuC								b1709;b1710;b1711	1795152	1792809		Ecocyc:TU00246 
RDBECOLITUC03281	caiTABCDE	RDBECOLIOPC03241	caiTABCDE	RDBECOLIGNC02325,RDBECOLIGNC01509,RDBECOLIGNC01510,RDBECOLIGNC01511,RDBECOLIGNC01512,RDBECOLIGNC01513	caiE;caiD;caiC;caiB;caiA;caiT	RDBECOLIPMC03735	caiTp	42037		sigma70	RDBECOLITFC00119,RDBECOLITFC00119,RDBECOLITFC00128,RDBECOLITFC00128,RDBECOLITFC00098,RDBECOLITFC00098,RDBECOLITFC00098,RDBECOLITFC00098,RDBECOLITFC00119,RDBECOLITFC00119,RDBECOLITFC00189,RDBECOLITFC00020	CaiF,CaiF,FNR,FNR,ArcA,ArcA,ArcA,ArcA,CaiF,CaiF,CRP,H-NS	b0035;b0036;b0037;b0038;b0039;b0040	41931	34781		Ecocyc:TU00247 
RDBECOLITUC03282	chbBCARFG	RDBECOLIOPC01016	chbBCARFG	RDBECOLIGNC02082,RDBECOLIGNC00140,RDBECOLIGNC00139,RDBECOLIGNC00138,RDBECOLIGNC00137,RDBECOLIGNC00136	chbG;chbF;chbR;chbA;chbC;chbB	RDBECOLIPMC03913	chbBp	1821726			RDBECOLITFC00041,RDBECOLITFC00041,RDBECOLITFC00189,RDBECOLITFC00027,RDBECOLITFC00027,RDBECOLITFC00041,RDBECOLITFC00041	ChbR,ChbR,CRP,NagC,NagC,ChbR,ChbR	b1733;b1734;b1735;b1736;b1737;b1738	1821619	1816386		Ecocyc:TU00248 
RDBECOLITUC03283	chaBC	RDBECOLIOPC02604	chaBC	RDBECOLIGNC02259,RDBECOLIGNC02260	chaB;chaC						RDBECOLITFC00080	GlaR	b1217;b1218	1272119	1273202		Ecocyc:TU00249 
RDBECOLITUC03284	chpSB	RDBECOLIOPC01685	chpSB	RDBECOLIGNC01224,RDBECOLIGNC01997	chpS;chpB	RDBECOLIPMC00408	chpSp1	4448402		sigma70			b4224;b4225	4448447	4449042		Ecocyc:TU00250 
RDBECOLITUC03285	clpPX	RDBECOLIOPC03153	clpX-lon	RDBECOLIGNC00154,RDBECOLIGNC00155	clpP;clpX	RDBECOLIPMC03565	clpPp1	456577	RDBECOLITMC00342	sigma70			b0437;b0438	456677	458700	458731-458755	Ecocyc:TU00251 
RDBECOLITUC03286	cobUST	RDBECOLIOPC02516	cobUST	RDBECOLIGNC02045,RDBECOLIGNC02044,RDBECOLIGNC02429	cobT;cobS;cobU	RDBECOLIPMC02945	cobUp1	2065874		sigma70			b1991;b1992;b1993	2065764	2063388		Ecocyc:TU00252 
RDBECOLITUC03287	creABCD	RDBECOLIOPC01551	creABCD	RDBECOLIGNC01195,RDBECOLIGNC01196,RDBECOLIGNC00720,RDBECOLIGNC00141	creA;creB;creC;creD	RDBECOLIPMC03808	creAp	4635477	RDBECOLITMC00366	sigma70	RDBECOLITFC00027	NagC	b4397;b4398;b4399;b4400	4635521	4639530	4639538-4639572	Ecocyc:TU00253 
RDBECOLITUC03288	cydDC	RDBECOLIOPC00439	cydDC	RDBECOLIGNC00010,RDBECOLIGNC01370	cydC;cydD	RDBECOLIPMC04038	cydDp	931031		sigma70	RDBECOLITFC00098,RDBECOLITFC00128,RDBECOLITFC00009,RDBECOLITFC00009	ArcA,FNR,NarL,NarL	b0886;b0887	930962	927474		Ecocyc:TU00254 
RDBECOLITUC03289	dadAX	RDBECOLIOPC03001	dadAX	RDBECOLIGNC01372,RDBECOLIGNC01373	dadA;dadX	RDBECOLIPMC03747	dadAp2	1237525		sigma70	RDBECOLITFC00014,RDBECOLITFC00014,RDBECOLITFC00014,RDBECOLITFC00014,RDBECOLITFC00014,RDBECOLITFC00014,RDBECOLITFC00189,RDBECOLITFC00189,RDBECOLITFC00014,RDBECOLITFC00014,RDBECOLITFC00014,RDBECOLITFC00014,RDBECOLITFC00014	Lrp,Lrp,Lrp,Lrp,Lrp,Lrp,CRP,CRP,Lrp,Lrp,Lrp,Lrp,Lrp	b1189;b1190	1237571	1239949		Ecocyc:TU00255 
RDBECOLITUC03290	dapA-nlpB	RDBECOLIOPC03233	dapA-nlpB	RDBECOLIGNC00650,RDBECOLIGNC00199	bamC;dapA	RDBECOLIPMC03628	dapAp	2599784	RDBECOLITMC00251	sigma70			b2477;b2478	2599760	2597831	2597803-2597824	Ecocyc:TU00256 
RDBECOLITUC03291	dcm-vsr	RDBECOLIOPC00167	dcm-vsr	RDBECOLIGNC01056,RDBECOLIGNC00205	vsr;dcm								b1960;b1961	2032317	2030448		Ecocyc:TU00257 
RDBECOLITUC03292	def-fmt	RDBECOLIOPC01720	def-fmt	RDBECOLIGNC01403,RDBECOLIGNC01241	def;fmt	RDBECOLIPMC03015	defp	3433650		sigma70			b3287;b3288	3433690	3435161		Ecocyc:TU00258 
RDBECOLITUC03293	dnaAN-recF	RDBECOLIOPC03584	dnaAN-recF	RDBECOLIGNC00818,RDBECOLIGNC00236,RDBECOLIGNC00229	recF;dnaN;dnaA	RDBECOLIPMC03676	dnaAp1	3883961			RDBECOLITFC00076,RDBECOLITFC00076,RDBECOLITFC00076,RDBECOLITFC00017	ArgP,ArgP,ArgP,DnaA	b3700;b3701;b3702	3883729	3880148		Ecocyc:TU00259 
RDBECOLITUC03294	dnaKJ	RDBECOLIOPC03258	tpke11	RDBECOLIGNC02893,RDBECOLIGNC00235,RDBECOLIGNC00234	tpke11;dnaK;dnaJ	RDBECOLIPMC03542	dnaKp1	12048		sigma32			b0014;b0015	12163	15298		Ecocyc:TU00260 
RDBECOLITUC03295	dnaTC-yjjA	RDBECOLIOPC03262	yjjB-dnaTC-yjjA	RDBECOLIGNC01193,RDBECOLIGNC00231,RDBECOLIGNC00238	yjjA;dnaC;dnaT	RDBECOLIPMC02956	dnaTp	4601615	RDBECOLITMC00371				b4360;b4361;b4362	4601517	4599695	4599620-4599635	Ecocyc:TU00261 
RDBECOLITUC03296	dppABCDF	RDBECOLIOPC03305	dppABCDF	RDBECOLIGNC02335,RDBECOLIGNC02334,RDBECOLIGNC02333,RDBECOLIGNC02332,RDBECOLIGNC00242	dppF;dppD;dppC;dppB;dppA	RDBECOLIPMC03753	dppAp	3707870		sigma70	RDBECOLITFC00211,RDBECOLITFC00128	IHF,FNR	b3540;b3541;b3542;b3543;b3544	3707705	3701864		Ecocyc:TU00262 
RDBECOLITUC03297	yadV-htrE	RDBECOLIOPC02348	yadV-htrE	RDBECOLIGNC01894,RDBECOLIGNC01895	htrE;yadV	RDBECOLIPMC03760	yadVp1	156235		sigma70	RDBECOLITFC00211	IHF	b0139;b0140	156201	152829		Ecocyc:TU00263 
RDBECOLITUC03298	envY-ompT	RDBECOLIOPC01647	envY-ompT	RDBECOLIGNC00665,RDBECOLIGNC00262	ompT;envY								b0565;b0566	586908	584680		Ecocyc:TU00264 
RDBECOLITUC03299	exbBD	RDBECOLIOPC02148	exbBD	RDBECOLIGNC00266,RDBECOLIGNC00265	exbD;exbB	RDBECOLIPMC00467	exbBp	3152014	RDBECOLITMC00293	sigma70	RDBECOLITFC00093,RDBECOLITFC00093	Fur,Fur	b3005;b3006	3151984	3150818	3150552-3150576	Ecocyc:TU00265 
RDBECOLITUC03300	fabHDG	RDBECOLIOPC03600	rpmF-plsX-fabHDG	RDBECOLIGNC00271,RDBECOLIGNC01287,RDBECOLIGNC01288	fabH;fabD;fabG	RDBECOLIPMC02462	fabHp	1148516			RDBECOLITFC00126,RDBECOLITFC00039	FadR,DksA	b1091;b1092;b1093	1148759	1151404		Ecocyc:TU00266 
RDBECOLITUC03301	fabZ	RDBECOLIOPC03570	bamA-hlpA-lpxD-fabZ-lpxAB-rnhB-dnaE	RDBECOLIGNC01256	fabZ								b0180	202101	202556		Ecocyc:TU00267 
RDBECOLITUC03302	fdoGHI-fdhE	RDBECOLIOPC02496	fdoGHI-fdhE	RDBECOLIGNC00278,RDBECOLIGNC01784,RDBECOLIGNC01785,RDBECOLIGNC01786	fdhE;fdoI;fdoH;fdoG								b3891;b3892;b3893;b3894	4085822	4080299		Ecocyc:TU00268 
RDBECOLITUC03303	feoABC	RDBECOLIOPC01314	feoABC	RDBECOLIGNC02420,RDBECOLIGNC02002,RDBECOLIGNC02003	feoC;feoA;feoB	RDBECOLIPMC02957	feoAp	3540057		sigma70	RDBECOLITFC00027,RDBECOLITFC00040,RDBECOLITFC00128,RDBECOLITFC00093	NagC,OmpR,FNR,Fur	b3410;b3408;b3409	3540163	3542964		Ecocyc:TU00269 
RDBECOLITUC03304	fes-ybdZ-entF-fepE	RDBECOLIOPC00427	fes-ybdZ-entF-fepE	RDBECOLIGNC02577,RDBECOLIGNC00293,RDBECOLIGNC00258,RDBECOLIGNC00291	ybdZ;fes;entF;fepE	RDBECOLIPMC03569	fesp	612687		sigma70	RDBECOLITFC00128,RDBECOLITFC00093,RDBECOLITFC00093,RDBECOLITFC00093,RDBECOLITFC00093,RDBECOLITFC00093,RDBECOLITFC00020	FNR,Fur,Fur,Fur,Fur,Fur,H-NS	b4511;b0585;b0586;b0587	612737	619387		Ecocyc:TU00270 
RDBECOLITUC03305	flgAMN	RDBECOLIOPC03112	flgAMN	RDBECOLIGNC03427,RDBECOLIGNC02966,RDBECOLIGNC02956	flgN;flgM;flgA	RDBECOLIPMC00015	flgAp	1130885		sigma70	RDBECOLITFC00052	FlhDC	b1070;b1071;b1072	1130863	1129414		Ecocyc:TU00272 
RDBECOLITUC03306	flgBCDEFGHIJ	RDBECOLIOPC01043	flgBCDEFGHIJ	RDBECOLIGNC02957,RDBECOLIGNC02958,RDBECOLIGNC02959,RDBECOLIGNC02960,RDBECOLIGNC02961,RDBECOLIGNC02962,RDBECOLIGNC02963,RDBECOLIGNC02964,RDBECOLIGNC02965	flgB;flgC;flgD;flgE;flgF;flgG;flgH;flgI;flgJ	RDBECOLIPMC00016	flgBp	1130993		sigma70	RDBECOLITFC00052	FlhDC	b1073;b1074;b1075;b1076;b1077;b1078;b1079;b1080;b1081	1131018	1138312		Ecocyc:TU00273 
RDBECOLITUC03307	fliDST	RDBECOLIOPC03424	fliDST	RDBECOLIGNC00831,RDBECOLIGNC01354,RDBECOLIGNC01355	fliD;fliS;fliT	RDBECOLIPMC03809	fliDp2	2003817	RDBECOLITMC00329	sigma70	RDBECOLITFC00052	FlhDC	b1924;b1925;b1926	2003872	2006078	2006111-2006165	Ecocyc:TU00274 
RDBECOLITUC03308	fliFGHIJK	RDBECOLIOPC02533	fliFGHIJK	RDBECOLIGNC01317,RDBECOLIGNC01596,RDBECOLIGNC01597,RDBECOLIGNC02970,RDBECOLIGNC02971,RDBECOLIGNC02972	fliF;fliG;fliH;fliI;fliJ;fliK	RDBECOLIPMC00020	fliFp2	2013205		sigma28			b1938;b1939;b1940;b1941;b1942;b1943	2013229	2019513		Ecocyc:TU00275 
RDBECOLITUC03309	fliLMNOPQR	RDBECOLIOPC03157	fliLMNOPQR	RDBECOLIGNC00316,RDBECOLIGNC00317,RDBECOLIGNC00318,RDBECOLIGNC01201,RDBECOLIGNC01897,RDBECOLIGNC01898,RDBECOLIGNC01899	fliL;fliM;fliN;fliO;fliP;fliQ;fliR	RDBECOLIPMC03895	fliLp1	2019584		sigma70	RDBECOLITFC00052	FlhDC	b1944;b1945;b1946;b1947;b1948;b1949;b1950	2019618	2023678		Ecocyc:TU00276 
RDBECOLITUC03310	rlmE-ftsH	RDBECOLIOPC02414	rlmE-ftsH	RDBECOLIGNC01461,RDBECOLIGNC01462	ftsH;rlmE	RDBECOLIPMC03769	rlmEp1	3327760	RDBECOLITMC00343	sigma70			b3178;b3179	3327664	3325001	3324942-3324969	Ecocyc:TU00277 
RDBECOLITUC03311	ftsYEX	RDBECOLIOPC01357	ftsYEX	RDBECOLIGNC00339,RDBECOLIGNC00334,RDBECOLIGNC00340	ftsX;ftsE;ftsY								b3462;b3463;b3464	3604243	3601028		Ecocyc:TU00278 
RDBECOLITUC03312	glgS	RDBECOLIOPC00598	glgS	RDBECOLIGNC01348	glgS	RDBECOLIPMC03774	glgSp1	3192012	RDBECOLITMC00045	sigma38	RDBECOLITFC00189	CRP	b3049	3191939	3191739	3191716-3191735	Ecocyc:TU00279 
RDBECOLITUC03313	glmUS	RDBECOLIOPC02000	glmUS	RDBECOLIGNC00375,RDBECOLIGNC01178	glmS;glmU	RDBECOLIPMC03846	glmUp1	3915223	RDBECOLITMC00355	sigma70	RDBECOLITFC00027,RDBECOLITFC00027	NagC,NagC	b3729;b3730	3915200	3911839	3911810-3911830	Ecocyc:TU00280 
RDBECOLITUC03314	glyQS	RDBECOLIOPC00987	glyQS	RDBECOLIGNC00403,RDBECOLIGNC00402	glyS;glyQ	RDBECOLIPMC02958	glyQp	3725354	RDBECOLITMC00368	sigma70			b3559;b3560	3725318	3722328	3722291-3722310	Ecocyc:TU00281 
RDBECOLITUC03315	hdeAB-yhiD	RDBECOLIOPC02509	hdeAB-yhiD	RDBECOLIGNC01365,RDBECOLIGNC01364,RDBECOLIGNC01363	yhiD;hdeB;hdeA	RDBECOLIPMC04032	hdeAp	3656791		sigma70	RDBECOLITFC00023,RDBECOLITFC00187,RDBECOLITFC00187,RDBECOLITFC00077,RDBECOLITFC00023,RDBECOLITFC00166,RDBECOLITFC00187,RDBECOLITFC00187,RDBECOLITFC00187,RDBECOLITFC00023,RDBECOLITFC00023,RDBECOLITFC00023,RDBECOLITFC00023,RDBECOLITFC00042,RDBECOLITFC00013,RDBECOLITFC00077,RDBECOLITFC00063,RDBECOLITFC00187,RDBECOLITFC00074,RDBECOLITFC00020,RDBECOLITFC00014,RDBECOLITFC00014,RDBECOLITFC00014,RDBECOLITFC00014,RDBECOLITFC00014,RDBECOLITFC00014,RDBECOLITFC00063	GadW,GadX,GadX,GadE,GadW,PhoP,GadX,GadX,GadX,GadW,GadW,GadW,GadW,RcsB,FliZ,GadE,TorR,GadX,MarA,H-NS,Lrp,Lrp,Lrp,Lrp,Lrp,Lrp,TorR	b3508;b3509;b3510	3656740	3655255		Ecocyc:TU00282 
RDBECOLITUC03316	hemCDXY	RDBECOLIOPC01640	hemCDXY	RDBECOLIGNC00427,RDBECOLIGNC00426,RDBECOLIGNC00423,RDBECOLIGNC00422	hemY;hemX;hemD;hemC								b3802;b3803;b3804;b3805	3990766	3986686		Ecocyc:TU00283 
RDBECOLITUC03317	hipBA	RDBECOLIOPC00693	hipBA	RDBECOLIGNC00436,RDBECOLIGNC00435	hipA;hipB	RDBECOLIPMC02959	hipBp	1592482		sigma70	RDBECOLITFC00220,RDBECOLITFC00220,RDBECOLITFC00220,RDBECOLITFC00220,RDBECOLITFC00211,RDBECOLITFC00137,RDBECOLITFC00137,RDBECOLITFC00137,RDBECOLITFC00137	HipB,HipB,HipB,HipB,IHF,HipAB,HipAB,HipAB,HipAB	b1507;b1508	1592442	1590854		Ecocyc:TU00284 
RDBECOLITUC03318	hisLGDCBHAFI	RDBECOLIOPC03589	hisLGDCBHAFI	RDBECOLIGNC01242,RDBECOLIGNC00442,RDBECOLIGNC00440,RDBECOLIGNC00439,RDBECOLIGNC00438,RDBECOLIGNC00443,RDBECOLIGNC00437,RDBECOLIGNC00441,RDBECOLIGNC00444	hisL;hisG;hisD;hisC;hisB;hisH;hisA;hisF;hisI	RDBECOLIPMC02823	hisLp	2089965			RDBECOLITFC00039	DksA	b2018;b2019;b2020;b2021;b2022;b2023;b2024;b2025;b2026	2089996	2097225		Ecocyc:TU00285 
RDBECOLITUC03319	hsdMS	RDBECOLIOPC01297	hsdRMS	RDBECOLIGNC00453,RDBECOLIGNC00451	hsdS;hsdM								b4348;b4349	4583048	4580068		Ecocyc:TU00286 
RDBECOLITUC03320	hslVU	RDBECOLIOPC00416	hslVU	RDBECOLIGNC01808,RDBECOLIGNC01617	hslU;hslV	RDBECOLIPMC03694	hslVp	4122354	RDBECOLITMC00345	sigma32			b3931;b3932	4122287	4120416	4120368-4120385	Ecocyc:TU00287 
RDBECOLITUC03321	hyaABCDEF	RDBECOLIOPC02045	hyaABCDEF	RDBECOLIGNC00461,RDBECOLIGNC00462,RDBECOLIGNC00463,RDBECOLIGNC00464,RDBECOLIGNC00465,RDBECOLIGNC00466	hyaA;hyaB;hyaC;hyaD;hyaE;hyaF	RDBECOLIPMC03803	hyaAp	1031984	RDBECOLITMC00334	sigma70	RDBECOLITFC00055,RDBECOLITFC00098,RDBECOLITFC00141,RDBECOLITFC00096,RDBECOLITFC00098,RDBECOLITFC00055,RDBECOLITFC00085,RDBECOLITFC00085,RDBECOLITFC00009,RDBECOLITFC00009,RDBECOLITFC00053	IscR,ArcA,YdeO,AppY,ArcA,IscR,NarP,NarP,NarL,NarL,Fis	b0972;b0973;b0974;b0975;b0976;b0977	1032139	1037606	1037608-1037634	Ecocyc:TU00288 
RDBECOLITUC03322	hybOABCDEFG	RDBECOLIOPC01031	hybOABCDEFG	RDBECOLIGNC04362,RDBECOLIGNC01736,RDBECOLIGNC01735,RDBECOLIGNC01734,RDBECOLIGNC01733,RDBECOLIGNC01732,RDBECOLIGNC01731,RDBECOLIGNC01730	hybO;hybG;hybF;hybE;hybD;hybC;hybB;hybA	RDBECOLIPMC03919	hybOp1	3146363		sigma70	RDBECOLITFC00009,RDBECOLITFC00009,RDBECOLITFC00009,RDBECOLITFC00098	NarL,NarL,NarL,ArcA	b2997;b2990;b2991;b2992;b2993;b2994;b2995;b2996	3146261	3139716		Ecocyc:TU00289 
RDBECOLITUC03323	ribF-ileS-lspA-fkpB-ispH	RDBECOLIOPC03590	ribF-ileS-lspA-fkpB-ispH	RDBECOLIGNC01066,RDBECOLIGNC00485,RDBECOLIGNC00540,RDBECOLIGNC01067,RDBECOLIGNC01068	ribF;ileS;lspA;fkpB;ispH	RDBECOLIPMC02960	ribFp	21383	RDBECOLITMC00035	sigma70			b0025;b0026;b0027;b0028;b0029	21407	27227	27252-27279	Ecocyc:TU00291 
RDBECOLITUC03324	kdpDE	RDBECOLIOPC01689	kdpDE	RDBECOLIGNC00509,RDBECOLIGNC00508	kdpE;kdpD								b0694;b0695	724414	721056		Ecocyc:TU00292 
RDBECOLITUC03325	kdtA-coaD	RDBECOLIOPC02546	kdtA-coaD	RDBECOLIGNC00512,RDBECOLIGNC01170	waaA;coaD	RDBECOLIPMC02837	waaAp1	3808516		sigma70			b3633;b3634	3808540	3810304		Ecocyc:TU00293 
RDBECOLITUC03326	lgt-thyA	RDBECOLIOPC03323	lgt-thyA	RDBECOLIGNC00990,RDBECOLIGNC02025	thyA;lgt	RDBECOLIPMC02529	lgtp	2966121	RDBECOLITMC00155	sigma70			b2827;b2828	2966037	2964361	2964320-2964339	Ecocyc:TU00295 
RDBECOLITUC03327	mdoGH	RDBECOLIOPC01360	mdoGH	RDBECOLIGNC01812,RDBECOLIGNC01813	opgG;opgH	RDBECOLIPMC03749	opgGp1	1109278	RDBECOLITMC00250	sigma70			b1048;b1049	1109335	1113406	1113532-1113560	Ecocyc:TU00297 
RDBECOLITUC03328	menFD-yfbB-menBCE	RDBECOLIOPC03227	menFD-yfbB-menBCE	RDBECOLIGNC02286,RDBECOLIGNC01485,RDBECOLIGNC01335,RDBECOLIGNC02287,RDBECOLIGNC00571,RDBECOLIGNC02225	menE;menC;menB;menH;menD;menF								b2260;b2261;b2262;b2263;b2264;b2265	2380643	2373648		Ecocyc:TU00298 
RDBECOLITUC03329	minCDE	RDBECOLIOPC01984	minCDE	RDBECOLIGNC00590,RDBECOLIGNC00589,RDBECOLIGNC00588	minE;minD;minC								b1174;b1175;b1176	1226080	1224279		Ecocyc:TU00299 
RDBECOLITUC03330	moaABCDE	RDBECOLIOPC01740	moaABCDE	RDBECOLIGNC01542,RDBECOLIGNC01543,RDBECOLIGNC01607,RDBECOLIGNC01544,RDBECOLIGNC01545	moaA;moaB;moaC;moaD;moaE	RDBECOLIPMC00389	moaAp1	816827			RDBECOLITFC00128,RDBECOLITFC00105	FNR,CueR	b0781;b0782;b0783;b0784;b0785	817044	819747		Ecocyc:TU00300 
RDBECOLITUC03331	modABC	RDBECOLIOPC01815	modABC	RDBECOLIGNC02278,RDBECOLIGNC00002,RDBECOLIGNC00148	modA;modB;modC	RDBECOLIPMC03979	modAp2	795062		sigma70	RDBECOLITFC00189,RDBECOLITFC00034	CRP,ModE	b0763;b0764;b0765	795089	797612		Ecocyc:TU00301 
RDBECOLITUC03332	moeAB	RDBECOLIOPC01625	moeAB	RDBECOLIGNC00150,RDBECOLIGNC00149	moeB;moeA	RDBECOLIPMC00607	moeAp	866394		sigma70	RDBECOLITFC00038,RDBECOLITFC00009,RDBECOLITFC00009,RDBECOLITFC00098,RDBECOLITFC00128	NsrR,NarL,NarL,ArcA,FNR	b0826;b0827	866364	864380		Ecocyc:TU00302 
RDBECOLITUC03333	motRAB-cheAW	RDBECOLIOPC00683	motRAB-cheAW	RDBECOLIGNC04729,RDBECOLIGNC00145,RDBECOLIGNC00142,RDBECOLIGNC00594,RDBECOLIGNC00593	motR;cheW;cheA;motB;motA	RDBECOLIPMC00420	motRp	1977302	RDBECOLITMC00207	sigma28	RDBECOLITFC00170	CpxR	b4828;b1887;b1888;b1889;b1890	1977302	1972836	1972771-1972825	Ecocyc:TU00303 
RDBECOLITUC03334	mreBCD	RDBECOLIOPC03036	mreBCD	RDBECOLIGNC00602,RDBECOLIGNC00601,RDBECOLIGNC00600	mreD;mreC;mreB	RDBECOLIPMC03914	mreBp1	3401129		sigma70	RDBECOLITFC00116	BolA	b3249;b3250;b3251	3401087	3398387		Ecocyc:TU00304 
RDBECOLITUC03335	napFDAGHBC-ccmABCDEFGH	RDBECOLIOPC01540	napFDAGHBC-ccmABCDEFGH	RDBECOLIGNC01961,RDBECOLIGNC01962,RDBECOLIGNC01963,RDBECOLIGNC01964,RDBECOLIGNC02060,RDBECOLIGNC01965,RDBECOLIGNC01966,RDBECOLIGNC01967,RDBECOLIGNC01968,RDBECOLIGNC01969,RDBECOLIGNC01970,RDBECOLIGNC01971,RDBECOLIGNC01972,RDBECOLIGNC02039,RDBECOLIGNC01973	ccmH;ccmG;ccmF;ccmE;ccmD;ccmC;ccmB;ccmA;napC;napB;napH;napG;napA;napD;napF	RDBECOLIPMC03892	napFp1	2303574		sigma70	RDBECOLITFC00052,RDBECOLITFC00085,RDBECOLITFC00085,RDBECOLITFC00034,RDBECOLITFC00128,RDBECOLITFC00009,RDBECOLITFC00009	FlhDC,NarP,NarP,ModE,FNR,NarL,NarL	b2194;b2195;b2196;b2197;b2198;b2199;b2200;b2201;b2202;b2203;b2204;b2205;b2206;b2207;b2208	2303497	2291358		Ecocyc:TU00305 
RDBECOLITUC03336	narZYWV	RDBECOLIOPC03538	narUZYWV	RDBECOLIGNC00636,RDBECOLIGNC00637,RDBECOLIGNC00639,RDBECOLIGNC00640	narV;narW;narY;narZ								b1465;b1466;b1467;b1468	1542590	1535937		Ecocyc:TU00306 
RDBECOLITUC03337	nfrBA	RDBECOLIOPC02030	nfrBA	RDBECOLIGNC01677,RDBECOLIGNC01676	nfrA;nfrB								b0568;b0569	593178	587982		Ecocyc:TU00307 
RDBECOLITUC03338	nikABCDER	RDBECOLIOPC03577	nikABCDER	RDBECOLIGNC01472,RDBECOLIGNC01977,RDBECOLIGNC01978,RDBECOLIGNC01979,RDBECOLIGNC01980,RDBECOLIGNC01981	nikR;nikA;nikB;nikC;nikD;nikE	RDBECOLIPMC04027	nikAp1	3613628			RDBECOLITFC00128,RDBECOLITFC00009,RDBECOLITFC00213	FNR,NarL,NikR	b3481;b3476;b3477;b3478;b3479;b3480	3613667	3618989		Ecocyc:TU00308 
RDBECOLITUC03339	nlpD-rpoS	RDBECOLIOPC03347	nlpD-rpoS	RDBECOLIGNC00502,RDBECOLIGNC02010	rpoS;nlpD	RDBECOLIPMC03792	nlpDp1	2868829		sigma70			b2741;b2742	2868753	2866559		Ecocyc:TU00309 
RDBECOLITUC03340	nuoABCEFGHIJKLMN	RDBECOLIOPC03562	nuoABCEFGHIJKLMN	RDBECOLIGNC01994,RDBECOLIGNC01705,RDBECOLIGNC01993,RDBECOLIGNC01992,RDBECOLIGNC01991,RDBECOLIGNC01990,RDBECOLIGNC01989,RDBECOLIGNC01988,RDBECOLIGNC01706,RDBECOLIGNC01987,RDBECOLIGNC01986,RDBECOLIGNC01985,RDBECOLIGNC01984	nuoN;nuoM;nuoL;nuoK;nuoJ;nuoI;nuoH;nuoG;nuoF;nuoE;nuoC;nuoB;nuoA	RDBECOLIPMC03797	nuoAp2	2405162	RDBECOLITMC00336	sigma70	RDBECOLITFC00009,RDBECOLITFC00211,RDBECOLITFC00211,RDBECOLITFC00098,RDBECOLITFC00128,RDBECOLITFC00211	NarL,IHF,IHF,ArcA,FNR,IHF	b2276;b2277;b2278;b2279;b2280;b2281;b2282;b2283;b2284;b2285;b2286;b2287;b2288	2405072	2390048	2390005-2390023	Ecocyc:TU00310 
RDBECOLITUC03341	rimP-nusA-infB	RDBECOLIOPC03608	metY-yhbC-nusA-infB-rbfA-truB-rpsO-pnp	RDBECOLIGNC01160,RDBECOLIGNC00497,RDBECOLIGNC00657	rimP;infB;nusA	RDBECOLIPMC02961	rimPp	3318175	RDBECOLITMC00217	sigma70			b3170;b3168;b3169	3318006	3313342	3313185-3313239	Ecocyc:TU00311 
RDBECOLITUC03342	otsBA	RDBECOLIOPC02985	otsBA	RDBECOLIGNC01687,RDBECOLIGNC01688	otsA;otsB	RDBECOLIPMC03740	otsBp1	1982465	RDBECOLITMC00106	sigma38			b1896;b1897	1982387	1980188	1980096-1980126	Ecocyc:TU00312 
RDBECOLITUC03343	panBC	RDBECOLIOPC00965	panBC	RDBECOLIGNC01682,RDBECOLIGNC01616	panC;panB	RDBECOLIPMC00221	panBp	149630		sigma70			b0133;b0134	149601	147944		Ecocyc:TU00313 
RDBECOLITUC03344	yhdT-panF-prmA	RDBECOLIOPC00170	yhdT-panF-prmA	RDBECOLIGNC04486,RDBECOLIGNC00677,RDBECOLIGNC01452	yhdT;panF;prmA	RDBECOLIPMC02962	yhdTp	3407351	RDBECOLITMC00020	sigma70			b3257;b3258;b3259	3407375	3409951	3410029-3410042	Ecocyc:TU00314 
RDBECOLITUC03345	pcnB-folK	RDBECOLIOPC02987	pcnB-folK	RDBECOLIGNC01341,RDBECOLIGNC00682	folK;pcnB	RDBECOLIPMC00459	pcnBp3	159171		sigma70			b0142;b0143	159126	157253		Ecocyc:TU00315 
RDBECOLITUC03346	pflDC	RDBECOLIOPC00673	pflDC	RDBECOLIGNC01835,RDBECOLIGNC01836	pflD;pflC								b3951;b3952	4143995	4147136		Ecocyc:TU00316 
RDBECOLITUC03347	phoPQ	RDBECOLIOPC03191	phoPQ	RDBECOLIGNC00722,RDBECOLIGNC00721	phoQ;phoP	RDBECOLIPMC04009	phoPp1	1190483			RDBECOLITFC00166	PhoP	b1129;b1130	1190447	1188316		Ecocyc:TU00319 
RDBECOLITUC03348	pntAB	RDBECOLIOPC01271	pntAB	RDBECOLIGNC00735,RDBECOLIGNC00734	pntB;pntA	RDBECOLIPMC03891	pntAp	1677975		sigma70			b1602;b1603	1677903	1674972		Ecocyc:TU00320 
RDBECOLITUC03349	potABCD	RDBECOLIOPC00393	potABCD	RDBECOLIGNC00742,RDBECOLIGNC00741,RDBECOLIGNC00740,RDBECOLIGNC00739	potD;potC;potB;potA								b1123;b1124;b1125;b1126	1185594	1181783		Ecocyc:TU00321 
RDBECOLITUC03350	potFGHI	RDBECOLIOPC02682	potFGHI	RDBECOLIGNC01575,RDBECOLIGNC01576,RDBECOLIGNC01577,RDBECOLIGNC01578	potF;potG;potH;potI	RDBECOLIPMC00488	potFp1	893736		sigma54	RDBECOLITFC00153	NtrC	b0854;b0855;b0856;b0857	893784	897929		Ecocyc:TU00322 
RDBECOLITUC03351	ppk-ppx	RDBECOLIOPC02825	ppk-ppx	RDBECOLIGNC01368,RDBECOLIGNC01465	ppx;ppk								b2502;b2501	2623044	2626656		Ecocyc:TU00323 
RDBECOLITUC03352	prfB-lysS	RDBECOLIOPC03353	xerD-dsbC-recJ	RDBECOLIGNC00544,RDBECOLIGNC00752	lysS;prfB								b2890;b2891	3036282	3033657		Ecocyc:TU00324 
RDBECOLITUC03353	proBA	RDBECOLIOPC01660	proBA	RDBECOLIGNC00758,RDBECOLIGNC00757	proB;proA								b0242;b0243	260388	262756		Ecocyc:TU00325 
RDBECOLITUC03354	pspABCDE	RDBECOLIOPC02436	pspABCDE	RDBECOLIGNC00766,RDBECOLIGNC00767,RDBECOLIGNC00768,RDBECOLIGNC00769,RDBECOLIGNC00770	pspA;pspB;pspC;pspD;pspE	RDBECOLIPMC00435	pspAp	1368038		sigma54	RDBECOLITFC00110,RDBECOLITFC00110,RDBECOLITFC00211	PspF,PspF,IHF	b1304;b1305;b1306;b1307;b1308	1368079	1370003		Ecocyc:TU00326 
RDBECOLITUC03355	rcsB	RDBECOLIOPC02363	rcsDB	RDBECOLIGNC00811	rcsB	RDBECOLIPMC00498	rcsBp1	2315695		sigma70			b2217	2316177	2316827		Ecocyc:TU00327 
RDBECOLITUC03356	rcsC	RDBECOLIOPC01319	rcsC	RDBECOLIGNC00812	rcsC								b2218	2319876	2317027		Ecocyc:TU00328 
RDBECOLITUC03357	rfaDFCL	RDBECOLIOPC02956	rfaDFCL	RDBECOLIGNC00828,RDBECOLIGNC02092,RDBECOLIGNC01169,RDBECOLIGNC01387	rfaD;waaF;waaC;waaL	RDBECOLIPMC03720	rfaDp3	3793865		sigma32			b3619;b3620;b3621;b3622	3793987	3798207		Ecocyc:TU00329 
RDBECOLITUC03358	rfbBDACX	RDBECOLIOPC01954	rfbBDACX	RDBECOLIGNC01902,RDBECOLIGNC01901,RDBECOLIGNC01900,RDBECOLIGNC02267,RDBECOLIGNC02268	rfbX;rfbC;rfbA;rfbD;rfbB								b2037;b2038;b2039;b2040;b2041	2113061	2108337		Ecocyc:TU00331 
RDBECOLITUC03359	rnc-era	RDBECOLIOPC02497	rnc-era-recO-pdxJ-acpS	RDBECOLIGNC00264,RDBECOLIGNC00847	era;rnc	RDBECOLIPMC03987	rncp	2704223		sigma70			b2566;b2567	2704063	2702481		Ecocyc:TU00332 
RDBECOLITUC03360	rnt-lhr	RDBECOLIOPC03474	rnt-lhr	RDBECOLIGNC01500,RDBECOLIGNC01501	rnt;lhr	RDBECOLIPMC04045	rntp	1728320	RDBECOLITMC00126	sigma70			b1652;b1653	1728347	1733703	1733711-1733740	Ecocyc:TU00333 
RDBECOLITUC03361	rph-pyrE	RDBECOLIOPC02922	rph-pyrE	RDBECOLIGNC00798,RDBECOLIGNC00853	pyrE;rph	RDBECOLIPMC03667	rphp	3816580	RDBECOLITMC00109				b3642;b3643	3816549	3815127	3815096-3815119	Ecocyc:TU00334 
RDBECOLITUC03362	rplJL-rpoBC	RDBECOLIOPC03019	rplKAJL-rpoBC	RDBECOLIGNC00861,RDBECOLIGNC00863,RDBECOLIGNC00884,RDBECOLIGNC00885	rplJ;rplL;rpoB;rpoC	RDBECOLIPMC03705	rplJp	4179623	RDBECOLITMC00360		RDBECOLITFC00039	DksA	b3985;b3986;b3987;b3988	4179996	4189573	4189599-4189613	Ecocyc:TU00335 
RDBECOLITUC03363	rplM-rpsI	RDBECOLIOPC02983	rplM-rpsI	RDBECOLIGNC00898,RDBECOLIGNC00864	rpsI;rplM	RDBECOLIPMC03957	rplMp	3378808	RDBECOLITMC00283		RDBECOLITFC00053,RDBECOLITFC00189,RDBECOLITFC00039,RDBECOLITFC00128	Fis,CRP,DksA,FNR	b3230;b3231	3378651	3377815	3377756-3377782	Ecocyc:TU00336 
RDBECOLITUC03364	rplNXE-rpsNH-rplFR-rpsE-rpmD-rplO-secY-rpmJ	RDBECOLIOPC01260	rplNXE-rpsNH-rplFR-rpsE-rpmD-rplO-secY-rpmJ	RDBECOLIGNC01209,RDBECOLIGNC00756,RDBECOLIGNC00866,RDBECOLIGNC00878,RDBECOLIGNC00894,RDBECOLIGNC00869,RDBECOLIGNC00859,RDBECOLIGNC00897,RDBECOLIGNC00903,RDBECOLIGNC00858,RDBECOLIGNC00874,RDBECOLIGNC00865	rpmJ;secY;rplO;rpmD;rpsE;rplR;rplF;rpsH;rpsN;rplE;rplX;rplN	RDBECOLIPMC03656	rplNp	3448222			RDBECOLITFC00039	DksA	b3299;b3300;b3301;b3302;b3303;b3304;b3305;b3306;b3307;b3308;b3309;b3310	3448149	3442618		Ecocyc:TU00337 
RDBECOLITUC03365	rplU-rpmA	RDBECOLIOPC02912	rplU-rpmA-yhbE-obgE	RDBECOLIGNC02556,RDBECOLIGNC02555	rpmA;rplU	RDBECOLIPMC00504	rplUp	3333516		sigma70	RDBECOLITFC00029,RDBECOLITFC00039	MlrA,DksA	b3185;b3186	3333451	3332862		Ecocyc:TU00338 
RDBECOLITUC03366	rpmBG	RDBECOLIOPC02281	yicR-rpmBG-mutM	RDBECOLIGNC00881,RDBECOLIGNC00876	rpmG;rpmB	RDBECOLIPMC03959	rpmBp	3811995	RDBECOLITMC00362		RDBECOLITFC00039	DksA	b3636;b3637	3811674	3811250	3811209-3811225	Ecocyc:TU00339 
RDBECOLITUC03367	rpmH-rnpA	RDBECOLIOPC02814	rpmH-rnpA	RDBECOLIGNC00882,RDBECOLIGNC00852	rpmH;rnpA	RDBECOLIPMC03678	rpmHp1	3884111					b3703;b3704	3884336	3884852		Ecocyc:TU00340 
RDBECOLITUC03368	rpoE-rseABC	RDBECOLIOPC03603	rseD-rpoE-rseABC	RDBECOLIGNC04172,RDBECOLIGNC04173,RDBECOLIGNC02211,RDBECOLIGNC01824	rseC;rseB;rseA;rpoE	RDBECOLIPMC03841	rpoEp2a	2710087		sigma70	RDBECOLITFC00039,RDBECOLITFC00039	DksA,DksA	b2570;b2571;b2572;b2573	2710012	2707322		Ecocyc:TU00342 
RDBECOLITUC03369	rpoZ-spoT-trmH-recG	RDBECOLIOPC01644	rpoZ-spoT-trmH-recG	RDBECOLIGNC00889,RDBECOLIGNC00954,RDBECOLIGNC00955,RDBECOLIGNC00819	rpoZ;spoT;trmH;recG	RDBECOLIPMC00269	rpoZp	3822077		sigma70	RDBECOLITFC00039	DksA	b3649;b3650;b3651;b3652	3822106	3827291		Ecocyc:TU00344 
RDBECOLITUC03370	rpsB-tsf	RDBECOLIOPC00700	rpsB-tsf	RDBECOLIGNC02895,RDBECOLIGNC00891,RDBECOLIGNC01021	tff;rpsB;tsf	RDBECOLIPMC03279	rpsBp	189712	RDBECOLITMC00099	sigma70			b4414;b0169;b0170	189712	191708	191721-191738	Ecocyc:TU00345 
RDBECOLITUC03371	rpsF-priB-rpsR-rplI	RDBECOLIOPC02345	rpsF-priB-rpsR-rplI	RDBECOLIGNC00895,RDBECOLIGNC00754,RDBECOLIGNC00907,RDBECOLIGNC00860	rpsF;priB;rpsR;rplI	RDBECOLIPMC00205	rpsFp	4425025		sigma70	RDBECOLITFC00189	CRP	b4200;b4201;b4202;b4203	4425118	4426557		Ecocyc:TU00346 
RDBECOLITUC03372	rpsJ-rplCDWB-rpsS-rplV-rpsC-rplP-rpmC-rpsQ	RDBECOLIOPC01302	rpsJ-rplCDWB-rpsS-rplV-rpsC-rplP-rpmC-rpsQ	RDBECOLIGNC00906,RDBECOLIGNC00877,RDBECOLIGNC00867,RDBECOLIGNC00892,RDBECOLIGNC00872,RDBECOLIGNC00908,RDBECOLIGNC00855,RDBECOLIGNC00873,RDBECOLIGNC00857,RDBECOLIGNC00856,RDBECOLIGNC00899	rpsQ;rpmC;rplP;rpsC;rplV;rpsS;rplB;rplW;rplD;rplC;rpsJ	RDBECOLIPMC03657	rpsJp	3453442	RDBECOLITMC00140,RDBECOLITMC00364	sigma70	RDBECOLITFC00039,RDBECOLITFC00128,RDBECOLITFC00098	DksA,FNR,ArcA	b3311;b3312;b3313;b3314;b3315;b3316;b3317;b3318;b3319;b3320;b3321	3453270	3448314	3453298-3453358;3448267-3448285	Ecocyc:TU00347 
RDBECOLITUC03373	rpsLG-fusA-tufA	RDBECOLIOPC02625	rpsLG-fusA-tufA	RDBECOLIGNC01024,RDBECOLIGNC00353,RDBECOLIGNC00896,RDBECOLIGNC00901	tufA;fusA;rpsG;rpsL	RDBECOLIPMC03658	rpsLp	3474621			RDBECOLITFC00039	DksA	b3339;b3340;b3341;b3342	3474552	3470145		Ecocyc:TU00348 
RDBECOLITUC03374	rpsMKD-rpoA-rplQ	RDBECOLIOPC02908	rpsMKD-rpoA-rplQ	RDBECOLIGNC00868,RDBECOLIGNC00883,RDBECOLIGNC00893,RDBECOLIGNC00900,RDBECOLIGNC00902	rplQ;rpoA;rpsD;rpsK;rpsM	RDBECOLIPMC03958	rpsMp2	3442565	RDBECOLITMC00361	sigma70	RDBECOLITFC00039	DksA	b3294;b3295;b3296;b3297;b3298	3442471	3439616	3439581-3439595	Ecocyc:TU00349 
RDBECOLITUC03375	rpsP-rimM-trmD-rplS	RDBECOLIOPC00943	rpsP-rimM-trmD-rplS	RDBECOLIGNC00870,RDBECOLIGNC01011,RDBECOLIGNC01135,RDBECOLIGNC00905	rplS;trmD;rimM;rpsP	RDBECOLIPMC02854	rpsPp	2746254	RDBECOLITMC00231	sigma70	RDBECOLITFC00039,RDBECOLITFC00128	DksA,FNR	b2606;b2607;b2608;b2609	2746185	2744183	2744115-2744169	Ecocyc:TU00351 
RDBECOLITUC03376	rpsU-dnaG-rpoD	RDBECOLIOPC03086	rpsU-dnaG-rpoD	RDBECOLIGNC00910,RDBECOLIGNC00233,RDBECOLIGNC00886	rpsU;dnaG;rpoD	RDBECOLIPMC03646	rpsUp1	3210646	RDBECOLITMC00356	sigma70			b3065;b3066;b3067	3210781	3214888	3214943-3214962	Ecocyc:TU00352 
RDBECOLITUC03377	ruvAB	RDBECOLIOPC03366	ruvAB	RDBECOLIGNC04713,RDBECOLIGNC04712	ruvB;ruvA	RDBECOLIPMC03611	ruvAp1	1946024	RDBECOLITMC00300,RDBECOLITMC00299		RDBECOLITFC00214,RDBECOLITFC00214	LexA,LexA	b1860;b1861	1945976	1944346	1944219-1944248;1944273-1944303	Ecocyc:TU00353 
RDBECOLITUC03378	secE-nusG	RDBECOLIOPC00649	secE-nusG	RDBECOLIGNC00927,RDBECOLIGNC00659	secE;nusG	RDBECOLIPMC03078	secEp	4177177	RDBECOLITMC00039				b3981;b3982	4177358	4178288	4178328-4178356	Ecocyc:TU00354 
RDBECOLITUC03379	selAB	RDBECOLIOPC02405	selAB	RDBECOLIGNC00930,RDBECOLIGNC00929	selB;selA	RDBECOLIPMC00346	selAp	3761297					b3590;b3591	3761249	3758017		Ecocyc:TU00355 
RDBECOLITUC03380	ydjA-selD-topB	RDBECOLIOPC02930	ydjA-selD-topB	RDBECOLIGNC01002,RDBECOLIGNC01117,RDBECOLIGNC00931	topB;ydjA;selD	RDBECOLIPMC00347	ydjAp	1848700	RDBECOLITMC00104				b1763;b1765;b1764	1848676	1844999	1844932-1844954	Ecocyc:TU00356 
RDBECOLITUC03381	serC-aroA	RDBECOLIOPC03150	serC-aroA	RDBECOLIGNC00934,RDBECOLIGNC00069	serC;aroA	RDBECOLIPMC04028	serCp1	957595		sigma70	RDBECOLITFC00014,RDBECOLITFC00189	Lrp,CRP	b0907;b0908	957653	960095		Ecocyc:TU00357 
RDBECOLITUC03382	sfsA-dksA	RDBECOLIOPC02737	sfsA-dksA	RDBECOLIGNC00224,RDBECOLIGNC00937	dksA;sfsA	RDBECOLIPMC00585	sfsAp	161515		sigma70	RDBECOLITFC00189	CRP	b0145;b0146	161486	160149		Ecocyc:TU00358 
RDBECOLITUC03383	yacC-speED	RDBECOLIOPC03409	yacC-speED	RDBECOLIGNC01076,RDBECOLIGNC00950,RDBECOLIGNC00951	yacC;speD;speE	RDBECOLIPMC02852	yacCp	136940	RDBECOLITMC00025	sigma70			b0122;b0120;b0121	136917	134788	134756-134783	Ecocyc:TU00359 
RDBECOLITUC03384	speF-potE	RDBECOLIOPC00100	speF-potE	RDBECOLIGNC02851,RDBECOLIGNC00743,RDBECOLIGNC00952	speFL;potE;speF						RDBECOLITFC00040	OmpR	b4803;b0692;b0693	720822	716946		Ecocyc:TU00360 
RDBECOLITUC03385	sspAB	RDBECOLIOPC01629	sspAB	RDBECOLIGNC00966,RDBECOLIGNC00965	sspB;sspA	RDBECOLIPMC03845	sspAp	3377569	RDBECOLITMC00060				b3228;b3229	3377420	3376279	3376249-3376277	Ecocyc:TU00361 
RDBECOLITUC03386	surA-pdxA-rsmA-apaGH	RDBECOLIOPC03579	surA-pdxA-rsmA-apaGH	RDBECOLIGNC00044,RDBECOLIGNC00043,RDBECOLIGNC00515,RDBECOLIGNC00683,RDBECOLIGNC00973	apaH;apaG;rsmA;pdxA;surA	RDBECOLIPMC03915	surAp			sigma24			b0049;b0050;b0051;b0052;b0053	54702	50380		Ecocyc:TU00362 
RDBECOLITUC03387	umpG-pcm	RDBECOLIOPC02327	umpG-pcm	RDBECOLIGNC00681,RDBECOLIGNC01747	pcm;umpG	RDBECOLIPMC03115	surEp2	2870686		sigma70			b2743;b2744	2870274	2868893		Ecocyc:TU00363 
RDBECOLITUC03388	tehAB	RDBECOLIOPC01287	tehAB	RDBECOLIGNC01810,RDBECOLIGNC01811	tehA;tehB	RDBECOLIPMC00040	tehAp	1500536			RDBECOLITFC00038,RDBECOLITFC00038	NsrR,NsrR	b1429;b1430	1500573	1502155		Ecocyc:TU00364 
RDBECOLITUC03389	thiCEFSGH	RDBECOLIOPC00412	thiCEFSGH	RDBECOLIGNC02951,RDBECOLIGNC01538,RDBECOLIGNC01537,RDBECOLIGNC01536,RDBECOLIGNC01535,RDBECOLIGNC01534	thiS;thiH;thiG;thiF;thiE;thiC	RDBECOLIPMC02614	thiCp	4196281					b4407;b3990;b3991;b3992;b3993;b3994	4196099	4190735		Ecocyc:TU00365 
RDBECOLITUC03390	thrS-infC	RDBECOLIOPC03375	thrS-infC-rpmI-rplT-pheMST-ihfA	RDBECOLIGNC00498,RDBECOLIGNC00989	infC;thrS	RDBECOLIPMC02963	thrSp	1802733	RDBECOLITMC00203		RDBECOLITFC00038,RDBECOLITFC00039	NsrR,DksA	b1718;b1719	1802570	1800096	1800035-1800091	Ecocyc:TU00366 
RDBECOLITUC03391	ybgC-tolQRA	RDBECOLIOPC00932	ybgC-tolQRA	RDBECOLIGNC01095,RDBECOLIGNC00998,RDBECOLIGNC00999,RDBECOLIGNC00995	ybgC;tolQ;tolR;tolA								b0736;b0737;b0738;b0739	774752	777607		Ecocyc:TU00367 
RDBECOLITUC03392	ttdABT	RDBECOLIOPC00141	ttdABT	RDBECOLIGNC02251,RDBECOLIGNC01150,RDBECOLIGNC01151	ttdT;ttdA;ttdB	RDBECOLIPMC00358	ttdAp	3206424		sigma70	RDBECOLITFC00003,RDBECOLITFC00003,RDBECOLITFC00003,RDBECOLITFC00003,RDBECOLITFC00003	Dan,Dan,Dan,Dan,Dan	b3063;b3061;b3062	3206463	3209487		Ecocyc:TU00368 
RDBECOLITUC03393	ubiCA	RDBECOLIOPC01565	ubiCA	RDBECOLIGNC01336,RDBECOLIGNC01337	ubiC;ubiA	RDBECOLIPMC02811	ubiCp	4252443		sigma70	RDBECOLITFC00098,RDBECOLITFC00009,RDBECOLITFC00211,RDBECOLITFC00128	ArcA,NarL,IHF,FNR	b4039;b4040	4252506	4253888		Ecocyc:TU00369 
RDBECOLITUC03394	udk-dcd	RDBECOLIOPC02080	udk-dcd	RDBECOLIGNC01382,RDBECOLIGNC01642	dcd;udk						RDBECOLITFC00058	RbsR	b2065;b2066	2142948	2141634		Ecocyc:TU00370 
RDBECOLITUC03395	uhpABC	RDBECOLIOPC03544	ivbL-ilvBN-uhpABC	RDBECOLIGNC01041,RDBECOLIGNC01040,RDBECOLIGNC01039	uhpC;uhpB;uhpA								b3667;b3668;b3669	3850726	3847305		Ecocyc:TU00371 
RDBECOLITUC03396	uxaB	RDBECOLIOPC01571	uxaB	RDBECOLIGNC01053	uxaB								b1521	1610680	1609229		Ecocyc:TU00372 
RDBECOLITUC03397	xseB-ispA-dxs-yajO	RDBECOLIOPC01372	xseB-ispA-dxs-yajO	RDBECOLIGNC03120,RDBECOLIGNC03121,RDBECOLIGNC00500,RDBECOLIGNC01085	yajO;dxs;ispA;xseB	RDBECOLIPMC00444	xseBp	441373		sigma70			b0419;b0420;b0421;b0422	441343	437161		Ecocyc:TU00373 
RDBECOLITUC03398	xylFGHR	RDBECOLIOPC01971	xylFGHR	RDBECOLIGNC02443,RDBECOLIGNC02151,RDBECOLIGNC02152,RDBECOLIGNC02444	xylF;xylG;xylH;xylR	RDBECOLIPMC04018	xylFp	3731069			RDBECOLITFC00189,RDBECOLITFC00090,RDBECOLITFC00090,RDBECOLITFC00053,RDBECOLITFC00053,RDBECOLITFC00053	CRP,XylR,XylR,Fis,Fis,Fis	b3566;b3567;b3568;b3569	3731131	3736157		Ecocyc:TU00374 
RDBECOLITUC03399	dsdA	RDBECOLIOPC03580	dsdXA	RDBECOLIGNC00243	dsdA	RDBECOLIPMC03467	dsdAp	2479121		sigma70	RDBECOLITFC00189,RDBECOLITFC00222	CRP,DsdC	b2366	2479202	2480530		Ecocyc:TU00375 
RDBECOLITUC03400	focA-pflB	RDBECOLIOPC03576	focA-pflB	RDBECOLIGNC00692,RDBECOLIGNC01232	pflB;focA	RDBECOLIPMC03578	focAp1	954493	RDBECOLITMC00350	sigma70	RDBECOLITFC00098,RDBECOLITFC00098,RDBECOLITFC00128,RDBECOLITFC00211,RDBECOLITFC00189,RDBECOLITFC00009,RDBECOLITFC00009,RDBECOLITFC00009,RDBECOLITFC00009,RDBECOLITFC00009,RDBECOLITFC00009,RDBECOLITFC00009,RDBECOLITFC00009,RDBECOLITFC00098,RDBECOLITFC00009,RDBECOLITFC00009,RDBECOLITFC00009	ArcA,ArcA,FNR,IHF,CRP,NarL,NarL,NarL,NarL,NarL,NarL,NarL,NarL,ArcA,NarL,NarL,NarL	b0903;b0904	954466	951272	951207-951266	Ecocyc:TU00377 
RDBECOLITUC03401	focA-pflB	RDBECOLIOPC03576	focA-pflB	RDBECOLIGNC00692,RDBECOLIGNC01232	pflB;focA	RDBECOLIPMC03724	focAp2	954503	RDBECOLITMC00350	sigma70	RDBECOLITFC00170,RDBECOLITFC00098	CpxR,ArcA	b0903;b0904	954466	951272	951207-951266	Ecocyc:TU00378 
RDBECOLITUC03402	focA-pflB	RDBECOLIOPC03576	focA-pflB	RDBECOLIGNC00692,RDBECOLIGNC01232	pflB;focA	RDBECOLIPMC03579	focAp3	954814	RDBECOLITMC00350	sigma70	RDBECOLITFC00128,RDBECOLITFC00009,RDBECOLITFC00009,RDBECOLITFC00009,RDBECOLITFC00009,RDBECOLITFC00009,RDBECOLITFC00009,RDBECOLITFC00009,RDBECOLITFC00009,RDBECOLITFC00009,RDBECOLITFC00009,RDBECOLITFC00009	FNR,NarL,NarL,NarL,NarL,NarL,NarL,NarL,NarL,NarL,NarL,NarL	b0903;b0904	954466	951272	951207-951266	Ecocyc:TU00379 
RDBECOLITUC03403	pflB	RDBECOLIOPC03576	focA-pflB	RDBECOLIGNC00692	pflB	RDBECOLIPMC03725	pflBp1	953579	RDBECOLITMC00350		RDBECOLITFC00053	Fis	b0903	953554	951272	951207-951266	Ecocyc:TU00380 
RDBECOLITUC03404	pflB	RDBECOLIOPC03576	focA-pflB	RDBECOLIGNC00692	pflB	RDBECOLIPMC03726	pflBp2	953641	RDBECOLITMC00350				b0903	953554	951272	951207-951266	Ecocyc:TU00381 
RDBECOLITUC03405	pflB	RDBECOLIOPC03576	focA-pflB	RDBECOLIGNC00692	pflB	RDBECOLIPMC03727	pflBp3	953741	RDBECOLITMC00350				b0903	953554	951272	951207-951266	Ecocyc:TU00382 
RDBECOLITUC03406	pflB	RDBECOLIOPC03576	focA-pflB	RDBECOLIGNC00692	pflB	RDBECOLIPMC03728	pflBp4	953851	RDBECOLITMC00350				b0903	953554	951272	951207-951266	Ecocyc:TU00383 
RDBECOLITUC03407	pflB	RDBECOLIOPC03576	focA-pflB	RDBECOLIGNC00692	pflB	RDBECOLIPMC03729	pflBp5	953925	RDBECOLITMC00350				b0903	953554	951272	951207-951266	Ecocyc:TU00384 
RDBECOLITUC03408	ackA	RDBECOLIOPC01605	ackA-pta	RDBECOLIGNC00024	ackA	RDBECOLIPMC03731	ackAp	2413459		sigma32	RDBECOLITFC00135,RDBECOLITFC00128,RDBECOLITFC00098	Nac,FNR,ArcA	b2296	2413470	2414672		Ecocyc:TU00385 
RDBECOLITUC03409	bolA	RDBECOLIOPC01898	bolA	RDBECOLIGNC00121	bolA	RDBECOLIPMC03734	bolAp1	454434	RDBECOLITMC00008	sigma70	RDBECOLITFC00040,RDBECOLITFC00020	OmpR,H-NS	b0435	454472	454789	454844-454865	Ecocyc:TU00386 
RDBECOLITUC03410	cbpAM	RDBECOLIOPC03597	cbpA-cbpM	RDBECOLIGNC02078,RDBECOLIGNC02077	cbpM;cbpA	RDBECOLIPMC03737	cbpAp1	1063833		sigma70			b0999;b1000	1063775	1062550		Ecocyc:TU00387 
RDBECOLITUC03411	osmB	RDBECOLIOPC02368	osmB	RDBECOLIGNC00671	osmB	RDBECOLIPMC03738	osmBp1	1343476		sigma38	RDBECOLITFC00042	RcsB	b1283	1343328	1343110		Ecocyc:TU00388 
RDBECOLITUC03412	osmB	RDBECOLIOPC02368	osmB	RDBECOLIGNC00671	osmB	RDBECOLIPMC03739	osmBp2	1343369		sigma70			b1283	1343328	1343110		Ecocyc:TU00389 
RDBECOLITUC03413	csgBAC	RDBECOLIOPC02941	csgBAC	RDBECOLIGNC03413,RDBECOLIGNC03412,RDBECOLIGNC01444	csgC;csgB;csgA	RDBECOLIPMC03742	csgBp	1103859		sigma70	RDBECOLITFC00018,RDBECOLITFC00018,RDBECOLITFC00018,RDBECOLITFC00170,RDBECOLITFC00170,RDBECOLITFC00013,RDBECOLITFC00169,RDBECOLITFC00018,RDBECOLITFC00170	CsgD,CsgD,CsgD,CpxR,CpxR,FliZ,BtsR,CsgD,CpxR	b1043;b1041;b1042	1103951	1105293		Ecocyc:TU00390 
RDBECOLITUC03414	otsA	RDBECOLIOPC02985	otsBA	RDBECOLIGNC01687	otsA	RDBECOLIPMC03741	otsAp	1981651	RDBECOLITMC00106	sigma38			b1896	1981612	1980188	1980096-1980126	Ecocyc:TU00391 
RDBECOLITUC03415	csgDEFG	RDBECOLIOPC02780	csgDEFG	RDBECOLIGNC03408,RDBECOLIGNC03409,RDBECOLIGNC03410,RDBECOLIGNC03411	csgG;csgF;csgE;csgD	RDBECOLIPMC03743	csgDp1	1103344		sigma70	RDBECOLITFC00170,RDBECOLITFC00170,RDBECOLITFC00170,RDBECOLITFC00170,RDBECOLITFC00170,RDBECOLITFC00170,RDBECOLITFC00170,RDBECOLITFC00170,RDBECOLITFC00170,RDBECOLITFC00211,RDBECOLITFC00211,RDBECOLITFC00029,RDBECOLITFC00018,RDBECOLITFC00018,RDBECOLITFC00018,RDBECOLITFC00057,RDBECOLITFC00057,RDBECOLITFC00057,RDBECOLITFC00057,RDBECOLITFC00013,RDBECOLITFC00196,RDBECOLITFC00048,RDBECOLITFC00016,RDBECOLITFC00020,RDBECOLITFC00169,RDBECOLITFC00169,RDBECOLITFC00189,RDBECOLITFC00189,RDBECOLITFC00018,RDBECOLITFC00040,RDBECOLITFC00117,RDBECOLITFC00170,RDBECOLITFC00170,RDBECOLITFC00170,RDBECOLITFC00170,RDBECOLITFC00170,RDBECOLITFC00167	CpxR,CpxR,CpxR,CpxR,CpxR,CpxR,CpxR,CpxR,CpxR,IHF,IHF,MlrA,CsgD,CsgD,CsgD,Cra,Cra,Cra,Cra,FliZ,BasR,RcdA,MqsA,H-NS,BtsR,BtsR,CRP,CRP,CsgD,OmpR,RcsAB,CpxR,CpxR,CpxR,CpxR,CpxR,RstA	b1037;b1038;b1039;b1040	1103196	1100851		Ecocyc:TU00392 
RDBECOLITUC03416	stpA	RDBECOLIOPC02666	stpA	RDBECOLIGNC01506	stpA	RDBECOLIPMC03744	stpAp1	2798536		sigma70	RDBECOLITFC00014,RDBECOLITFC00014,RDBECOLITFC00014,RDBECOLITFC00020,RDBECOLITFC00066	Lrp,Lrp,Lrp,H-NS,StpA	b2669	2798495	2798091		Ecocyc:TU00393 
RDBECOLITUC03417	stpA	RDBECOLIOPC02666	stpA	RDBECOLIGNC01506	stpA	RDBECOLIPMC03745	stpAp2	2798556		sigma70			b2669	2798495	2798091		Ecocyc:TU00394 
RDBECOLITUC03418	stpA	RDBECOLIOPC02666	stpA	RDBECOLIGNC01506	stpA	RDBECOLIPMC03746	stpAp3	2798578					b2669	2798495	2798091		Ecocyc:TU00395 
RDBECOLITUC03419	treA	RDBECOLIOPC02290	treA	RDBECOLIGNC01005	treA	RDBECOLIPMC03590	treAp	1247425		sigma38			b1197	1247376	1245679		Ecocyc:TU00396 
RDBECOLITUC03420	treR	RDBECOLIOPC03430	treR	RDBECOLIGNC02085	treR	RDBECOLIPMC03748	treRp1	4467271	RDBECOLITMC00249	sigma70			b4241	4467246	4466299	4466284-4466298	Ecocyc:TU00397 
RDBECOLITUC03421	osmE	RDBECOLIOPC03192	osmE	RDBECOLIGNC00040	osmE	RDBECOLIPMC03750	osmEp	1822283	RDBECOLITMC00348	sigma70	RDBECOLITFC00053,RDBECOLITFC00053,RDBECOLITFC00053,RDBECOLITFC00211	Fis,Fis,Fis,IHF	b1739	1822256	1821918	1821865-1821886	Ecocyc:TU00398 
RDBECOLITUC03422	yjaZ	RDBECOLIOPC01893	yjaZ	RDBECOLIGNC01392	yjaZ	RDBECOLIPMC03759	yjaZp	4189753	RDBECOLITMC00059	sigma32			b3989	4189786	4190325	4190328-4190349	Ecocyc:TU00399 
RDBECOLITUC03423	htpX	RDBECOLIOPC00908	htpX	RDBECOLIGNC00455	htpX	RDBECOLIPMC03606	htpXp	1912618	RDBECOLITMC00347	sigma32			b1829	1912576	1911695	1911652-1911679	Ecocyc:TU00400 
RDBECOLITUC03424	htpG	RDBECOLIOPC01534	htpG	RDBECOLIGNC00454	htpG	RDBECOLIPMC03566	htpGp1	495075	RDBECOLITMC00346	sigma32	RDBECOLITFC00180	AscG	b0473	495120	496994	496998-497029	Ecocyc:TU00401 
RDBECOLITUC03425	htpG	RDBECOLIOPC01534	htpG	RDBECOLIGNC00454	htpG	RDBECOLIPMC03567	htpGp2	495084	RDBECOLITMC00346	sigma32			b0473	495120	496994	496998-497029	Ecocyc:TU00402 
RDBECOLITUC03426	yadV-htrE	RDBECOLIOPC02348	yadV-htrE	RDBECOLIGNC01894,RDBECOLIGNC01895	htrE;yadV	RDBECOLIPMC03761	yadVp2	156224		sigma38	RDBECOLITFC00211	IHF	b0139;b0140	156201	152829		Ecocyc:TU00403 
RDBECOLITUC03427	yadV-htrE	RDBECOLIOPC02348	yadV-htrE	RDBECOLIGNC01894,RDBECOLIGNC01895	htrE;yadV	RDBECOLIPMC03762	yadVp3	156214		sigma70	RDBECOLITFC00211	IHF	b0139;b0140	156201	152829		Ecocyc:TU00404 
RDBECOLITUC03428	htgA	RDBECOLIOPC02613	htgA	RDBECOLIGNC01464	mbiA	RDBECOLIPMC03763	htgAp1	10644		sigma32			b0012	10830	11315		Ecocyc:TU00405 
RDBECOLITUC03429	htgA	RDBECOLIOPC02613	htgA	RDBECOLIGNC01464	mbiA	RDBECOLIPMC03764	htgAp2	10643					b0012	10830	11315		Ecocyc:TU00406 
RDBECOLITUC03430	ibpAB	RDBECOLIOPC01937	ibpAB	RDBECOLIGNC01488,RDBECOLIGNC01487	ibpB;ibpA	RDBECOLIPMC03719	ibpAp	3867518		sigma32			b3686;b3687	3867422	3866469		Ecocyc:TU00407 
RDBECOLITUC03431	mngR	RDBECOLIOPC00946	mngR	RDBECOLIGNC01094	mngR	RDBECOLIPMC03765	mngRp	765926	RDBECOLITMC00210	sigma70	RDBECOLITFC00060,RDBECOLITFC00060	MngR,MngR	b0730	765875	765153	765104-765158	Ecocyc:TU00408 
RDBECOLITUC03432	fimB	RDBECOLIOPC02271	fimB	RDBECOLIGNC00303	fimB	RDBECOLIPMC03766	fimBp1	4540809		sigma70	RDBECOLITFC00020	H-NS	b4312	4540957	4541559		Ecocyc:TU00409 
RDBECOLITUC03433	fimB	RDBECOLIOPC02271	fimB	RDBECOLIGNC00303	fimB	RDBECOLIPMC03767	fimBp2	4540667			RDBECOLITFC00196,RDBECOLITFC00039,RDBECOLITFC00039,RDBECOLITFC00020,RDBECOLITFC00027,RDBECOLITFC00027,RDBECOLITFC00154,RDBECOLITFC00154,RDBECOLITFC00154,RDBECOLITFC00211	BasR,DksA,DksA,H-NS,NagC,NagC,NanR,NanR,NanR,IHF	b4312	4540957	4541559		Ecocyc:TU00410 
RDBECOLITUC03434	grpE	RDBECOLIOPC00653	grpE	RDBECOLIGNC00409	grpE	RDBECOLIPMC03635	grpEp	2750747		sigma32	RDBECOLITFC00189	CRP	b2614	2750708	2750115		Ecocyc:TU00411 
RDBECOLITUC03435	fimB	RDBECOLIOPC02271	fimB	RDBECOLIGNC00303	fimB	RDBECOLIPMC03768	fimBp3						b4312	4540957	4541559		Ecocyc:TU00412 
RDBECOLITUC03436	rlmE-ftsH	RDBECOLIOPC02414	rlmE-ftsH	RDBECOLIGNC01461,RDBECOLIGNC01462	ftsH;rlmE	RDBECOLIPMC03654	rlmEp2	3327731	RDBECOLITMC00343	sigma32			b3178;b3179	3327664	3325001	3324942-3324969	Ecocyc:TU00414 
RDBECOLITUC03437	fliAZY	RDBECOLIOPC02656	fliAZY	RDBECOLIGNC03888,RDBECOLIGNC01324,RDBECOLIGNC01323	tcyJ;fliZ;fliA	RDBECOLIPMC03770	fliAp1	2001819	RDBECOLITMC00325	sigma70	RDBECOLITFC00038,RDBECOLITFC00038,RDBECOLITFC00115,RDBECOLITFC00018,RDBECOLITFC00103,RDBECOLITFC00211,RDBECOLITFC00211,RDBECOLITFC00052,RDBECOLITFC00020	NsrR,NsrR,MatA,CsgD,SutR,IHF,IHF,FlhDC,H-NS	b1920;b1921;b1922	2001789	1999585	1999541-1999571	Ecocyc:TU00415 
RDBECOLITUC03438	gltA	RDBECOLIOPC03119	gltA	RDBECOLIGNC00395	gltA	RDBECOLIPMC03574	gltAp2	754670	RDBECOLITMC00170				b0720	754468	753185	753126-753163	Ecocyc:TU00416 
RDBECOLITUC03439	dnaKJ	RDBECOLIOPC03258	tpke11	RDBECOLIGNC02893,RDBECOLIGNC00235,RDBECOLIGNC00234	tpke11;dnaK;dnaJ	RDBECOLIPMC03543	dnaKp2	12123		sigma32			b0014;b0015	12163	15298		Ecocyc:TU00417 
RDBECOLITUC03440	dnaKJ	RDBECOLIOPC03258	tpke11	RDBECOLIGNC02893,RDBECOLIGNC00235,RDBECOLIGNC00234	tpke11;dnaK;dnaJ	RDBECOLIPMC03773	dnaKp3	12144		sigma32			b0014;b0015	12163	15298		Ecocyc:TU00418 
RDBECOLITUC03441	clpPX	RDBECOLIOPC03153	clpX-lon	RDBECOLIGNC00154,RDBECOLIGNC00155	clpP;clpX	RDBECOLIPMC03776	clpPp2	456646	RDBECOLITMC00342				b0437;b0438	456677	458700	458731-458755	Ecocyc:TU00419 
RDBECOLITUC03442	glgS	RDBECOLIOPC00598	glgS	RDBECOLIGNC01348	glgS	RDBECOLIPMC03775	glgSp2	3192002	RDBECOLITMC00045	sigma38			b3049	3191939	3191739	3191716-3191735	Ecocyc:TU00420 
RDBECOLITUC03443	clpB	RDBECOLIOPC02447	clpB	RDBECOLIGNC00153	clpB	RDBECOLIPMC03633	clpBp	2734205	RDBECOLITMC00202	sigma70			b2592	2734173	2731600	2731557-2731611	Ecocyc:TU00421 
RDBECOLITUC03444	hscBA-fdx-iscX	RDBECOLIOPC01196	hscBA-fdx-iscX	RDBECOLIGNC02183,RDBECOLIGNC01298,RDBECOLIGNC02027,RDBECOLIGNC02028	iscX;fdx;hscA;hscB	RDBECOLIPMC03779	hscBp	2659524	RDBECOLITMC00097	sigma70			b2524;b2525;b2526;b2527	2659467	2656536	2656506-2656530	Ecocyc:TU00423 
RDBECOLITUC03445	hypBCDE	RDBECOLIOPC03176	hypABCDE-fhlA	RDBECOLIGNC00477,RDBECOLIGNC00478,RDBECOLIGNC00479,RDBECOLIGNC00480	hypB;hypC;hypD;hypE	RDBECOLIPMC03780	hypBp	2850839	RDBECOLITMC00341		RDBECOLITFC00128,RDBECOLITFC00128	FNR,FNR	b2727;b2728;b2729;b2730	2851001	2854264	2854304-2854321	Ecocyc:TU00424 
RDBECOLITUC03446	icd	RDBECOLIOPC01922	icd	RDBECOLIGNC00482	icd	RDBECOLIPMC03781	icdAp2	1194961		sigma70	RDBECOLITFC00057	Cra	b1136	1195123	1196373		Ecocyc:TU00425 
RDBECOLITUC03447	rpoH	RDBECOLIOPC02770	rpoH	RDBECOLIGNC00887	rpoH	RDBECOLIPMC03777	rpoHp1	3601003	RDBECOLITMC00344	sigma70	RDBECOLITFC00170	CpxR	b3461	3600783	3599929	3599887-3599907	Ecocyc:TU00426 
RDBECOLITUC03448	rpoH	RDBECOLIOPC02770	rpoH	RDBECOLIGNC00887	rpoH	RDBECOLIPMC03778	rpoHp3	3600870	RDBECOLITMC00344	sigma24	RDBECOLITFC00114,RDBECOLITFC00017,RDBECOLITFC00189,RDBECOLITFC00189,RDBECOLITFC00114	CytR,DnaA,CRP,CRP,CytR	b3461	3600783	3599929	3599887-3599907	Ecocyc:TU00427 
RDBECOLITUC03449	lrhA	RDBECOLIOPC01568	lrhA	RDBECOLIGNC02021	lrhA	RDBECOLIPMC03782	lrhAp	2406656			RDBECOLITFC00190	LrhA	b2289	2406641	2405703		Ecocyc:TU00428 
RDBECOLITUC03450	lysU	RDBECOLIOPC03482	lysU	RDBECOLIGNC00545	lysU	RDBECOLIPMC03786	lysUp2	4354797					b4129	4354717	4353200		Ecocyc:TU00429 
RDBECOLITUC03451	trmA	RDBECOLIOPC02254	trmA	RDBECOLIGNC01010	trmA	RDBECOLIPMC03702	trmAp	4163295	RDBECOLITMC00041	sigma32	RDBECOLITFC00053	Fis	b3965	4163270	4162170	4162137-4162164	Ecocyc:TU00430 
RDBECOLITUC03452	uspA	RDBECOLIOPC03184	uspA	RDBECOLIGNC01356	uspA	RDBECOLIPMC03663	uspAp1	3639983	RDBECOLITMC00338	sigma70	RDBECOLITFC00126,RDBECOLITFC00126,RDBECOLITFC00211	FadR,FadR,IHF	b3495	3640111	3640545	3640570-3640591	Ecocyc:TU00431 
RDBECOLITUC03453	uspA	RDBECOLIOPC03184	uspA	RDBECOLIGNC01356	uspA	RDBECOLIPMC03787	uspAp2	3639998	RDBECOLITMC00338				b3495	3640111	3640545	3640570-3640591	Ecocyc:TU00432 
RDBECOLITUC03454	uspA	RDBECOLIOPC03184	uspA	RDBECOLIGNC01356	uspA	RDBECOLIPMC03788	uspAp3	3640000	RDBECOLITMC00338				b3495	3640111	3640545	3640570-3640591	Ecocyc:TU00433 
RDBECOLITUC03455	rpsU-dnaG-rpoD	RDBECOLIOPC03086	rpsU-dnaG-rpoD	RDBECOLIGNC00910,RDBECOLIGNC00233,RDBECOLIGNC00886	rpsU;dnaG;rpoD	RDBECOLIPMC03647	rpsUp2	3210712	RDBECOLITMC00356	sigma70	RDBECOLITFC00039	DksA	b3065;b3066;b3067	3210781	3214888	3214943-3214962	Ecocyc:TU00434 
RDBECOLITUC03456	rpsU-dnaG-rpoD	RDBECOLIOPC03086	rpsU-dnaG-rpoD	RDBECOLIGNC00910,RDBECOLIGNC00233,RDBECOLIGNC00886	rpsU;dnaG;rpoD	RDBECOLIPMC03789	rpsUp3	3210735	RDBECOLITMC00356	sigma70	RDBECOLITFC00214	LexA	b3065;b3066;b3067	3210781	3214888	3214943-3214962	Ecocyc:TU00435 
RDBECOLITUC03457	rpoD	RDBECOLIOPC03086	rpsU-dnaG-rpoD	RDBECOLIGNC00886	rpoD	RDBECOLIPMC03648	rpoDp1	3212473	RDBECOLITMC00356	sigma70			b3067	3213047	3214888	3214943-3214962	Ecocyc:TU00436 
RDBECOLITUC03458	rpoD	RDBECOLIOPC03086	rpsU-dnaG-rpoD	RDBECOLIGNC00886	rpoD	RDBECOLIPMC03649	rpoDp2	3212637	RDBECOLITMC00356	sigma70			b3067	3213047	3214888	3214943-3214962	Ecocyc:TU00437 
RDBECOLITUC03459	rpoD	RDBECOLIOPC03086	rpsU-dnaG-rpoD	RDBECOLIGNC00886	rpoD	RDBECOLIPMC03650	rpoDp3	3212688	RDBECOLITMC00356	sigma32			b3067	3213047	3214888	3214943-3214962	Ecocyc:TU00438 
RDBECOLITUC03460	upp-uraA	RDBECOLIOPC01181	upp-uraA	RDBECOLIGNC02026,RDBECOLIGNC01302	uraA;upp	RDBECOLIPMC03794	uppp	2620909		sigma70	RDBECOLITFC00128	FNR	b2497;b2498	2620872	2618871		Ecocyc:TU00439 
RDBECOLITUC03461	nlpD-rpoS	RDBECOLIOPC03347	nlpD-rpoS	RDBECOLIGNC00502,RDBECOLIGNC02010	rpoS;nlpD	RDBECOLIPMC03793	nlpDp2	2868782		sigma70			b2741;b2742	2868753	2866559		Ecocyc:TU00440 
RDBECOLITUC03462	rpoS	RDBECOLIOPC03347	nlpD-rpoS	RDBECOLIGNC00502	rpoS	RDBECOLIPMC03795	rpoSp	2868118		sigma70	RDBECOLITFC00016,RDBECOLITFC00187,RDBECOLITFC00189,RDBECOLITFC00189,RDBECOLITFC00098,RDBECOLITFC00098,RDBECOLITFC00093	MqsA,GadX,CRP,CRP,ArcA,ArcA,Fur	b2741	2867551	2866559		Ecocyc:TU00442 
RDBECOLITUC03463	epd-pgk	RDBECOLIOPC03598	epd-pgk-fbaA	RDBECOLIGNC00694,RDBECOLIGNC00361	pgk;epd	RDBECOLIPMC03796	epdp	3073823	RDBECOLITMC00298	sigma70	RDBECOLITFC00189,RDBECOLITFC00057	CRP,Cra	b2926;b2927	3073691	3071459	3071431-3071450	Ecocyc:TU00443 
RDBECOLITUC03464	cvpA-purF-ubiX	RDBECOLIOPC02416	cvpA-purF-ubiX	RDBECOLIGNC01032,RDBECOLIGNC00784,RDBECOLIGNC00165	ubiX;purF;cvpA	RDBECOLIPMC03620	cvpAp2	2430770	RDBECOLITMC00337				b2311;b2312;b2313	2430763	2428057	2428030-2428048	Ecocyc:TU00444 
RDBECOLITUC03465	clpA	RDBECOLIOPC03582	clpA	RDBECOLIGNC00152	clpA	RDBECOLIPMC03799	clpAp1	923080		sigma70			b0882	923264	925540		Ecocyc:TU00445 
RDBECOLITUC03466	clpA	RDBECOLIOPC03582	clpA	RDBECOLIGNC00152	clpA	RDBECOLIPMC03800	clpAp2	923092					b0882	923264	925540		Ecocyc:TU00446 
RDBECOLITUC03467	clpA	RDBECOLIOPC03582	clpA	RDBECOLIGNC00152	clpA	RDBECOLIPMC03801	clpAp3	923210					b0882	923264	925540		Ecocyc:TU00447 
RDBECOLITUC03468	nuoABCEFGHIJKLMN	RDBECOLIOPC03562	nuoABCEFGHIJKLMN	RDBECOLIGNC01994,RDBECOLIGNC01705,RDBECOLIGNC01993,RDBECOLIGNC01992,RDBECOLIGNC01991,RDBECOLIGNC01990,RDBECOLIGNC01989,RDBECOLIGNC01988,RDBECOLIGNC01706,RDBECOLIGNC01987,RDBECOLIGNC01986,RDBECOLIGNC01985,RDBECOLIGNC01984	nuoN;nuoM;nuoL;nuoK;nuoJ;nuoI;nuoH;nuoG;nuoF;nuoE;nuoC;nuoB;nuoA	RDBECOLIPMC03798	nuoAp1	2405335	RDBECOLITMC00336		RDBECOLITFC00053,RDBECOLITFC00053,RDBECOLITFC00053	Fis,Fis,Fis	b2276;b2277;b2278;b2279;b2280;b2281;b2282;b2283;b2284;b2285;b2286;b2287;b2288	2405072	2390048	2390005-2390023	Ecocyc:TU00448 
RDBECOLITUC03469	tsx	RDBECOLIOPC01845	tsx	RDBECOLIGNC01023	tsx	RDBECOLIPMC03564	tsxp1	432245	RDBECOLITMC00335	sigma70	RDBECOLITFC00147	DeoR	b0411	432013	431129	431096-431122	Ecocyc:TU00449 
RDBECOLITUC03470	tsx	RDBECOLIOPC01845	tsx	RDBECOLIGNC01023	tsx	RDBECOLIPMC03563	tsxp2	432091	RDBECOLITMC00335	sigma70	RDBECOLITFC00114,RDBECOLITFC00189,RDBECOLITFC00189,RDBECOLITFC00114,RDBECOLITFC00114,RDBECOLITFC00189,RDBECOLITFC00189	CytR,CRP,CRP,CytR,CytR,CRP,CRP	b0411	432013	431129	431096-431122	Ecocyc:TU00450 
RDBECOLITUC03471	yecM-cutC	RDBECOLIOPC00864	yecM-cutC	RDBECOLIGNC03875,RDBECOLIGNC03874	yecM;cutC				RDBECOLITMC00332				b1875;b1874	1959846	1958520	1958447-1958473	Ecocyc:TU00451 
RDBECOLITUC03472	endA	RDBECOLIOPC03147	endA	RDBECOLIGNC01306	endA	RDBECOLIPMC03805	endAp1	3090327	RDBECOLITMC00330,RDBECOLITMC00331				b2945	3090347	3091054	3091103-3091123;3091089-3091112	Ecocyc:TU00452 
RDBECOLITUC03473	endA	RDBECOLIOPC03147	endA	RDBECOLIGNC01306	endA	RDBECOLIPMC03806	endAp2	3090275	RDBECOLITMC00330,RDBECOLITMC00331				b2945	3090347	3091054	3091103-3091123;3091089-3091112	Ecocyc:TU00453 
RDBECOLITUC03474	sdaCB	RDBECOLIOPC00573	sdaCB	RDBECOLIGNC02038,RDBECOLIGNC01569	sdaC;sdaB								b2796;b2797	2928229	2930943		Ecocyc:TU00454 
RDBECOLITUC03475	corA	RDBECOLIOPC02293	corA	RDBECOLIGNC01424	corA	RDBECOLIPMC03807	corAp	4001194		sigma70			b3816	4001426	4002376		Ecocyc:TU00455 
RDBECOLITUC03476	soxR	RDBECOLIOPC01165	soxR	RDBECOLIGNC00945	soxR	RDBECOLIPMC03811	soxRp	4277447	RDBECOLITMC00328	sigma70	RDBECOLITFC00128,RDBECOLITFC00093,RDBECOLITFC00065,RDBECOLITFC00071	FNR,Fur,AcrR,SoxR	b4063	4277469	4277933	4277927-4277957	Ecocyc:TU00456 
RDBECOLITUC03477	livKHMGF	RDBECOLIOPC00304	livKHMGF	RDBECOLIGNC00528,RDBECOLIGNC00529,RDBECOLIGNC00533,RDBECOLIGNC00530,RDBECOLIGNC00532	livF;livG;livM;livH;livK	RDBECOLIPMC03817	livKp2	3597730					b3454;b3455;b3456;b3457;b3458	3597560	3592724		Ecocyc:TU00457 
RDBECOLITUC03478	emrRAB	RDBECOLIOPC01892	emrRAB	RDBECOLIGNC00595,RDBECOLIGNC01322,RDBECOLIGNC01402	mprA;emrA;emrB	RDBECOLIPMC03818	mprAp	2810747		sigma70	RDBECOLITFC00030	MprA	b2684;b2685;b2686	2810770	2814154		Ecocyc:TU00459 
RDBECOLITUC03479	fecIR	RDBECOLIOPC00912	fecIR	RDBECOLIGNC00286,RDBECOLIGNC00285	fecR;fecI	RDBECOLIPMC03470	fecIp	4518282		sigma70	RDBECOLITFC00136,RDBECOLITFC00093,RDBECOLITFC00093,RDBECOLITFC00093,RDBECOLITFC00093	SlyA,Fur,Fur,Fur,Fur	b4292;b4293	4518235	4516764		Ecocyc:TU00460 
RDBECOLITUC03480	appA	RDBECOLIOPC03085	appCBA-yccB	RDBECOLIGNC00045	appA	RDBECOLIPMC03821	appAp	1040599					b0980	1040617	1041915		Ecocyc:TU00461 
RDBECOLITUC03481	ppiA	RDBECOLIOPC03237	ppiA	RDBECOLIGNC00747	ppiA	RDBECOLIPMC03822	ppiAp1	3492335		sigma70	RDBECOLITFC00170	CpxR	b3363	3492297	3491725		Ecocyc:TU00463 
RDBECOLITUC03482	ppiA	RDBECOLIOPC03237	ppiA	RDBECOLIGNC00747	ppiA	RDBECOLIPMC03823	ppiAp2	3492395		sigma70	RDBECOLITFC00114,RDBECOLITFC00189,RDBECOLITFC00114,RDBECOLITFC00189,RDBECOLITFC00189	CytR,CRP,CytR,CRP,CRP	b3363	3492297	3491725		Ecocyc:TU00464 
RDBECOLITUC03483	ppiA	RDBECOLIOPC03237	ppiA	RDBECOLIGNC00747	ppiA	RDBECOLIPMC03824	ppiAp3	3492430		sigma70	RDBECOLITFC00114,RDBECOLITFC00189,RDBECOLITFC00189,RDBECOLITFC00114,RDBECOLITFC00189	CytR,CRP,CRP,CytR,CRP	b3363	3492297	3491725		Ecocyc:TU00465 
RDBECOLITUC03484	ppiA	RDBECOLIOPC03237	ppiA	RDBECOLIGNC00747	ppiA	RDBECOLIPMC03825	ppiAp4	3492449		sigma70	RDBECOLITFC00114,RDBECOLITFC00189,RDBECOLITFC00114	CytR,CRP,CytR	b3363	3492297	3491725		Ecocyc:TU00466 
RDBECOLITUC03485	cadBA	RDBECOLIOPC00429	cadBA	RDBECOLIGNC00127,RDBECOLIGNC00128	cadA;cadB	RDBECOLIPMC03826	cadBp	4360106		sigma70	RDBECOLITFC00014,RDBECOLITFC00040,RDBECOLITFC00204,RDBECOLITFC00123,RDBECOLITFC00187,RDBECOLITFC00204,RDBECOLITFC00020,RDBECOLITFC00020,RDBECOLITFC00020,RDBECOLITFC00020,RDBECOLITFC00098,RDBECOLITFC00020	Lrp,OmpR,CadC,GadRcs,GadX,CadC,H-NS,H-NS,H-NS,H-NS,ArcA,H-NS	b4131;b4132	4360031	4356470		Ecocyc:TU00467 
RDBECOLITUC03486	dcuB-fumB	RDBECOLIOPC02725	dcuB-fumB	RDBECOLIGNC00350,RDBECOLIGNC00005	fumB;dcuB	RDBECOLIPMC03829	dcuBp1	4348764	RDBECOLITMC00349	sigma70	RDBECOLITFC00189,RDBECOLITFC00128,RDBECOLITFC00009,RDBECOLITFC00009,RDBECOLITFC00009,RDBECOLITFC00009,RDBECOLITFC00009,RDBECOLITFC00009	CRP,FNR,NarL,NarL,NarL,NarL,NarL,NarL	b4122;b4123	4348744	4345680	4345631-4345650	Ecocyc:TU00468 
RDBECOLITUC03487	glgCAP	RDBECOLIOPC03304	glgBXCAP	RDBECOLIGNC00373,RDBECOLIGNC00370,RDBECOLIGNC00372	glgP;glgA;glgC	RDBECOLIPMC03827	glgCp2	3569455	RDBECOLITMC00212				b3428;b3429;b3430	3569328	3564134	3564082-3564136	Ecocyc:TU00469 
RDBECOLITUC03488	glgCAP	RDBECOLIOPC03304	glgBXCAP	RDBECOLIGNC00373,RDBECOLIGNC00370,RDBECOLIGNC00372	glgP;glgA;glgC	RDBECOLIPMC03828	glgCp3	3569571	RDBECOLITMC00212	sigma38			b3428;b3429;b3430	3569328	3564134	3564082-3564136	Ecocyc:TU00470 
RDBECOLITUC03489	fliAZY	RDBECOLIOPC02656	fliAZY	RDBECOLIGNC03888,RDBECOLIGNC01324,RDBECOLIGNC01323	tcyJ;fliZ;fliA	RDBECOLIPMC03830	fliAp2	2001808	RDBECOLITMC00325	sigma28	RDBECOLITFC00038,RDBECOLITFC00038	NsrR,NsrR	b1920;b1921;b1922	2001789	1999585	1999541-1999571	Ecocyc:TU00471 
RDBECOLITUC03490	rpsU	RDBECOLIOPC03086	rpsU-dnaG-rpoD	RDBECOLIGNC00910	rpsU	RDBECOLIPMC03646	rpsUp1	3210646	RDBECOLITMC00326	sigma70			b3065	3210781	3210996	3211042-3211072	Ecocyc:TU00472 
RDBECOLITUC03491	glnB	RDBECOLIOPC03583	glrR-glnB	RDBECOLIGNC00377	glnB	RDBECOLIPMC03831	glnBp1	2687441		sigma70	RDBECOLITFC00121	PurR	b2553	2687408	2687070		Ecocyc:TU00473 
RDBECOLITUC03492	glnB	RDBECOLIOPC03583	glrR-glnB	RDBECOLIGNC00377	glnB	RDBECOLIPMC03832	glnBp3	2687526					b2553	2687408	2687070		Ecocyc:TU00474 
RDBECOLITUC03493	cvpA-purF-ubiX	RDBECOLIOPC02416	cvpA-purF-ubiX	RDBECOLIGNC01032,RDBECOLIGNC00784,RDBECOLIGNC00165	ubiX;purF;cvpA	RDBECOLIPMC03833	cvpAp1	2430800	RDBECOLITMC00337	sigma70	RDBECOLITFC00121	PurR	b2311;b2312;b2313	2430763	2428057	2428030-2428048	Ecocyc:TU00475 
RDBECOLITUC03494	ompC	RDBECOLIOPC03118	ompC	RDBECOLIGNC00662	ompC	RDBECOLIPMC03835	ompCp2	2312864	RDBECOLITMC00018		RDBECOLITFC00014,RDBECOLITFC00014,RDBECOLITFC00014,RDBECOLITFC00014,RDBECOLITFC00014,RDBECOLITFC00014,RDBECOLITFC00014,RDBECOLITFC00014,RDBECOLITFC00014	Lrp,Lrp,Lrp,Lrp,Lrp,Lrp,Lrp,Lrp,Lrp	b2215	2312749	2311646	2311610-2311624	Ecocyc:TU00476 
RDBECOLITUC03495	ompC	RDBECOLIOPC03118	ompC	RDBECOLIGNC00662	ompC	RDBECOLIPMC03834	ompCp3	2312887	RDBECOLITMC00018		RDBECOLITFC00014,RDBECOLITFC00014,RDBECOLITFC00014,RDBECOLITFC00014,RDBECOLITFC00014,RDBECOLITFC00014,RDBECOLITFC00014,RDBECOLITFC00014,RDBECOLITFC00014,RDBECOLITFC00211	Lrp,Lrp,Lrp,Lrp,Lrp,Lrp,Lrp,Lrp,Lrp,IHF	b2215	2312749	2311646	2311610-2311624	Ecocyc:TU00477 
RDBECOLITUC03496	yhfA	RDBECOLIOPC00029	yhfA	RDBECOLIGNC01163	yhfA	RDBECOLIPMC03836	yhfAp	3485951		sigma70	RDBECOLITFC00189,RDBECOLITFC00189	CRP,CRP	b3356	3485818	3485414		Ecocyc:TU00478 
RDBECOLITUC03497	ptsHI-crr	RDBECOLIOPC03268	ptsHI-crr	RDBECOLIGNC00778,RDBECOLIGNC00779,RDBECOLIGNC00161	ptsH;ptsI;crr	RDBECOLIPMC03624	ptsHp4	2533501	RDBECOLITMC00265	sigma70	RDBECOLITFC00027,RDBECOLITFC00189,RDBECOLITFC00219	NagC,CRP,Mlc	b2415;b2416;b2417	2533764	2536343	2536363-2536380	Ecocyc:TU00479 
RDBECOLITUC03498	ptsHI-crr	RDBECOLIOPC03268	ptsHI-crr	RDBECOLIGNC00778,RDBECOLIGNC00779,RDBECOLIGNC00161	ptsH;ptsI;crr	RDBECOLIPMC03837	ptsHp5	2533498	RDBECOLITMC00265	sigma32	RDBECOLITFC00027,RDBECOLITFC00189	NagC,CRP	b2415;b2416;b2417	2533764	2536343	2536363-2536380	Ecocyc:TU00480 
RDBECOLITUC03499	ptsHI-crr	RDBECOLIOPC03268	ptsHI-crr	RDBECOLIGNC00778,RDBECOLIGNC00779,RDBECOLIGNC00161	ptsH;ptsI;crr	RDBECOLIPMC03838	ptsHp3	2533507	RDBECOLITMC00265		RDBECOLITFC00027	NagC	b2415;b2416;b2417	2533764	2536343	2536363-2536380	Ecocyc:TU00481 
RDBECOLITUC03500	ptsHI-crr	RDBECOLIOPC03268	ptsHI-crr	RDBECOLIGNC00778,RDBECOLIGNC00779,RDBECOLIGNC00161	ptsH;ptsI;crr	RDBECOLIPMC03625	ptsHp2	2533601	RDBECOLITMC00265	sigma70	RDBECOLITFC00057,RDBECOLITFC00189	Cra,CRP	b2415;b2416;b2417	2533764	2536343	2536363-2536380	Ecocyc:TU00482 
RDBECOLITUC03501	ptsHI-crr	RDBECOLIOPC03268	ptsHI-crr	RDBECOLIGNC00778,RDBECOLIGNC00779,RDBECOLIGNC00161	ptsH;ptsI;crr	RDBECOLIPMC03839	ptsHp1	2533608	RDBECOLITMC00265		RDBECOLITFC00189,RDBECOLITFC00057	CRP,Cra	b2415;b2416;b2417	2533764	2536343	2536363-2536380	Ecocyc:TU00483 
RDBECOLITUC03502	pyrLBI	RDBECOLIOPC02726	pyrLBI	RDBECOLIGNC01251,RDBECOLIGNC00801,RDBECOLIGNC00795	pyrL;pyrI;pyrB	RDBECOLIPMC03711	pyrLp2	4472553	RDBECOLITMC00061				b4246;b4244;b4245	4472533	4470986	4472426-4472445	Ecocyc:TU00484 
RDBECOLITUC03503	pyrLBI	RDBECOLIOPC02726	pyrLBI	RDBECOLIGNC01251,RDBECOLIGNC00801,RDBECOLIGNC00795	pyrL;pyrI;pyrB	RDBECOLIPMC03712	pyrLp1	4472745	RDBECOLITMC00061				b4246;b4244;b4245	4472533	4470986	4472426-4472445	Ecocyc:TU00485 
RDBECOLITUC03504	rcsA	RDBECOLIOPC00061	rcsA	RDBECOLIGNC00810	rcsA	RDBECOLIPMC03840	rcsAp	2023836		sigma70	RDBECOLITFC00117,RDBECOLITFC00077,RDBECOLITFC00117,RDBECOLITFC00020	RcsAB,GadE,RcsAB,H-NS	b1951	2023968	2024591		Ecocyc:TU00486 
RDBECOLITUC03505	rpoN-hpf-ptsN-yhbJ-npr	RDBECOLIOPC03605	lptAB-rpoN-hpf-ptsN-rapZ-npr	RDBECOLIGNC00888,RDBECOLIGNC01622,RDBECOLIGNC01623,RDBECOLIGNC02041,RDBECOLIGNC02042	rpoN;hpf;ptsN;rapZ;npr	RDBECOLIPMC03843	rpoNp	3344662	RDBECOLITMC00280	sigma70			b3202;b3203;b3204;b3205;b3206	3344717	3348238	3348261-3348289	Ecocyc:TU00487 
RDBECOLITUC03506	glmUS	RDBECOLIOPC02000	glmUS	RDBECOLIGNC00375,RDBECOLIGNC01178	glmS;glmU	RDBECOLIPMC03847	glmUp2	3915326	RDBECOLITMC00355	sigma70	RDBECOLITFC00027,RDBECOLITFC00027	NagC,NagC	b3729;b3730	3915200	3911839	3911810-3911830	Ecocyc:TU00488 
RDBECOLITUC03507	aspV	RDBECOLIOPC02257	aspV	RDBECOLIGNC02463	aspV	RDBECOLIPMC03848	aspVp	236913	RDBECOLITMC00172	sigma70	RDBECOLITFC00053	Fis	b0216	236931	237007	237031-237067	Ecocyc:TU00489 
RDBECOLITUC03508	thrW	RDBECOLIOPC01137	thrW	RDBECOLIGNC02541	thrW	RDBECOLIPMC03849	thrWp	262841		sigma70	RDBECOLITFC00053	Fis	b0244	262871	262946		Ecocyc:TU00490 
RDBECOLITUC03509	argU	RDBECOLIOPC00282	argU	RDBECOLIGNC02452	argU	RDBECOLIPMC03850	argUp	564703		sigma70	RDBECOLITFC00053	Fis	b0536	564723	564799		Ecocyc:TU00491 
RDBECOLITUC03510	lysT-valT-lysW	RDBECOLIOPC01862	lysT-valT-lysW	RDBECOLIGNC02492,RDBECOLIGNC02546,RDBECOLIGNC02494	lysT;valT;lysW	RDBECOLIPMC03851	lysTp	780514		sigma70	RDBECOLITFC00053	Fis	b0743;b0744;b0745	780554	780918		Ecocyc:TU00492 
RDBECOLITUC03511	valVW	RDBECOLIOPC00883	valVW	RDBECOLIGNC02548,RDBECOLIGNC02549	valV;valW	RDBECOLIPMC03852	valVp	1746415		sigma70			b1665;b1666	1746435	1746592		Ecocyc:TU00493 
RDBECOLITUC03512	proL	RDBECOLIOPC00017	proL	RDBECOLIGNC02504	proL	RDBECOLIPMC03856	proLp	2286207	RDBECOLITMC00190	sigma70	RDBECOLITFC00053	Fis	b2189	2286211	2286287	2286295-2286331	Ecocyc:TU00494 
RDBECOLITUC03513	valUXY-lysV	RDBECOLIOPC01503	valUXY-lysV	RDBECOLIGNC02547,RDBECOLIGNC02550,RDBECOLIGNC02551,RDBECOLIGNC02493	valU;valX;valY;lysV	RDBECOLIPMC03858	valUp	2520924	RDBECOLITMC00182	sigma70	RDBECOLITFC00053,RDBECOLITFC00053,RDBECOLITFC00053	Fis,Fis,Fis	b2401;b2402;b2403;b2404	2520931	2521328	2521485-2521519	Ecocyc:TU00495 
RDBECOLITUC03514	metZWV	RDBECOLIOPC00587	metZWV	RDBECOLIGNC02499,RDBECOLIGNC02554,RDBECOLIGNC02497	metZ;metW;metV	RDBECOLIPMC03859	metZp	2947382	RDBECOLITMC00110,RDBECOLITMC00111	sigma70			b2814;b2815;b2816	2947387	2947683	2947691-2947717;2947736-2947756	Ecocyc:TU00496 
RDBECOLITUC03515	asnT	RDBECOLIOPC02179	asnT	RDBECOLIGNC02458	asnT	RDBECOLIPMC03853	asnTp	2044541	RDBECOLITMC00188	sigma70			b1977	2044549	2044624	2044704-2044750	Ecocyc:TU00497 
RDBECOLITUC03516	asnU	RDBECOLIOPC01183	asnU	RDBECOLIGNC02459	asnU	RDBECOLIPMC03854	asnUp	2059845	RDBECOLITMC00197	sigma70			b1986	2059851	2059926	2059930-2059966	Ecocyc:TU00498 
RDBECOLITUC03517	asnV	RDBECOLIOPC00319	asnV	RDBECOLIGNC02460	asnV	RDBECOLIPMC03855	asnVp	2062252		sigma70			b1989	2062260	2062335		Ecocyc:TU00499 
RDBECOLITUC03518	argW	RDBECOLIOPC01801	argW	RDBECOLIGNC02454	argW	RDBECOLIPMC03857	argWp	2466308		sigma70	RDBECOLITFC00053	Fis	b2348	2466309	2466383		Ecocyc:TU00500 
RDBECOLITUC03519	pheV	RDBECOLIOPC00826	pheV	RDBECOLIGNC02502	pheV	RDBECOLIPMC03860	pheVp	3110365	RDBECOLITMC00173	sigma70	RDBECOLITFC00053	Fis	b2967	3110366	3110441	3110445-3110477	Ecocyc:TU00501 
RDBECOLITUC03520	ileX	RDBECOLIOPC00050	ileX	RDBECOLIGNC02483	ileX	RDBECOLIPMC03861	ileXp	3215597	RDBECOLITMC00192	sigma70			b3069	3215598	3215673	3215675-3215716	Ecocyc:TU00502 
RDBECOLITUC03521	argX-hisR-leuT-proM	RDBECOLIOPC01444	argX-hisR-leuT-proM	RDBECOLIGNC02455,RDBECOLIGNC02479,RDBECOLIGNC02486,RDBECOLIGNC02505	argX;hisR;leuT;proM	RDBECOLIPMC03862	argXp	3982364	RDBECOLITMC00163	sigma70	RDBECOLITFC00039,RDBECOLITFC00039,RDBECOLITFC00053	DksA,DksA,Fis	b3796;b3797;b3798;b3799	3982375	3982811	3982813-3982841	Ecocyc:TU00503 
RDBECOLITUC03522	thrU-tyrU-glyT-thrT-tufB	RDBECOLIOPC00539	thrU-tyrU-glyT-thrT-tufB	RDBECOLIGNC01025,RDBECOLIGNC02539,RDBECOLIGNC02544,RDBECOLIGNC02473,RDBECOLIGNC02538	tufB;thrU;tyrU;glyT;thrT	RDBECOLIPMC03863	thrUp	4175381	RDBECOLITMC00160	sigma70	RDBECOLITFC00053,RDBECOLITFC00053,RDBECOLITFC00053	Fis,Fis,Fis	b3980;b3976;b3977;b3978;b3979	4175388	4177128	4177158-4177185	Ecocyc:TU00504 
RDBECOLITUC03523	glyVXY	RDBECOLIOPC02237	glyVXY	RDBECOLIGNC02475,RDBECOLIGNC02477,RDBECOLIGNC02478	glyV;glyX;glyY	RDBECOLIPMC03864	glyVp	4392313		sigma70			b4163;b4164;b4165	4392360	4392658		Ecocyc:TU00505 
RDBECOLITUC03524	leuX	RDBECOLIOPC01124	leuX	RDBECOLIGNC02490	leuX	RDBECOLIPMC03865	leuXp	4496386	RDBECOLITMC00196	sigma70	RDBECOLITFC00053	Fis	b4270	4496405	4496489	4496494-4496529	Ecocyc:TU00506 
RDBECOLITUC03525	metT-leuW-glnUW-metU-glnVX	RDBECOLIOPC02927	metT-leuW-glnUW-metU-glnVX	RDBECOLIGNC02468,RDBECOLIGNC02466,RDBECOLIGNC02496,RDBECOLIGNC02467,RDBECOLIGNC02465,RDBECOLIGNC02489,RDBECOLIGNC02495	glnX;glnV;metU;glnW;glnU;leuW;metT	RDBECOLIPMC03866	metTp	697163	RDBECOLITMC00157	sigma70	RDBECOLITFC00053	Fis	b0664;b0665;b0666;b0668;b0670;b0672;b0673	697133	696430	696392-696429	Ecocyc:TU00507 
RDBECOLITUC03526	serW	RDBECOLIOPC03572	infA-serW	RDBECOLIGNC02533	serW	RDBECOLIPMC03867	serWp2	926006	RDBECOLITMC00161	sigma70			b0883	925971	925884	925843-925871	Ecocyc:TU00508 
RDBECOLITUC03527	serT	RDBECOLIOPC00868	serT	RDBECOLIGNC02530	serT	RDBECOLIPMC03868	serTp	1031719	RDBECOLITMC00159,RDBECOLITMC00158	sigma70	RDBECOLITFC00053	Fis	b0971	1031712	1031625	1031551-1031574;1031590-1031617	Ecocyc:TU00509 
RDBECOLITUC03528	serX	RDBECOLIOPC00002	serX	RDBECOLIGNC02534	serX	RDBECOLIPMC03869	serXp	1097676	RDBECOLITMC00184,RDBECOLITMC00185,RDBECOLITMC00186,RDBECOLITMC00183	sigma70	RDBECOLITFC00053	Fis	b1032	1097652	1097565	1097341-1097380;1097160-1097199;1096979-1097018;1097522-1097561	Ecocyc:TU00510 
RDBECOLITUC03529	tyrTV-tpr	RDBECOLIOPC02745	tyrTV-tpr	RDBECOLIGNC01004,RDBECOLIGNC02545,RDBECOLIGNC02543	tpr;tyrV;tyrT	RDBECOLIPMC03870	tyrTp	1287665	RDBECOLITMC00156	sigma70	RDBECOLITFC00053,RDBECOLITFC00053,RDBECOLITFC00053	Fis,Fis,Fis	b1229;b1230;b1231	1287622	1287087	1287009-1287033	Ecocyc:TU00511 
RDBECOLITUC03530	glyW-cysT-leuZ	RDBECOLIOPC00576	glyW-cysT-leuZ	RDBECOLIGNC02726,RDBECOLIGNC02491,RDBECOLIGNC04692,RDBECOLIGNC02476	3'ETS-<i>leuZ</i>;leuZ;cysT;glyW	RDBECOLIPMC03871	glyWp	1992180	RDBECOLITMC00187	sigma70			b4759;b1909;b1910;b1911	1992117	1991748	1991745-1991778	Ecocyc:TU00512 
RDBECOLITUC03531	serU	RDBECOLIOPC02160	serU	RDBECOLIGNC02531	serU	RDBECOLIPMC03872	serUp	2043562		sigma70			b1975	2043557	2043468		Ecocyc:TU00513 
RDBECOLITUC03532	alaWX	RDBECOLIOPC01168	alaWX	RDBECOLIGNC02450,RDBECOLIGNC02449	alaX;alaW	RDBECOLIPMC03873	alaWp	2518253	RDBECOLITMC00191	sigma70	RDBECOLITFC00053	Fis	b2396;b2397	2518231	2518041	2518002-2518041	Ecocyc:TU00514 
RDBECOLITUC03533	serV-argVYZQ	RDBECOLIOPC03049	serV-argVYZQ	RDBECOLIGNC02451,RDBECOLIGNC02457,RDBECOLIGNC02456,RDBECOLIGNC02453,RDBECOLIGNC02532	argQ;argZ;argY;argV;serV	RDBECOLIPMC03874	serVp	2818697		sigma70			b2691;b2692;b2693;b2694;b2695	2818645	2817784		Ecocyc:TU00515 
RDBECOLITUC03534	glyU	RDBECOLIOPC01786	glyU	RDBECOLIGNC02474	glyU	RDBECOLIPMC03875	glyUp	2999064		sigma70	RDBECOLITFC00053	Fis	b2864	2999057	2998984		Ecocyc:TU00516 
RDBECOLITUC03535	metY-yhbC-nusA-infB	RDBECOLIOPC03608	metY-yhbC-nusA-infB-rbfA-truB-rpsO-pnp	RDBECOLIGNC00497,RDBECOLIGNC00657,RDBECOLIGNC01160,RDBECOLIGNC02498	infB;nusA;rimP;metY	RDBECOLIPMC03653	metYp1	3318297	RDBECOLITMC00217	sigma70	RDBECOLITFC00053	Fis	b3168;b3169;b3170;b3171	3318289	3313342	3313185-3313239	Ecocyc:TU00517 
RDBECOLITUC03536	leuU	RDBECOLIOPC01830	secG-leuU	RDBECOLIGNC02487	leuU	RDBECOLIPMC03877	leuUp	3322278		sigma70			b3174	3322158	3322072		Ecocyc:TU00518 
RDBECOLITUC03537	proK	RDBECOLIOPC01430	proK	RDBECOLIGNC02503	proK	RDBECOLIPMC03878	proKp	3708694	RDBECOLITMC00193,RDBECOLITMC00194	sigma70	RDBECOLITFC00053	Fis	b3545	3708692	3708616	3708577-3708615;3708409-3708447	Ecocyc:TU00519 
RDBECOLITUC03538	pheU	RDBECOLIOPC00530	pheU	RDBECOLIGNC02501	pheU	RDBECOLIPMC03879	pheUp	4362627	RDBECOLITMC00195	sigma70	RDBECOLITFC00053	Fis	b4134	4362626	4362551	4362509-4362548	Ecocyc:TU00520 
RDBECOLITUC03539	leuQPV	RDBECOLIOPC02890	leuQPV	RDBECOLIGNC02488,RDBECOLIGNC02484,RDBECOLIGNC02485	leuV;leuP;leuQ	RDBECOLIPMC03880	leuQp	4606432		sigma70	RDBECOLITFC00053	Fis	b4368;b4369;b4370	4606401	4606079		Ecocyc:TU00521 
RDBECOLITUC03540	pdhR-aceEF-lpdA	RDBECOLIOPC03350	pdhR-aceEF-lpdA	RDBECOLIGNC01075,RDBECOLIGNC00021,RDBECOLIGNC00022,RDBECOLIGNC00535	pdhR;aceE;aceF;lpd	RDBECOLIPMC03550	pdhRp	122034	RDBECOLITMC00246	sigma70	RDBECOLITFC00057,RDBECOLITFC00169,RDBECOLITFC00169,RDBECOLITFC00189,RDBECOLITFC00189,RDBECOLITFC00189,RDBECOLITFC00189,RDBECOLITFC00189,RDBECOLITFC00189,RDBECOLITFC00128,RDBECOLITFC00158,RDBECOLITFC00128	Cra,BtsR,BtsR,CRP,CRP,CRP,CRP,CRP,CRP,FNR,PdhR,FNR	b0113;b0114;b0115;b0116	122092	129336	129366-129394	Ecocyc:TU00522 
RDBECOLITUC03541	lpdA	RDBECOLIOPC03350	pdhR-aceEF-lpdA	RDBECOLIGNC00535	lpd	RDBECOLIPMC03552	lpdAp	127717	RDBECOLITMC00246	sigma70	RDBECOLITFC00093,RDBECOLITFC00093,RDBECOLITFC00128,RDBECOLITFC00053,RDBECOLITFC00128,RDBECOLITFC00189,RDBECOLITFC00098,RDBECOLITFC00098	Fur,Fur,FNR,Fis,FNR,CRP,ArcA,ArcA	b0116	127912	129336	129366-129394	Ecocyc:TU00523 
RDBECOLITUC03542	sdhCDAB-sucABCD-sdhX	RDBECOLIOPC03446	sdhCDAB-sucABCD-sdhX	RDBECOLIGNC03257,RDBECOLIGNC02812,RDBECOLIGNC00921,RDBECOLIGNC00922,RDBECOLIGNC00919,RDBECOLIGNC00920,RDBECOLIGNC00967,RDBECOLIGNC00968,RDBECOLIGNC00969,RDBECOLIGNC00970	b0725;sdhX;sdhC;sdhD;sdhA;sdhB;sucA;sucB;sucC;sucD	RDBECOLIPMC03425	sdhCp	754958		sigma70	RDBECOLITFC00093,RDBECOLITFC00098,RDBECOLITFC00098,RDBECOLITFC00189,RDBECOLITFC00098,RDBECOLITFC00098,RDBECOLITFC00098,RDBECOLITFC00128	Fur,ArcA,ArcA,CRP,ArcA,ArcA,ArcA,FNR	b0725;b4764;b0721;b0722;b0723;b0724;b0726;b0727;b0728;b0729	755177	765150		Ecocyc:TU00524 
RDBECOLITUC03543	rseABC	RDBECOLIOPC03603	rseD-rpoE-rseABC	RDBECOLIGNC04172,RDBECOLIGNC04173,RDBECOLIGNC02211	rseC;rseB;rseA	RDBECOLIPMC03842	rseAp3	2709632		sigma24	RDBECOLITFC00039,RDBECOLITFC00039	DksA,DksA	b2570;b2571;b2572	2709404	2707322		Ecocyc:TU00526 
RDBECOLITUC03544	pykF	RDBECOLIOPC03586	pykF	RDBECOLIGNC00794	pykF	RDBECOLIPMC03791	pykFp	1755467		sigma70	RDBECOLITFC00057	Cra	b1676	1755698	1757110		Ecocyc:TU00527 
RDBECOLITUC03545	uxuAB	RDBECOLIOPC01474	uxuAB	RDBECOLIGNC02441,RDBECOLIGNC01054	uxuB;uxuA	RDBECOLIPMC03882	uxuAp	4551518		sigma70	RDBECOLITFC00093,RDBECOLITFC00216,RDBECOLITFC00216,RDBECOLITFC00189,RDBECOLITFC00189,RDBECOLITFC00001,RDBECOLITFC00142,RDBECOLITFC00001,RDBECOLITFC00142	Fur,OxyR,OxyR,CRP,CRP,ExuR,UxuR,ExuR,UxuR	b4323;b4322	4551636	4554361		Ecocyc:TU101 
RDBECOLITUC03546	aldA	RDBECOLIOPC00563	aldA	RDBECOLIGNC00032	aldA	RDBECOLIPMC03935	aldAp	1488190		sigma70	RDBECOLITFC00074,RDBECOLITFC00051,RDBECOLITFC00201,RDBECOLITFC00189,RDBECOLITFC00128,RDBECOLITFC00098,RDBECOLITFC00098,RDBECOLITFC00098,RDBECOLITFC00017,RDBECOLITFC00098,RDBECOLITFC00098	MarA,Rob,SoxS,CRP,FNR,ArcA,ArcA,ArcA,DnaA,ArcA,ArcA	b1415	1488232	1489671		Ecocyc:TU102 
RDBECOLITUC03547	putP	RDBECOLIOPC02886	putP	RDBECOLIGNC00792	putP	RDBECOLIPMC03890	putPp1	1079168	RDBECOLITMC00358	sigma70	RDBECOLITFC00195,RDBECOLITFC00195	PutA,PutA	b1015	1079305	1080813	1080794-1080838	Ecocyc:TU103 
RDBECOLITUC03548	putP	RDBECOLIOPC02886	putP	RDBECOLIGNC00792	putP	RDBECOLIPMC03583	putPp2	1079179	RDBECOLITMC00358				b1015	1079305	1080813	1080794-1080838	Ecocyc:TU104 
RDBECOLITUC03549	putP	RDBECOLIOPC02886	putP	RDBECOLIGNC00792	putP	RDBECOLIPMC03584	putPp3	1079185	RDBECOLITMC00358				b1015	1079305	1080813	1080794-1080838	Ecocyc:TU121 
RDBECOLITUC03550	putP	RDBECOLIOPC02886	putP	RDBECOLIGNC00792	putP	RDBECOLIPMC03585	putPp4	1079210	RDBECOLITMC00358	sigma70	RDBECOLITFC00189,RDBECOLITFC00189,RDBECOLITFC00189	CRP,CRP,CRP	b1015	1079305	1080813	1080794-1080838	Ecocyc:TU122 
RDBECOLITUC03551	putP	RDBECOLIOPC02886	putP	RDBECOLIGNC00792	putP	RDBECOLIPMC03586	putPp5	1079291	RDBECOLITMC00358				b1015	1079305	1080813	1080794-1080838	Ecocyc:TU123 
RDBECOLITUC03552	caiF	RDBECOLIOPC00034	caiF	RDBECOLIGNC02984	caiF	RDBECOLIPMC03948	caiFp	34218		sigma70	RDBECOLITFC00128,RDBECOLITFC00189,RDBECOLITFC00020,RDBECOLITFC00009	FNR,CRP,H-NS,NarL	b0034	34300	34695		Ecocyc:TU141 
RDBECOLITUC03553	fixABCX	RDBECOLIOPC01417	fixABCX	RDBECOLIGNC01517,RDBECOLIGNC01516,RDBECOLIGNC01515,RDBECOLIGNC01514	fixX;fixC;fixB;fixA	RDBECOLIPMC03949	fixAp	42325		sigma70	RDBECOLITFC00119,RDBECOLITFC00119,RDBECOLITFC00128,RDBECOLITFC00119,RDBECOLITFC00119,RDBECOLITFC00189,RDBECOLITFC00189	CaiF,CaiF,FNR,CaiF,CaiF,CRP,CRP	b0044;b0043;b0042;b0041	42403	45750		Ecocyc:TU142 
RDBECOLITUC03554	ompR-envZ	RDBECOLIOPC03369	ompR-envZ	RDBECOLIGNC00263,RDBECOLIGNC00664	envZ;ompR	RDBECOLIPMC03925	ompRp1	3536707	RDBECOLITMC00218	sigma70	RDBECOLITFC00211,RDBECOLITFC00211,RDBECOLITFC00211,RDBECOLITFC00189	IHF,IHF,IHF,CRP	b3404;b3405	3536584	3534516	3534473-3534527	Ecocyc:TU161 
RDBECOLITUC03555	ompR-envZ	RDBECOLIOPC03369	ompR-envZ	RDBECOLIGNC00263,RDBECOLIGNC00664	envZ;ompR	RDBECOLIPMC03926	ompRp3	3536639	RDBECOLITMC00218	sigma70	RDBECOLITFC00189	CRP	b3404;b3405	3536584	3534516	3534473-3534527	Ecocyc:TU162 
RDBECOLITUC03556	ompR-envZ	RDBECOLIOPC03369	ompR-envZ	RDBECOLIGNC00263,RDBECOLIGNC00664	envZ;ompR	RDBECOLIPMC03927	ompRp4	3536755	RDBECOLITMC00218	sigma70	RDBECOLITFC00189	CRP	b3404;b3405	3536584	3534516	3534473-3534527	Ecocyc:TU163 
RDBECOLITUC03557	lldPRD	RDBECOLIOPC00248	lldPRD	RDBECOLIGNC01886,RDBECOLIGNC01885,RDBECOLIGNC01884	lldD;lldR;lldP	RDBECOLIPMC03928	lldPp	3777289		sigma70	RDBECOLITFC00037,RDBECOLITFC00098,RDBECOLITFC00098,RDBECOLITFC00037,RDBECOLITFC00037	LldR,ArcA,ArcA,LldR,LldR	b3605;b3604;b3603	3777399	3781017		Ecocyc:TU164 
RDBECOLITUC03558	fimAICDFGH	RDBECOLIOPC01816	fimAICDFGH	RDBECOLIGNC04739,RDBECOLIGNC00305,RDBECOLIGNC00309,RDBECOLIGNC00308,RDBECOLIGNC00307,RDBECOLIGNC00304,RDBECOLIGNC01896,RDBECOLIGNC00302	fimR2;fimD;fimH;fimG;fimF;fimC;fimI;fimA	RDBECOLIPMC03929	fimAp	4542694		sigma70	RDBECOLITFC00094,RDBECOLITFC00053,RDBECOLITFC00020,RDBECOLITFC00211,RDBECOLITFC00014,RDBECOLITFC00014,RDBECOLITFC00014,RDBECOLITFC00211	QseB,Fis,H-NS,IHF,Lrp,Lrp,Lrp,IHF	b4838;b4317;b4320;b4319;b4318;b4316;b4315;b4314	4543115	4549710		Ecocyc:TU182 
RDBECOLITUC03559	fimE	RDBECOLIOPC00841	fimE	RDBECOLIGNC00306	fimE	RDBECOLIPMC03930	fimEp	4541871	RDBECOLITMC00010	sigma70	RDBECOLITFC00190,RDBECOLITFC00014,RDBECOLITFC00020	LrhA,Lrp,H-NS	b4313	4542037	4542633	4542851-4542902	Ecocyc:TU183 
RDBECOLITUC03560	tolB-pal-ybgF	RDBECOLIOPC02560	tolB-pal-ybgF	RDBECOLIGNC02397,RDBECOLIGNC00676,RDBECOLIGNC00996	cpoB;pal;tolB								b0742;b0741;b0740	777740	780389		Ecocyc:TU21 
RDBECOLITUC03561	rpoH	RDBECOLIOPC02770	rpoH	RDBECOLIGNC00887	rpoH	RDBECOLIPMC03960	rpoHp6	3600813	RDBECOLITMC00344	sigma54	RDBECOLITFC00211	IHF	b3461	3600783	3599929	3599887-3599907	Ecocyc:TU221 
RDBECOLITUC03562	msrA	RDBECOLIOPC00552	msrA	RDBECOLIGNC01396	msrA	RDBECOLIPMC03934	msrAp	4442261			RDBECOLITFC00053,RDBECOLITFC00053	Fis,Fis	b4219	4442176	4441538		Ecocyc:TU241 
RDBECOLITUC03563	ampC	RDBECOLIOPC02127	ampC	RDBECOLIGNC00036	ampC	RDBECOLIPMC03709	ampCp	4379003	RDBECOLITMC00359	sigma70	RDBECOLITFC00116,RDBECOLITFC00116	BolA,BolA	b4150	4378944	4377811	4377783-4377800	Ecocyc:TU243 
RDBECOLITUC03564	eda	RDBECOLIOPC01404	edd-eda	RDBECOLIGNC00250	eda	RDBECOLIPMC03609	edap1	1933109	RDBECOLITMC00272		RDBECOLITFC00031	KdgR	b1850	1932756	1932115	1932085-1932105	Ecocyc:TU25 
RDBECOLITUC03565	smtA-mukFEB	RDBECOLIOPC01753	smtA-mukFEB	RDBECOLIGNC00610,RDBECOLIGNC01226,RDBECOLIGNC02056,RDBECOLIGNC02058	mukB;mukE;mukF;cmoM	RDBECOLIPMC03951	cmoMp	973404		sigma70	RDBECOLITFC00020	H-NS	b0924;b0923;b0922;b0921	973537	980786		Ecocyc:TU261 
RDBECOLITUC03566	mobAB	RDBECOLIOPC00784	mobAB	RDBECOLIGNC01757,RDBECOLIGNC01758	mobB;mobA	RDBECOLIPMC03952	mobAp1	4042030					b3856;b3857	4041999	4040906		Ecocyc:TU262 
RDBECOLITUC03567	mobAB	RDBECOLIOPC00784	mobAB	RDBECOLIGNC01757,RDBECOLIGNC01758	mobB;mobA	RDBECOLIPMC03953	mobAp2	4042121					b3856;b3857	4041999	4040906		Ecocyc:TU263 
RDBECOLITUC03568	eda	RDBECOLIOPC01404	edd-eda	RDBECOLIGNC00250	eda	RDBECOLIPMC03608	edap2	1932799	RDBECOLITMC00272				b1850	1932756	1932115	1932085-1932105	Ecocyc:TU26 
RDBECOLITUC03569	eda	RDBECOLIOPC01404	edd-eda	RDBECOLIGNC00250	eda	RDBECOLIPMC03607	edap3	1932784	RDBECOLITMC00272		RDBECOLITFC00202	PhoB	b1850	1932756	1932115	1932085-1932105	Ecocyc:TU27 
RDBECOLITUC03570	rseD-rpoE-rseABC	RDBECOLIOPC03603	rseD-rpoE-rseABC	RDBECOLIGNC02764,RDBECOLIGNC04172,RDBECOLIGNC04173,RDBECOLIGNC02211,RDBECOLIGNC01824	rseD;rseC;rseB;rseA;rpoE	RDBECOLIPMC03954	rseDp4	2710186			RDBECOLITFC00170	CpxR	b4725;b2570;b2571;b2572;b2573	2710164	2707322		Ecocyc:TU281 
RDBECOLITUC03571	xapAB	RDBECOLIOPC03595	xapAB	RDBECOLIGNC02423,RDBECOLIGNC04701	xapB;xapA	RDBECOLIPMC03973	xapAp	2524910	RDBECOLITMC00367	sigma70	RDBECOLITFC00069,RDBECOLITFC00069	XapR,XapR	b2406;b2407	2524878	2522729	2522698-2522720	Ecocyc:TU301 
RDBECOLITUC03572	tauABCD	RDBECOLIOPC03327	tauABCD	RDBECOLIGNC02276,RDBECOLIGNC03107,RDBECOLIGNC03106,RDBECOLIGNC03105	tauD;tauC;tauB;tauA	RDBECOLIPMC03974	tauAp	385205			RDBECOLITFC00070,RDBECOLITFC00152,RDBECOLITFC00152,RDBECOLITFC00152	Cbl,CysB,CysB,CysB	b0368;b0367;b0366;b0365	385232	388646		Ecocyc:TU302 
RDBECOLITUC03573	ychQA-kdsA	RDBECOLIOPC01798	ychQA-kdsA	RDBECOLIGNC00510,RDBECOLIGNC01225,RDBECOLIGNC03492	kdsA;ychA;ychQ	RDBECOLIPMC03955	ychQp	1266899	RDBECOLITMC00043	sigma70			b1215;b1214;b1213	1266924	1269019	1269039-1269067	Ecocyc:TU305 
RDBECOLITUC03574	kdsA	RDBECOLIOPC01798	ychQA-kdsA	RDBECOLIGNC00510	kdsA	RDBECOLIPMC03956	kdsAp	1267854	RDBECOLITMC00043	sigma70			b1215	1268165	1269019	1269039-1269067	Ecocyc:TU306 
RDBECOLITUC03575	metY-yhbC-nusA-infB-rbfA-truB-rpsO-pnp	RDBECOLIOPC03608	metY-yhbC-nusA-infB-rbfA-truB-rpsO-pnp	RDBECOLIGNC00733,RDBECOLIGNC00904,RDBECOLIGNC01158,RDBECOLIGNC01159,RDBECOLIGNC00497,RDBECOLIGNC00657,RDBECOLIGNC01160,RDBECOLIGNC02498	pnp;rpsO;truB;rbfA;infB;nusA;rimP;metY	RDBECOLIPMC03876	metYp2	3318375	RDBECOLITMC00363	sigma70	RDBECOLITFC00109,RDBECOLITFC00109,RDBECOLITFC00109,RDBECOLITFC00189	ArgR,ArgR,ArgR,CRP	b3164;b3165;b3166;b3167;b3168;b3169;b3170;b3171	3318289	3309033	3308999-3309021	Ecocyc:TU341 
RDBECOLITUC03576	metY	RDBECOLIOPC03608	metY-yhbC-nusA-infB-rbfA-truB-rpsO-pnp	RDBECOLIGNC02498	metY	RDBECOLIPMC03653	metYp1	3318297	RDBECOLITMC00017,RDBECOLITMC00016	sigma70	RDBECOLITFC00053	Fis	b3171	3318289	3318213	3318031-3318043;3318072-3318087	Ecocyc:TU343 
RDBECOLITUC03577	arcA	RDBECOLIOPC03437	arcA	RDBECOLIGNC00057	arcA	RDBECOLIPMC03917	arcAp1	4640508	RDBECOLITMC00003	sigma70	RDBECOLITFC00128	FNR	b4401	4640306	4639590	4639539-4639572	Ecocyc:TU344 
RDBECOLITUC03578	arcA	RDBECOLIOPC03437	arcA	RDBECOLIGNC00057	arcA	RDBECOLIPMC03918	arcAp2	4640512	RDBECOLITMC00003	sigma70			b4401	4640306	4639590	4639539-4639572	Ecocyc:TU345 
RDBECOLITUC03579	arcA	RDBECOLIOPC03437	arcA	RDBECOLIGNC00057	arcA	RDBECOLIPMC03920	arcAp3	4640535	RDBECOLITMC00003	sigma70	RDBECOLITFC00128	FNR	b4401	4640306	4639590	4639539-4639572	Ecocyc:TU346 
RDBECOLITUC03580	arcA	RDBECOLIOPC03437	arcA	RDBECOLIGNC00057	arcA	RDBECOLIPMC03921	arcAp4	4640599	RDBECOLITMC00003	sigma70			b4401	4640306	4639590	4639539-4639572	Ecocyc:TU347 
RDBECOLITUC03581	arcA	RDBECOLIOPC03437	arcA	RDBECOLIGNC00057	arcA	RDBECOLIPMC03922	arcAp6	4640688	RDBECOLITMC00003	sigma70			b4401	4640306	4639590	4639539-4639572	Ecocyc:TU348 
RDBECOLITUC03582	arcA	RDBECOLIOPC03437	arcA	RDBECOLIGNC00057	arcA	RDBECOLIPMC03923	arcAp7	4640801	RDBECOLITMC00003	sigma70			b4401	4640306	4639590	4639539-4639572	Ecocyc:TU352 
RDBECOLITUC03583	arcA	RDBECOLIOPC03437	arcA	RDBECOLIGNC00057	arcA	RDBECOLIPMC03961	arcAp5	4640681	RDBECOLITMC00003	sigma70			b4401	4640306	4639590	4639539-4639572	Ecocyc:TU354 
RDBECOLITUC03584	putA	RDBECOLIOPC01386	putA	RDBECOLIGNC00791	putA	RDBECOLIPMC03924	putAp	1078925		sigma70	RDBECOLITFC00195,RDBECOLITFC00195,RDBECOLITFC00196,RDBECOLITFC00074,RDBECOLITFC00195	PutA,PutA,BasR,MarA,PutA	b1014	1078882	1074920		Ecocyc:TU355 
RDBECOLITUC03585	nmpC	RDBECOLIOPC00491	nmpC	RDBECOLIGNC00651	nmpC	RDBECOLIPMC03962	nmpCp	576870			RDBECOLITFC00189,RDBECOLITFC00189,RDBECOLITFC00040,RDBECOLITFC00211,RDBECOLITFC00030	CRP,CRP,OmpR,IHF,MprA	b0553	576825	574529		Ecocyc:TU356 
RDBECOLITUC03586	cydAB	RDBECOLIOPC03593	cydAB	RDBECOLIGNC00169,RDBECOLIGNC00168	cydB;cydA	RDBECOLIPMC03963	cydAp2	771284		sigma70	RDBECOLITFC00128,RDBECOLITFC00098,RDBECOLITFC00020,RDBECOLITFC00128	FNR,ArcA,H-NS,FNR	b0734;b0733	771458	774181		Ecocyc:TU358 
RDBECOLITUC03587	cutA	RDBECOLIOPC01079	cutA	RDBECOLIGNC02065	cutA	RDBECOLIPMC03964	cutAp	4365392		sigma70			b4137	4365356	4365018		Ecocyc:TU359 
RDBECOLITUC03588	cmk-rpsA	RDBECOLIOPC03575	rpsA-ihfB	RDBECOLIGNC00890,RDBECOLIGNC01238	rpsA;cmk	RDBECOLIPMC03965	cmkp	961165	RDBECOLITMC00211	sigma70			b0911;b0910	961201	963668	963662-963716	Ecocyc:TU361 
RDBECOLITUC03589	ybgA-phr	RDBECOLIOPC02896	ybgA-phr	RDBECOLIGNC00726,RDBECOLIGNC01093	phr;ybgA	RDBECOLIPMC03966	ybgAp1	738980		sigma38			b0708;b0707	739001	740925		Ecocyc:TU362 
RDBECOLITUC03590	napFDAGHBC-ccmABCDEFGH	RDBECOLIOPC01540	napFDAGHBC-ccmABCDEFGH	RDBECOLIGNC01961,RDBECOLIGNC01962,RDBECOLIGNC01963,RDBECOLIGNC01964,RDBECOLIGNC02060,RDBECOLIGNC01965,RDBECOLIGNC01966,RDBECOLIGNC01967,RDBECOLIGNC01968,RDBECOLIGNC01969,RDBECOLIGNC01970,RDBECOLIGNC01971,RDBECOLIGNC01972,RDBECOLIGNC02039,RDBECOLIGNC01973	ccmH;ccmG;ccmF;ccmE;ccmD;ccmC;ccmB;ccmA;napC;napB;napH;napG;napA;napD;napF	RDBECOLIPMC03967	napFp2	2303577		sigma70	RDBECOLITFC00052,RDBECOLITFC00034,RDBECOLITFC00085,RDBECOLITFC00009,RDBECOLITFC00009,RDBECOLITFC00085	FlhDC,ModE,NarP,NarL,NarL,NarP	b2194;b2195;b2196;b2197;b2198;b2199;b2200;b2201;b2202;b2203;b2204;b2205;b2206;b2207;b2208	2303497	2291358		Ecocyc:TU363 
RDBECOLITUC03591	phr	RDBECOLIOPC02896	ybgA-phr	RDBECOLIGNC00726	phr	RDBECOLIPMC03968	phrp	739421			RDBECOLITFC00214,RDBECOLITFC00214	LexA,LexA	b0708	739507	740925		Ecocyc:TU365 
RDBECOLITUC03592	plaR	RDBECOLIOPC01429	plaR	RDBECOLIGNC02154	plaR	RDBECOLIPMC03969	plaRp	3742618		sigma70	RDBECOLITFC00082,RDBECOLITFC00211,RDBECOLITFC00189	PlaR,IHF,CRP	b3574	3742532	3741684		Ecocyc:TU368 
RDBECOLITUC03593	gadBC	RDBECOLIOPC03512	gadBC	RDBECOLIGNC03640,RDBECOLIGNC01445	gadC;gadB	RDBECOLIPMC03970	gadBp	1572072	RDBECOLITMC00307	sigma70	RDBECOLITFC00042,RDBECOLITFC00176,RDBECOLITFC00187,RDBECOLITFC00187,RDBECOLITFC00187,RDBECOLITFC00187,RDBECOLITFC00023,RDBECOLITFC00023,RDBECOLITFC00023,RDBECOLITFC00023,RDBECOLITFC00023,RDBECOLITFC00023,RDBECOLITFC00023,RDBECOLITFC00023,RDBECOLITFC00013,RDBECOLITFC00187,RDBECOLITFC00187,RDBECOLITFC00077,RDBECOLITFC00187,RDBECOLITFC00187,RDBECOLITFC00189,RDBECOLITFC00053,RDBECOLITFC00053,RDBECOLITFC00053,RDBECOLITFC00053	RcsB,AdiY,GadX,GadX,GadX,GadX,GadW,GadW,GadW,GadW,GadW,GadW,GadW,GadW,FliZ,GadX,GadX,GadE,GadX,GadX,CRP,Fis,Fis,Fis,Fis	b1492;b1493	1572045	1568954	1568904-1568930	Ecocyc:TU369 
RDBECOLITUC03594	trpCBA	RDBECOLIOPC03145	trpLEDCBA	RDBECOLIGNC01012,RDBECOLIGNC01013,RDBECOLIGNC01014	trpA;trpB;trpC	RDBECOLIPMC03593	trpCp	1319944		sigma70			b1260;b1261;b1262	1319788	1316416		Ecocyc:TU3 
RDBECOLITUC03595	glpEGR	RDBECOLIOPC03420	glpEGR	RDBECOLIGNC00393,RDBECOLIGNC00390,RDBECOLIGNC00388	glpR;glpG;glpE	RDBECOLIPMC03975	glpEp	3561849	RDBECOLITMC00308		RDBECOLITFC00189	CRP	b3423;b3424;b3425	3561823	3559848	3559754-3559831	Ecocyc:TU401 
RDBECOLITUC03596	glpGR	RDBECOLIOPC03420	glpEGR	RDBECOLIGNC00393,RDBECOLIGNC00390	glpR;glpG	RDBECOLIPMC03976	glpGp	3561480	RDBECOLITMC00308				b3423;b3424	3561452	3559848	3559754-3559831	Ecocyc:TU402 
RDBECOLITUC03597	glpR	RDBECOLIOPC03420	glpEGR	RDBECOLIGNC00393	glpR	RDBECOLIPMC03977	glpRp1	3560891	RDBECOLITMC00308				b3423	3560605	3559848	3559754-3559831	Ecocyc:TU403 
RDBECOLITUC03598	glpR	RDBECOLIOPC03420	glpEGR	RDBECOLIGNC00393	glpR	RDBECOLIPMC03978	glpRp2	3560756	RDBECOLITMC00308				b3423	3560605	3559848	3559754-3559831	Ecocyc:TU404 
RDBECOLITUC03599	cmr	RDBECOLIOPC03445	cmr	RDBECOLIGNC03309	mdfA	RDBECOLIPMC03981	cmrp1	883649	RDBECOLITMC00309				b0842	883673	884905	884910-884938	Ecocyc:TU423 
RDBECOLITUC03600	hydN-hypF	RDBECOLIOPC03194	hydN-hypF	RDBECOLIGNC01503,RDBECOLIGNC01504	hypF;hydN	RDBECOLIPMC03982	hydNp	2838132		sigma54	RDBECOLITFC00052,RDBECOLITFC00072	FlhDC,FhlA	b2712;b2713	2838105	2835173		Ecocyc:TU424 
RDBECOLITUC03601	acpP-fabF	RDBECOLIOPC03600	rpmF-plsX-fabHDG	RDBECOLIGNC02324,RDBECOLIGNC02557	fabF;acpP	RDBECOLIPMC03983	acpPp	1151575		sigma70			b1095;b1094	1151615	1153180		Ecocyc:TU441 
RDBECOLITUC03602	fabDG-acpP	RDBECOLIOPC03600	rpmF-plsX-fabHDG	RDBECOLIGNC02557,RDBECOLIGNC01288,RDBECOLIGNC01287	acpP;fabG;fabD								b1094;b1093;b1092	1149728	1151851		Ecocyc:TU442 
RDBECOLITUC03603	fabG-acpP	RDBECOLIOPC03600	rpmF-plsX-fabHDG	RDBECOLIGNC02557,RDBECOLIGNC01288	acpP;fabG								b1094;b1093	1150670	1151851		Ecocyc:TU443 
RDBECOLITUC03604	dadAX	RDBECOLIOPC03001	dadAX	RDBECOLIGNC01373,RDBECOLIGNC01372	dadX;dadA	RDBECOLIPMC03984	dadAp1	1237509		sigma70	RDBECOLITFC00014,RDBECOLITFC00014,RDBECOLITFC00014,RDBECOLITFC00014,RDBECOLITFC00014,RDBECOLITFC00014,RDBECOLITFC00189,RDBECOLITFC00189,RDBECOLITFC00014,RDBECOLITFC00014,RDBECOLITFC00014,RDBECOLITFC00014,RDBECOLITFC00014,RDBECOLITFC00189	Lrp,Lrp,Lrp,Lrp,Lrp,Lrp,CRP,CRP,Lrp,Lrp,Lrp,Lrp,Lrp,CRP	b1190;b1189	1237571	1239949		Ecocyc:TU461 
RDBECOLITUC03605	dadAX	RDBECOLIOPC03001	dadAX	RDBECOLIGNC01373,RDBECOLIGNC01372	dadX;dadA	RDBECOLIPMC03985	dadAp3	1237538		sigma70	RDBECOLITFC00014,RDBECOLITFC00014,RDBECOLITFC00014,RDBECOLITFC00014,RDBECOLITFC00014,RDBECOLITFC00014,RDBECOLITFC00189,RDBECOLITFC00189,RDBECOLITFC00014,RDBECOLITFC00014,RDBECOLITFC00014,RDBECOLITFC00014,RDBECOLITFC00014	Lrp,Lrp,Lrp,Lrp,Lrp,Lrp,CRP,CRP,Lrp,Lrp,Lrp,Lrp,Lrp	b1190;b1189	1237571	1239949		Ecocyc:TU462 
RDBECOLITUC03606	garPLRK-rnpB	RDBECOLIOPC03288	garPLRK-rnpB	RDBECOLIGNC02506,RDBECOLIGNC01156,RDBECOLIGNC01157,RDBECOLIGNC00014,RDBECOLIGNC02374	rnpB;garK;garR;garL;garP	RDBECOLIPMC03986	garPp	3274934	RDBECOLITMC00310	sigma70	RDBECOLITFC00093,RDBECOLITFC00128,RDBECOLITFC00133,RDBECOLITFC00020	Fur,FNR,CdaR,H-NS	b3123;b3124;b3125;b3126;b3127	3274907	3270216	3269959-3269992	Ecocyc:TU482 
RDBECOLITUC03607	rnc-era-recO-pdxJ-acpS	RDBECOLIOPC02497	rnc-era-recO-pdxJ-acpS	RDBECOLIGNC00241,RDBECOLIGNC00684,RDBECOLIGNC00822,RDBECOLIGNC00264,RDBECOLIGNC00847	acpS;pdxJ;recO;era;rnc	RDBECOLIPMC03987	rncp	2704223		sigma70			b2563;b2564;b2565;b2566;b2567	2704063	2700618		Ecocyc:TU483 
RDBECOLITUC03608	pdxJ-acpS	RDBECOLIOPC02497	rnc-era-recO-pdxJ-acpS	RDBECOLIGNC00241,RDBECOLIGNC00684	acpS;pdxJ	RDBECOLIPMC03988	pdxJp	2701813					b2563;b2564	2701729	2700618		Ecocyc:TU484 
RDBECOLITUC03609	hupA	RDBECOLIOPC00518	hupA	RDBECOLIGNC00459	hupA	RDBECOLIPMC03989	hupAp	4200176	RDBECOLITMC00311		RDBECOLITFC00053,RDBECOLITFC00053,RDBECOLITFC00053,RDBECOLITFC00053,RDBECOLITFC00189	Fis,Fis,Fis,Fis,CRP	b4000	4200281	4200553	4200582-4200601	Ecocyc:TU486 
RDBECOLITUC03610	hupB	RDBECOLIOPC02069	hupB	RDBECOLIGNC00460	hupB	RDBECOLIPMC03990	hupBp1	461442	RDBECOLITMC00312,RDBECOLITMC00313				b0440	461451	461723	461730-461742;461759-461778	Ecocyc:TU487 
RDBECOLITUC03611	hupB	RDBECOLIOPC02069	hupB	RDBECOLIGNC00460	hupB	RDBECOLIPMC03991	hupBp2	461395	RDBECOLITMC00312,RDBECOLITMC00313	sigma70	RDBECOLITFC00053,RDBECOLITFC00053,RDBECOLITFC00053,RDBECOLITFC00053	Fis,Fis,Fis,Fis	b0440	461451	461723	461730-461742;461759-461778	Ecocyc:TU488 
RDBECOLITUC03612	hupB	RDBECOLIOPC02069	hupB	RDBECOLIGNC00460	hupB	RDBECOLIPMC03992	hupBp3	461332	RDBECOLITMC00312,RDBECOLITMC00313	sigma70	RDBECOLITFC00189,RDBECOLITFC00053,RDBECOLITFC00053,RDBECOLITFC00053,RDBECOLITFC00053	CRP,Fis,Fis,Fis,Fis	b0440	461451	461723	461730-461742;461759-461778	Ecocyc:TU489 
RDBECOLITUC03613	hupB	RDBECOLIOPC02069	hupB	RDBECOLIGNC00460	hupB	RDBECOLIPMC03993	hupBp4	461305	RDBECOLITMC00312,RDBECOLITMC00313				b0440	461451	461723	461730-461742;461759-461778	Ecocyc:TU490 
RDBECOLITUC03614	xseA	RDBECOLIOPC00750	xseA	RDBECOLIGNC01060	xseA	RDBECOLIPMC03994	xseAp	2634197		sigma70	RDBECOLITFC00074,RDBECOLITFC00189	MarA,CRP	b2509	2634232	2635602		Ecocyc:TU491 
RDBECOLITUC03615	paaZ	RDBECOLIOPC02085	paaZ	RDBECOLIGNC03568	paaZ	RDBECOLIPMC03972	paaZp	1453670			RDBECOLITFC00211,RDBECOLITFC00189,RDBECOLITFC00113	IHF,CRP,PaaX	b1387	1453642	1451597		Ecocyc:TU4 
RDBECOLITUC03616	feaR	RDBECOLIOPC03594	feaR	RDBECOLIGNC03567	feaR	RDBECOLIPMC03996	feaRp	1447367					b1384	1447283	1446378		Ecocyc:TU501 
RDBECOLITUC03617	cfa	RDBECOLIOPC03494	cfa	RDBECOLIGNC01484	cfa	RDBECOLIPMC03997	cfap1	1741201		sigma70			b1661	1741413	1742561		Ecocyc:TU502 
RDBECOLITUC03618	cfa	RDBECOLIOPC03494	cfa	RDBECOLIGNC01484	cfa	RDBECOLIPMC03998	cfap2	1741379		sigma38			b1661	1741413	1742561		Ecocyc:TU503 
RDBECOLITUC03619	relA-mazEF	RDBECOLIOPC03285	relA-mazEF	RDBECOLIGNC01223,RDBECOLIGNC00563,RDBECOLIGNC00825	mazF;mazE;relA	RDBECOLIPMC03642	relAp1	2913829		sigma70	RDBECOLITFC00220,RDBECOLITFC00137	HipB,HipAB	b2782;b2783;b2784	2913651	2910756		Ecocyc:TU521 
RDBECOLITUC03620	mazEFG	RDBECOLIOPC03285	relA-mazEF	RDBECOLIGNC00564,RDBECOLIGNC01223,RDBECOLIGNC00563	mazG;mazF;mazE	RDBECOLIPMC03999	mazEp1	2911368			RDBECOLITFC00215,RDBECOLITFC00215,RDBECOLITFC00178,RDBECOLITFC00178,RDBECOLITFC00053	MazE,MazE,MazEF,MazEF,Fis	b2781;b2782;b2783	2911339	2909894		Ecocyc:TU522 
RDBECOLITUC03621	mazEFG	RDBECOLIOPC03285	relA-mazEF	RDBECOLIGNC00564,RDBECOLIGNC01223,RDBECOLIGNC00563	mazG;mazF;mazE	RDBECOLIPMC04000	mazEp2	2911355			RDBECOLITFC00215,RDBECOLITFC00215,RDBECOLITFC00178,RDBECOLITFC00178,RDBECOLITFC00053	MazE,MazE,MazEF,MazEF,Fis	b2781;b2782;b2783	2911339	2909894		Ecocyc:TU523 
RDBECOLITUC03622	ilvLXG_1G_2MEDA	RDBECOLIOPC03607	ilvLXG_1G_2MEDA	RDBECOLIGNC02682,RDBECOLIGNC04700,RDBECOLIGNC00486,RDBECOLIGNC00489,RDBECOLIGNC00490,RDBECOLIGNC00493,RDBECOLIGNC01243	ilvX;ilvG;ilvA;ilvD;ilvE;ilvM;ilvL	RDBECOLIPMC03683	ilvLp1	3950218	RDBECOLITMC00015,RDBECOLITMC00314	sigma70	RDBECOLITFC00211,RDBECOLITFC00211	IHF,IHF	b4669;b4488;b3772;b3771;b3770;b3769;b3766	3950322	3956875	3957062-3957123;3956967-3956985	Ecocyc:TU524 
RDBECOLITUC03623	ilvLXG_1G_2MEDA	RDBECOLIOPC03607	ilvLXG_1G_2MEDA	RDBECOLIGNC02682,RDBECOLIGNC04700,RDBECOLIGNC00486,RDBECOLIGNC00489,RDBECOLIGNC00490,RDBECOLIGNC00493,RDBECOLIGNC01243	ilvX;ilvG;ilvA;ilvD;ilvE;ilvM;ilvL	RDBECOLIPMC03684	ilvLp2	3950290	RDBECOLITMC00015,RDBECOLITMC00314	sigma70	RDBECOLITFC00211,RDBECOLITFC00211,RDBECOLITFC00014,RDBECOLITFC00014,RDBECOLITFC00014	IHF,IHF,Lrp,Lrp,Lrp	b4669;b4488;b3772;b3771;b3770;b3769;b3766	3950322	3956875	3957062-3957123;3956967-3956985	Ecocyc:TU525 
RDBECOLITUC03624	ilvEDA	RDBECOLIOPC03607	ilvLXG_1G_2MEDA	RDBECOLIGNC00486,RDBECOLIGNC00489,RDBECOLIGNC00490	ilvA;ilvD;ilvE	RDBECOLIPMC03685	ilvEp3	3952388	RDBECOLITMC00015,RDBECOLITMC00314				b3772;b3771;b3770	3952484	3956875	3957062-3957123;3956967-3956985	Ecocyc:TU526 
RDBECOLITUC03625	poxB	RDBECOLIOPC02383	poxB-ltaE-ybjT	RDBECOLIGNC00744	poxB	RDBECOLIPMC04002	poxBp1	911076		sigma70	RDBECOLITFC00057,RDBECOLITFC00201,RDBECOLITFC00074	Cra,SoxS,MarA	b0871	911049	909331		Ecocyc:TU541 
RDBECOLITUC03626	xthA	RDBECOLIOPC02476	xthA	RDBECOLIGNC01061	xthA	RDBECOLIPMC04003	xthAp	1832399		sigma38			b1749	1832428	1833234		Ecocyc:TU542 
RDBECOLITUC03627	rnpB	RDBECOLIOPC03288	garPLRK-rnpB	RDBECOLIGNC02506	rnpB	RDBECOLIPMC04004	rnpBp	3270592	RDBECOLITMC00261,RDBECOLITMC00262,RDBECOLITMC00263		RDBECOLITFC00053,RDBECOLITFC00053,RDBECOLITFC00053,RDBECOLITFC00053	Fis,Fis,Fis,Fis	b3123	3270592	3270216	3269962-3269975;3270075-3270088;3270188-3270201	Ecocyc:TU543 
RDBECOLITUC03628	tpx	RDBECOLIOPC00507	tpx	RDBECOLIGNC03522	tpx	RDBECOLIPMC03945	tpxp	1388844		sigma70	RDBECOLITFC00098,RDBECOLITFC00128	ArcA,FNR	b1324	1388811	1388305		Ecocyc:TU544 
RDBECOLITUC03629	adhE	RDBECOLIOPC02643	adhE	RDBECOLIGNC00028	adhE	RDBECOLIPMC04005	adhEp2	1298309		sigma38	RDBECOLITFC00128,RDBECOLITFC00009,RDBECOLITFC00009	FNR,NarL,NarL	b1241	1298121	1295446		Ecocyc:TU546 
RDBECOLITUC03630	pqiABC	RDBECOLIOPC03315	pqiABC	RDBECOLIGNC03361,RDBECOLIGNC03360,RDBECOLIGNC03359	pqiC;pqiB;pqiA	RDBECOLIPMC03943	pqiAp1	1011666		sigma70	RDBECOLITFC00074,RDBECOLITFC00201	MarA,SoxS	b0952;b0951;b0950	1012001	1015459		Ecocyc:TU561 
RDBECOLITUC03631	pqiABC	RDBECOLIOPC03315	pqiABC	RDBECOLIGNC03361,RDBECOLIGNC03360,RDBECOLIGNC03359	pqiC;pqiB;pqiA	RDBECOLIPMC04007	pqiAp2	1011659		sigma70			b0952;b0951;b0950	1012001	1015459		Ecocyc:TU562 
RDBECOLITUC03632	rpsA-ihfB	RDBECOLIOPC03575	rpsA-ihfB	RDBECOLIGNC00434,RDBECOLIGNC00890	ihfB;rpsA	RDBECOLIPMC04008	rpsAp1	961717	RDBECOLITMC00213	sigma70	RDBECOLITFC00039	DksA	b0912;b0911	961995	964112	964119-964173	Ecocyc:TU564 
RDBECOLITUC03633	rpsA-ihfB	RDBECOLIOPC03575	rpsA-ihfB	RDBECOLIGNC00434,RDBECOLIGNC00890	ihfB;rpsA	RDBECOLIPMC03580	rpsAp3	961859	RDBECOLITMC00213	sigma70	RDBECOLITFC00039	DksA	b0912;b0911	961995	964112	964119-964173	Ecocyc:TU565 
RDBECOLITUC03634	hlyE	RDBECOLIOPC02540	hlyE	RDBECOLIGNC03481	hlyE	RDBECOLIPMC04011	hlyEp	1230466			RDBECOLITFC00039,RDBECOLITFC00020,RDBECOLITFC00020,RDBECOLITFC00136,RDBECOLITFC00128,RDBECOLITFC00189,RDBECOLITFC00136,RDBECOLITFC00020,RDBECOLITFC00020,RDBECOLITFC00136,RDBECOLITFC00136,RDBECOLITFC00136,RDBECOLITFC00136,RDBECOLITFC00053,RDBECOLITFC00053,RDBECOLITFC00053,RDBECOLITFC00053,RDBECOLITFC00053	DksA,H-NS,H-NS,SlyA,FNR,CRP,SlyA,H-NS,H-NS,SlyA,SlyA,SlyA,SlyA,Fis,Fis,Fis,Fis,Fis	b1182	1230394	1229483		Ecocyc:TU581 
RDBECOLITUC03635	rnb	RDBECOLIOPC02633	rnb	RDBECOLIGNC01566	rnb	RDBECOLIPMC04012	rnbp1	1349129	RDBECOLITMC00316	sigma70			b1286	1348912	1346978	1346942-1346968	Ecocyc:TU582 
RDBECOLITUC03636	rnb	RDBECOLIOPC02633	rnb	RDBECOLIGNC01566	rnb	RDBECOLIPMC04013	rnbp2	1348944	RDBECOLITMC00316	sigma70			b1286	1348912	1346978	1346942-1346968	Ecocyc:TU583 
RDBECOLITUC03637	degP	RDBECOLIOPC02102	degP	RDBECOLIGNC00456	degP	RDBECOLIPMC03553	degPp	180845		sigma24	RDBECOLITFC00170,RDBECOLITFC00170,RDBECOLITFC00170,RDBECOLITFC00020	CpxR,CpxR,CpxR,H-NS	b0161	180884	182308		Ecocyc:TU584 
RDBECOLITUC03638	gadAX	RDBECOLIOPC02867	gadXW	RDBECOLIGNC02121,RDBECOLIGNC02563	gadX;gadA	RDBECOLIPMC03971	gadAp	3667607	RDBECOLITMC00281	sigma70	RDBECOLITFC00042,RDBECOLITFC00176,RDBECOLITFC00187,RDBECOLITFC00187,RDBECOLITFC00023,RDBECOLITFC00023,RDBECOLITFC00023,RDBECOLITFC00023,RDBECOLITFC00023,RDBECOLITFC00023,RDBECOLITFC00023,RDBECOLITFC00063,RDBECOLITFC00098,RDBECOLITFC00123,RDBECOLITFC00187,RDBECOLITFC00187,RDBECOLITFC00187,RDBECOLITFC00187,RDBECOLITFC00128,RDBECOLITFC00189,RDBECOLITFC00063,RDBECOLITFC00023,RDBECOLITFC00020,RDBECOLITFC00053,RDBECOLITFC00053,RDBECOLITFC00053,RDBECOLITFC00053	RcsB,AdiY,GadX,GadX,GadW,GadW,GadW,GadW,GadW,GadW,GadW,TorR,ArcA,GadRcs,GadX,GadX,GadX,GadX,FNR,CRP,TorR,GadW,H-NS,Fis,Fis,Fis,Fis	b3516;b3517	3667580	3664986	3664915-3664935	Ecocyc:TU586 
RDBECOLITUC03639	glnK-amtB	RDBECOLIOPC00181	glnK-amtB	RDBECOLIGNC01750,RDBECOLIGNC02075	amtB;glnK	RDBECOLIPMC04014	glnKp	472556	RDBECOLITMC00317	sigma54	RDBECOLITFC00128,RDBECOLITFC00128,RDBECOLITFC00093,RDBECOLITFC00093,RDBECOLITFC00187,RDBECOLITFC00153	FNR,FNR,Fur,Fur,GadX,NtrC	b0451;b0450	472598	474252	474263-474301	Ecocyc:TU587 
RDBECOLITUC03640	yiaKLMNO-lyx-sgbHUE	RDBECOLIOPC02474	yiaKLMNO-lyx-sgbHUE	RDBECOLIGNC02157,RDBECOLIGNC02163,RDBECOLIGNC02162,RDBECOLIGNC02161,RDBECOLIGNC02160,RDBECOLIGNC02159,RDBECOLIGNC02158,RDBECOLIGNC02156,RDBECOLIGNC02155	yiaM;sgbE;sgbU;sgbH;lyxK;yiaO;yiaN;yiaL;yiaK	RDBECOLIPMC04016	yiaKp1	3742674		sigma70	RDBECOLITFC00189,RDBECOLITFC00189,RDBECOLITFC00211,RDBECOLITFC00082	CRP,CRP,IHF,PlaR	b3577;b3583;b3582;b3581;b3580;b3579;b3578;b3576;b3575	3742733	3750781		Ecocyc:TU592 
RDBECOLITUC03641	dnaAN-recF	RDBECOLIOPC03584	dnaAN-recF	RDBECOLIGNC00818,RDBECOLIGNC00236,RDBECOLIGNC00229	recF;dnaN;dnaA	RDBECOLIPMC03675	dnaAp2	3883882		sigma70	RDBECOLITFC00017,RDBECOLITFC00017,RDBECOLITFC00017,RDBECOLITFC00017,RDBECOLITFC00017,RDBECOLITFC00017,RDBECOLITFC00017,RDBECOLITFC00017,RDBECOLITFC00053,RDBECOLITFC00017	DnaA,DnaA,DnaA,DnaA,DnaA,DnaA,DnaA,DnaA,Fis,DnaA	b3700;b3701;b3702	3883729	3880148		Ecocyc:TU593 
RDBECOLITUC03642	paaABCDEFGHIJK	RDBECOLIOPC02563	paaABCDEFGHIJK	RDBECOLIGNC03579,RDBECOLIGNC03578,RDBECOLIGNC03577,RDBECOLIGNC03576,RDBECOLIGNC03575,RDBECOLIGNC03574,RDBECOLIGNC03573,RDBECOLIGNC03572,RDBECOLIGNC03571,RDBECOLIGNC03570,RDBECOLIGNC03569	paaK;paaJ;paaI;paaH;paaG;paaF;paaE;paaD;paaC;paaB;paaA	RDBECOLIPMC03995	paaAp	1453865		sigma70	RDBECOLITFC00234,RDBECOLITFC00093,RDBECOLITFC00136,RDBECOLITFC00136,RDBECOLITFC00136,RDBECOLITFC00211,RDBECOLITFC00189,RDBECOLITFC00113	SrsR,Fur,SlyA,SlyA,SlyA,IHF,CRP,PaaX	b1398;b1397;b1396;b1395;b1394;b1393;b1392;b1391;b1390;b1389;b1388	1453927	1463438		Ecocyc:TU5 
RDBECOLITUC03643	yceD-rpmF	RDBECOLIOPC03600	rpmF-plsX-fabHDG	RDBECOLIGNC00880,RDBECOLIGNC01102	rpmF;yceD	RDBECOLIPMC03588	yceDp1	1146649					b1089;b1088	1146794	1147540		Ecocyc:TU601 
RDBECOLITUC03644	yceD-rpmF	RDBECOLIOPC03600	rpmF-plsX-fabHDG	RDBECOLIGNC00880,RDBECOLIGNC01102	rpmF;yceD	RDBECOLIPMC03589	yceDp2	1146791					b1089;b1088	1146794	1147540		Ecocyc:TU602 
RDBECOLITUC03645	rtcBA	RDBECOLIOPC00493	rtcBA	RDBECOLIGNC04539,RDBECOLIGNC04540	rtcA;rtcB	RDBECOLIPMC03944	rtcBp	3558107		sigma54	RDBECOLITFC00211,RDBECOLITFC00211,RDBECOLITFC00097	IHF,IHF,RtcR	b4475;b3421	3558079	3555833		Ecocyc:TU61 
RDBECOLITUC03646	dcuA	RDBECOLIOPC02897	aspA-dcuA	RDBECOLIGNC01202	dcuA	RDBECOLIPMC04019	dcuAp1	4366843		sigma70			b4138	4366773	4365472		Ecocyc:TU621 
RDBECOLITUC03647	aroP	RDBECOLIOPC02831	aroP	RDBECOLIGNC00080	aroP	RDBECOLIPMC04020	aroPp2	121650	RDBECOLITMC00007	sigma70	RDBECOLITFC00057,RDBECOLITFC00078,RDBECOLITFC00078	Cra,TyrR,TyrR	b0112	121551	120178	120144-120168	Ecocyc:TU641 
RDBECOLITUC03648	nac	RDBECOLIOPC00220	nac	RDBECOLIGNC03916	nac	RDBECOLIPMC04006	nacp	2061978		sigma54	RDBECOLITFC00128,RDBECOLITFC00093,RDBECOLITFC00135	FNR,Fur,Nac	b1988	2061933	2061016		Ecocyc:TU65 
RDBECOLITUC03649	polA	RDBECOLIOPC00721	polA	RDBECOLIGNC00736	polA	RDBECOLIPMC04021	polAp	4046940			RDBECOLITFC00017	DnaA	b3863	4046966	4049752		Ecocyc:TU661 
RDBECOLITUC03650	phoPQ	RDBECOLIOPC03191	phoPQ	RDBECOLIGNC00722,RDBECOLIGNC00721	phoQ;phoP	RDBECOLIPMC04010	phoPp2	1190508			RDBECOLITFC00166	PhoP	b1129;b1130	1190447	1188316		Ecocyc:TU66 
RDBECOLITUC03651	xylAB	RDBECOLIOPC02520	xylAB	RDBECOLIGNC01063,RDBECOLIGNC01062	xylB;xylA	RDBECOLIPMC04015	xylAp	3730807			RDBECOLITFC00022,RDBECOLITFC00022,RDBECOLITFC00189,RDBECOLITFC00090,RDBECOLITFC00090	AraC,AraC,CRP,XylR,XylR	b3564;b3565	3730765	3727917		Ecocyc:TU67 
RDBECOLITUC03652	hmp	RDBECOLIOPC00442	hmp	RDBECOLIGNC00449	hmp	RDBECOLIPMC03630	hmpp	2685797		sigma38	RDBECOLITFC00039,RDBECOLITFC00038,RDBECOLITFC00038,RDBECOLITFC00038,RDBECOLITFC00128,RDBECOLITFC00093,RDBECOLITFC00108	DksA,NsrR,NsrR,NsrR,FNR,Fur,MetR	b2552	2685835	2687025		Ecocyc:TU681 
RDBECOLITUC03653	rpmH-rnpA	RDBECOLIOPC02814	rpmH-rnpA	RDBECOLIGNC00852,RDBECOLIGNC00882	rnpA;rpmH	RDBECOLIPMC03679	rpmHp2	3884237					b3704;b3703	3884336	3884852		Ecocyc:TU682 
RDBECOLITUC03654	torYZ	RDBECOLIOPC01051	torYZ	RDBECOLIGNC03872,RDBECOLIGNC03873	torZ;torY								b1872;b1873	1958132	1954578		Ecocyc:TU684 
RDBECOLITUC03655	nikR	RDBECOLIOPC03577	nikABCDER	RDBECOLIGNC01472	nikR	RDBECOLIPMC04022	nikRp	3618537					b3481	3618588	3618989		Ecocyc:TU685 
RDBECOLITUC03656	hyfABCDEFGHIJR-focB	RDBECOLIOPC01723	hyfABCDEFGHIJR-focB	RDBECOLIGNC04136,RDBECOLIGNC04135,RDBECOLIGNC04134,RDBECOLIGNC04133,RDBECOLIGNC04132,RDBECOLIGNC04131,RDBECOLIGNC04130,RDBECOLIGNC04129,RDBECOLIGNC04128,RDBECOLIGNC04127,RDBECOLIGNC01254,RDBECOLIGNC01132	focB;hyfR;hyfJ;hyfI;hyfH;hyfG;hyfF;hyfE;hyfD;hyfC;hyfB;hyfA	RDBECOLIPMC04023	hyfAp	2601171		sigma54	RDBECOLITFC00189,RDBECOLITFC00072,RDBECOLITFC00209,RDBECOLITFC00128	CRP,FhlA,HyfR,FNR	b2492;b2491;b2490;b2489;b2488;b2487;b2486;b2485;b2484;b2483;b2482;b2481	2601201	2614782		Ecocyc:TU686 
RDBECOLITUC03657	xylR	RDBECOLIOPC01971	xylFGHR	RDBECOLIGNC02444	xylR	RDBECOLIPMC04017	xylRp	3734906			RDBECOLITFC00098	ArcA	b3569	3734979	3736157		Ecocyc:TU68 
RDBECOLITUC03658	proVWX	RDBECOLIOPC03604	proVWX	RDBECOLIGNC00763,RDBECOLIGNC00762,RDBECOLIGNC00761	proX;proW;proV	RDBECOLIPMC03636	proVp1	2804563		sigma70	RDBECOLITFC00020	H-NS	b2679;b2678;b2677	2804815	2808124		Ecocyc:TU701 
RDBECOLITUC03659	proVWX	RDBECOLIOPC03604	proVWX	RDBECOLIGNC00763,RDBECOLIGNC00762,RDBECOLIGNC00761	proX;proW;proV	RDBECOLIPMC03638	proVp3	2804755		sigma70	RDBECOLITFC00211,RDBECOLITFC00211,RDBECOLITFC00066,RDBECOLITFC00020,RDBECOLITFC00020,RDBECOLITFC00020,RDBECOLITFC00020,RDBECOLITFC00020,RDBECOLITFC00020,RDBECOLITFC00020,RDBECOLITFC00020,RDBECOLITFC00020,RDBECOLITFC00020	IHF,IHF,StpA,H-NS,H-NS,H-NS,H-NS,H-NS,H-NS,H-NS,H-NS,H-NS,H-NS	b2679;b2678;b2677	2804815	2808124		Ecocyc:TU702 
RDBECOLITUC03660	proVWX	RDBECOLIOPC03604	proVWX	RDBECOLIGNC00763,RDBECOLIGNC00762,RDBECOLIGNC00761	proX;proW;proV	RDBECOLIPMC03637	proVp2	2804599		sigma70			b2679;b2678;b2677	2804815	2808124		Ecocyc:TU704 
RDBECOLITUC03661	grxA	RDBECOLIOPC02015	grxA	RDBECOLIGNC00410	grxA	RDBECOLIPMC04025	grxAp	890776			RDBECOLITFC00216,RDBECOLITFC00216,RDBECOLITFC00216	OxyR,OxyR,OxyR	b0849	890753	890496		Ecocyc:TU721 
RDBECOLITUC03662	mutS	RDBECOLIOPC01003	mutS	RDBECOLIGNC00617	mutS	RDBECOLIPMC04026	mutSp	2857019		sigma38			b2733	2857093	2859654		Ecocyc:TU723 
RDBECOLITUC03663	rpmH-rnpA	RDBECOLIOPC02814	rpmH-rnpA	RDBECOLIGNC00852,RDBECOLIGNC00882	rnpA;rpmH	RDBECOLIPMC03677	rpmHp3	3884065					b3704;b3703	3884336	3884852		Ecocyc:TU743 
RDBECOLITUC03664	cedA	RDBECOLIOPC01659	cedA	RDBECOLIGNC03787	cedA	RDBECOLIPMC04029	cedAp	1813742		sigma70			b1731	1813663	1813421		Ecocyc:TU781 
RDBECOLITUC03665	zraP	RDBECOLIOPC00707	zraP	RDBECOLIGNC01843	zraP	RDBECOLIPMC04030	zraPp	4201712		sigma54	RDBECOLITFC00075,RDBECOLITFC00075	ZraR,ZraR	b4002	4201688	4201263		Ecocyc:TU782 
RDBECOLITUC03666	zraSR	RDBECOLIOPC02500	zraSR	RDBECOLIGNC00475,RDBECOLIGNC00007	zraR;zraS	RDBECOLIPMC04031	zraSp	4201905		sigma54	RDBECOLITFC00075,RDBECOLITFC00189,RDBECOLITFC00075	ZraR,CRP,ZraR	b4004;b4003	4201926	4204645		Ecocyc:TU783 
RDBECOLITUC03667	rsd	RDBECOLIOPC02629	rsd	RDBECOLIGNC01675	rsd	RDBECOLIPMC04033	rsdp1	4196954		sigma38			b3995	4196808	4196332		Ecocyc:TU784 
RDBECOLITUC03668	rsd	RDBECOLIOPC02629	rsd	RDBECOLIGNC01675	rsd	RDBECOLIPMC04034	rsdp2	4196859		sigma70	RDBECOLITFC00098,RDBECOLITFC00089,RDBECOLITFC00048,RDBECOLITFC00021,RDBECOLITFC00136	ArcA,McbR,RcdA,SdiA,SlyA	b3995	4196808	4196332		Ecocyc:TU787 
RDBECOLITUC03669	pfkA	RDBECOLIOPC02836	pfkA	RDBECOLIGNC00690	pfkA	RDBECOLIPMC04035	pfkAp2	4107474	RDBECOLITMC00206	sigma70	RDBECOLITFC00057	Cra	b3916	4107552	4108514	4108678-4108732	Ecocyc:TU788 
RDBECOLITUC03670	mlc	RDBECOLIOPC02994	mlc-ynfK	RDBECOLIGNC03705	mlc	RDBECOLIPMC04036	mlcp1	1668603		sigma70	RDBECOLITFC00189,RDBECOLITFC00219	CRP,Mlc	b1594	1668564	1667344		Ecocyc:TU789 
RDBECOLITUC03671	mlc-ynfK	RDBECOLIOPC02994	mlc-ynfK	RDBECOLIGNC03704,RDBECOLIGNC03705	bidA;mlc	RDBECOLIPMC04037	mlcp2	1668591		sigma70	RDBECOLITFC00189,RDBECOLITFC00219	CRP,Mlc	b1593;b1594	1668564	1666524		Ecocyc:TU790 
RDBECOLITUC03672	xapR	RDBECOLIOPC01707	xapR	RDBECOLIGNC01129	xapR	RDBECOLIPMC03893	xapRp1	2522505	RDBECOLITMC00092,RDBECOLITMC00091	sigma70			b2405	2522477	2521593	2521334-2521358;2521489-2521515	Ecocyc:TU791 
RDBECOLITUC03673	xapR	RDBECOLIOPC01707	xapR	RDBECOLIGNC01129	xapR	RDBECOLIPMC03894	xapRp2	2522563	RDBECOLITMC00091,RDBECOLITMC00092	sigma70			b2405	2522477	2521593	2521489-2521515;2521334-2521358	Ecocyc:TU792 
RDBECOLITUC03674	torR	RDBECOLIOPC02418	torR	RDBECOLIGNC02329	torR	RDBECOLIPMC03899	torRp	1057984		sigma70	RDBECOLITFC00063,RDBECOLITFC00063	TorR,TorR	b0995	1057954	1057262		Ecocyc:TU793 
RDBECOLITUC03675	acnA	RDBECOLIOPC02636	acnA	RDBECOLIGNC01295	acnA	RDBECOLIPMC03932	acnAp2	1335781		sigma70	RDBECOLITFC00201,RDBECOLITFC00074,RDBECOLITFC00051,RDBECOLITFC00057,RDBECOLITFC00189,RDBECOLITFC00128,RDBECOLITFC00098	SoxS,MarA,Rob,Cra,CRP,FNR,ArcA	b1276	1335831	1338506		Ecocyc:TU794 
RDBECOLITUC03676	acnA	RDBECOLIOPC02636	acnA	RDBECOLIGNC02796,RDBECOLIGNC01295	ymiC;acnA	RDBECOLIPMC03931	acnAp1	1335424		sigma70			b4741;b1276	1335572	1338506		Ecocyc:TU795 
RDBECOLITUC03677	acnB	RDBECOLIOPC02445	acnB	RDBECOLIGNC02188	acnB	RDBECOLIPMC03933	acnBp1	131519	RDBECOLITMC00153	sigma70	RDBECOLITFC00189,RDBECOLITFC00057,RDBECOLITFC00053,RDBECOLITFC00053,RDBECOLITFC00053,RDBECOLITFC00098,RDBECOLITFC00098,RDBECOLITFC00098,RDBECOLITFC00098,RDBECOLITFC00098,RDBECOLITFC00098,RDBECOLITFC00098	CRP,Cra,Fis,Fis,Fis,ArcA,ArcA,ArcA,ArcA,ArcA,ArcA,ArcA	b0118	131615	134212	134249-134272	Ecocyc:TU796 
RDBECOLITUC03678	spf-spfP	RDBECOLIOPC00990	spf-spfP	RDBECOLIGNC04738,RDBECOLIGNC02535	spfP;spf	RDBECOLIPMC03692	spfp	4049899	RDBECOLITMC00222	sigma70	RDBECOLITFC00189	CRP	b4837;b3864	4049899	4050009	4049962-4050016	Ecocyc:TU797 
RDBECOLITUC03679	paaXY	RDBECOLIOPC00761	paaXY	RDBECOLIGNC03581,RDBECOLIGNC03580	paaY;paaX	RDBECOLIPMC04024	paaXp	1463509		sigma70	RDBECOLITFC00113	PaaX	b1400;b1399	1463539	1465061		Ecocyc:TU7 
RDBECOLITUC03680	yjeFE-amiB-mutL-miaA-hfq-hflXKC	RDBECOLIOPC02986	yjeFE-amiB-mutL-miaA-hfq-hflXKC	RDBECOLIGNC00428,RDBECOLIGNC00429,RDBECOLIGNC00430,RDBECOLIGNC00431,RDBECOLIGNC00587,RDBECOLIGNC01253,RDBECOLIGNC01331,RDBECOLIGNC01691,RDBECOLIGNC01692	hflC;hflK;hflX;hfq;miaA;mutL;amiB;tsaE;nnr	RDBECOLIPMC04040	yjeFp2	4393937		sigma70			b4175;b4174;b4173;b4172;b4171;b4170;b4169;b4168;b4167	4394066	4404304		Ecocyc:TU801 
RDBECOLITUC03681	yjeFE-amiB-mutL-miaA-hfq-hflXKC	RDBECOLIOPC02986	yjeFE-amiB-mutL-miaA-hfq-hflXKC	RDBECOLIGNC00428,RDBECOLIGNC00429,RDBECOLIGNC00430,RDBECOLIGNC00431,RDBECOLIGNC00587,RDBECOLIGNC01253,RDBECOLIGNC01331,RDBECOLIGNC01691,RDBECOLIGNC01692	hflC;hflK;hflX;hfq;miaA;mutL;amiB;tsaE;nnr	RDBECOLIPMC04041	yjeFp3	4394035		sigma70			b4175;b4174;b4173;b4172;b4171;b4170;b4169;b4168;b4167	4394066	4404304		Ecocyc:TU802 
RDBECOLITUC03682	adiY	RDBECOLIOPC00695	adiY	RDBECOLIGNC01889	adiY	RDBECOLIPMC04043	adiYp	4338042			RDBECOLITFC00020	H-NS	b4116	4337929	4337168		Ecocyc:TU821 
RDBECOLITUC03683	cdd	RDBECOLIOPC02481	cdd	RDBECOLIGNC00133	cdd	RDBECOLIPMC03881	cddp	2231819		sigma70	RDBECOLITFC00038,RDBECOLITFC00114,RDBECOLITFC00189,RDBECOLITFC00189,RDBECOLITFC00114,RDBECOLITFC00189,RDBECOLITFC00189	NsrR,CytR,CRP,CRP,CytR,CRP,CRP	b2143	2231844	2232728		Ecocyc:TU841 
RDBECOLITUC03684	yeiL	RDBECOLIOPC02829	yeiL	RDBECOLIGNC01944	yeiL	RDBECOLIPMC03883	yeiLp	2255290		sigma38	RDBECOLITFC00043,RDBECOLITFC00211,RDBECOLITFC00211,RDBECOLITFC00014,RDBECOLITFC00128	YeiL,IHF,IHF,Lrp,FNR	b2163	2255355	2256014		Ecocyc:TU861 
RDBECOLITUC03685	rihB	RDBECOLIOPC00418	rihB	RDBECOLIGNC01943	rihB	RDBECOLIPMC03884	rihBp	2255252		sigma70			b2162	2255186	2254245		Ecocyc:TU862 
RDBECOLITUC03686	clsA-yciU	RDBECOLIOPC02048	clsA-yciU	RDBECOLIGNC03495,RDBECOLIGNC01555	yciU;clsA	RDBECOLIPMC03885	clsAp	1308673					b1248;b1249	1308645	1306821		Ecocyc:TU863 
RDBECOLITUC03687	phoH	RDBECOLIOPC03395	phoH	RDBECOLIGNC01671	phoH	RDBECOLIPMC03587	phoHp1	1084865	RDBECOLITMC00320	sigma70	RDBECOLITFC00202	PhoB	b1020	1084992	1086056	1086071-1086095	Ecocyc:TU864 
RDBECOLITUC03688	phoH	RDBECOLIOPC03395	phoH	RDBECOLIGNC01671	phoH	RDBECOLIPMC03886	phoHp2	1084938	RDBECOLITMC00320				b1020	1084992	1086056	1086071-1086095	Ecocyc:TU866 
RDBECOLITUC03689	yajC-secDF	RDBECOLIOPC02681	yajC-secDF	RDBECOLIGNC00928,RDBECOLIGNC00926,RDBECOLIGNC01083	secF;secD;yajC	RDBECOLIPMC03887	yajCp	427205					b0409;b0408;b0407	427287	430476		Ecocyc:TU869 
RDBECOLITUC03690	tgt-yajC	RDBECOLIOPC02681	yajC-secDF	RDBECOLIGNC01083,RDBECOLIGNC00984	yajC;tgt	RDBECOLIPMC03888	tgtp	426055	RDBECOLITMC00321				b0407;b0406	426137	427619	427756-427786	Ecocyc:TU870 
RDBECOLITUC03691	queA	RDBECOLIOPC02400	queA	RDBECOLIGNC00802	queA	RDBECOLIPMC03562	queAp	424985			RDBECOLITFC00053	Fis	b0405	425011	426081		Ecocyc:TU871 
RDBECOLITUC03692	aroKB-damX-dam-rpe-gph-trpS	RDBECOLIOPC03578	aroKB-damX-dam-rpe-gph-trpS	RDBECOLIGNC01018,RDBECOLIGNC01799,RDBECOLIGNC04703,RDBECOLIGNC00198,RDBECOLIGNC01164,RDBECOLIGNC00070,RDBECOLIGNC00077	trpS;gph;rpe;dam;damX;aroB;aroK	RDBECOLIPMC03904	aroKp1	3519380		sigma70			b3384;b3385;b3386;b3387;b3388;b3389;b3390	3519064	3512634		Ecocyc:TU872 
RDBECOLITUC03693	aroKB-damX-dam-rpe-gph-trpS	RDBECOLIOPC03578	aroKB-damX-dam-rpe-gph-trpS	RDBECOLIGNC01018,RDBECOLIGNC01799,RDBECOLIGNC04703,RDBECOLIGNC00198,RDBECOLIGNC01164,RDBECOLIGNC00070,RDBECOLIGNC00077	trpS;gph;rpe;dam;damX;aroB;aroK	RDBECOLIPMC03905	aroKp2	3519167		sigma70			b3384;b3385;b3386;b3387;b3388;b3389;b3390	3519064	3512634		Ecocyc:TU873 
RDBECOLITUC03694	damX-dam-rpe-gph-trpS	RDBECOLIOPC03578	aroKB-damX-dam-rpe-gph-trpS	RDBECOLIGNC01018,RDBECOLIGNC01799,RDBECOLIGNC04703,RDBECOLIGNC00198,RDBECOLIGNC01164	trpS;gph;rpe;dam;damX	RDBECOLIPMC03906	damXp	3517600		sigma70			b3384;b3385;b3386;b3387;b3388	3517306	3512634		Ecocyc:TU874 
RDBECOLITUC03695	dam-rpe-gph-trpS	RDBECOLIOPC03578	aroKB-damX-dam-rpe-gph-trpS	RDBECOLIGNC01018,RDBECOLIGNC01799,RDBECOLIGNC04703,RDBECOLIGNC00198	trpS;gph;rpe;dam	RDBECOLIPMC03907	damp1	3516252		sigma70			b3384;b3385;b3386;b3387	3515913	3512634		Ecocyc:TU875 
RDBECOLITUC03696	dam-rpe-gph-trpS	RDBECOLIOPC03578	aroKB-damX-dam-rpe-gph-trpS	RDBECOLIGNC01018,RDBECOLIGNC01799,RDBECOLIGNC04703,RDBECOLIGNC00198	trpS;gph;rpe;dam	RDBECOLIPMC03908	damp2	3515982		sigma70			b3384;b3385;b3386;b3387	3515913	3512634		Ecocyc:TU876 
RDBECOLITUC03697	rpe-gph-trpS	RDBECOLIOPC03578	aroKB-damX-dam-rpe-gph-trpS	RDBECOLIGNC01018,RDBECOLIGNC01799,RDBECOLIGNC04703	trpS;gph;rpe	RDBECOLIPMC03889	rpep	3515153					b3384;b3385;b3386	3515059	3512634		Ecocyc:TU877 
RDBECOLITUC03698	aspX	RDBECOLIOPC02663	aspX	RDBECOLIGNC04726	aspX	RDBECOLIPMC02487	aspXp2	4366951					b4825	4366951	4366839		Ecocyc:TU0-52570 
RDBECOLITUC03699	ychJ-purU	RDBECOLIOPC03444	ychJ-purU	RDBECOLIGNC01748,RDBECOLIGNC02017	purU;ychJ	RDBECOLIPMC00064	ychJp	1289177					b1232;b1233	1289132	1287782		Ecocyc:TU0-55017 
RDBECOLITUC03700	ytfK	RDBECOLIOPC02600	ytfK	RDBECOLIGNC04612	ytfK	RDBECOLIPMC04047	ytfKp2	4439413			RDBECOLITFC00189	CRP	b4217	4439587	4439793		Ecocyc:TU0-93010 
RDBECOLITUC03701	narUZYWV	RDBECOLIOPC03538	narUZYWV	RDBECOLIGNC00636,RDBECOLIGNC00637,RDBECOLIGNC00639,RDBECOLIGNC00640,RDBECOLIGNC02047	narV;narW;narY;narZ;narU						RDBECOLITFC00040	OmpR	b1465;b1466;b1467;b1468;b1469	1544060	1535937		Ecocyc:TU0-194009 
RDBECOLITUC03781	spy	RDBECOLIOPC02195	spy	RDBECOLIGNC03790	spy	RDBECOLIPMC00001	spyp	1825688	RDBECOLITMC00026	sigma70	RDBECOLITFC00170,RDBECOLITFC00182,RDBECOLITFC00182	CpxR,BaeR,BaeR	b1743	1825625	1825140	1825057-1825126	Ecocyc:TU-8381 
RDBECOLITUC03782	ycaC	RDBECOLIOPC01094	ycaC	RDBECOLIGNC01217	ycaC						RDBECOLITFC00182,RDBECOLITFC00128,RDBECOLITFC00135	BaeR,FNR,Nac	b0897	945557	944931		Ecocyc:TU-8382 
RDBECOLITUC03783	yfeKS	RDBECOLIOPC00242	yfeKS	RDBECOLIGNC04090,RDBECOLIGNC04089	yfeS;yfeK	RDBECOLIPMC00002	yfeKp	2537315		sigma24			b2420;b2419	2537342	2538483		Ecocyc:TU-8383 
RDBECOLITUC03784	bepA-yfgD	RDBECOLIOPC02950	bepA-yfgD	RDBECOLIGNC04139,RDBECOLIGNC04138	yfgD;bepA	RDBECOLIPMC00003	bepAp1	2616068		sigma24			b2495;b2494	2616094	2617937		Ecocyc:TU-8384 
RDBECOLITUC03785	bamB-der	RDBECOLIOPC00839	bamB-der	RDBECOLIGNC04146,RDBECOLIGNC04147	der;bamB	RDBECOLIPMC00004	bamBp	2638975		sigma24			b2511;b2512	2638652	2635884		Ecocyc:TU-8385 
RDBECOLITUC03786	qseBC	RDBECOLIOPC03211	qseBC	RDBECOLIGNC02343,RDBECOLIGNC04380	qseC;qseB	RDBECOLIPMC01878	qseBp2	3169749			RDBECOLITFC00196,RDBECOLITFC00094,RDBECOLITFC00094	BasR,QseB,QseB	b3026;b3025	3169828	3171833		Ecocyc:TU-8387 
RDBECOLITUC03787	recC	RDBECOLIOPC01559	ppdAB-ygdB-ppdC-recC	RDBECOLIGNC00815	recC	RDBECOLIPMC00005	recCp	2962507		sigma70			b2822	2962428	2959060		Ecocyc:TU-8388 
RDBECOLITUC03788	infA	RDBECOLIOPC03572	infA-serW	RDBECOLIGNC00496	infA	RDBECOLIPMC00006	infAp2	926479	RDBECOLITMC00319	sigma70			b0884	926443	926225	926162-926186	Ecocyc:TU-8389 
RDBECOLITUC03789	infA	RDBECOLIOPC03572	infA-serW	RDBECOLIGNC00496	infA	RDBECOLIPMC00007	infAp1	926685	RDBECOLITMC00319	sigma70			b0884	926443	926225	926162-926186	Ecocyc:TU-8390 
RDBECOLITUC03790	bamD	RDBECOLIOPC03046	bamD	RDBECOLIGNC04176	bamD	RDBECOLIPMC00008	bamDp2	2735961		sigma24			b2595	2736146	2736883		Ecocyc:TU-8391 
RDBECOLITUC03791	dsbC-recJ-prfB	RDBECOLIOPC03353	xerD-dsbC-recJ	RDBECOLIGNC00752,RDBECOLIGNC00820,RDBECOLIGNC01058	prfB;recJ;dsbC	RDBECOLIPMC00009	dsbCp2	3039633		sigma24			b2891;b2892;b2893	3038822	3035184		Ecocyc:TU-8392 
RDBECOLITUC03792	htrG-cca	RDBECOLIOPC01925	htrG-cca	RDBECOLIGNC00132,RDBECOLIGNC02284	cca;ygiM	RDBECOLIPMC00010	ygiMp2	3201042		sigma24			b3056;b3055	3201207	3203129		Ecocyc:TU-8393 
RDBECOLITUC03793	qseBC	RDBECOLIOPC03211	qseBC	RDBECOLIGNC02343,RDBECOLIGNC04380	qseC;qseB	RDBECOLIPMC00011	qseBp1	3169801		sigma70			b3026;b3025	3169828	3171833		Ecocyc:TU-8394 
RDBECOLITUC03794	dolP	RDBECOLIOPC03093	dolP	RDBECOLIGNC04441	dolP	RDBECOLIPMC00012	dolPp2	3296072		sigma24			b3150	3296409	3296984		Ecocyc:TU-8396 
RDBECOLITUC03795	greA	RDBECOLIOPC01554	greA	RDBECOLIGNC00408	greA	RDBECOLIPMC00013	greAp2	3328853	RDBECOLITMC00100	sigma24			b3181	3328715	3328239	3328806-3328846	Ecocyc:TU-8397 
RDBECOLITUC03796	lptB-rpoN-hpf-ptsN-yhbJ	RDBECOLIOPC03605	lptAB-rpoN-hpf-ptsN-rapZ-npr	RDBECOLIGNC02041,RDBECOLIGNC01623,RDBECOLIGNC01622,RDBECOLIGNC00888,RDBECOLIGNC01621	rapZ;ptsN;hpf;rpoN;lptB	RDBECOLIPMC00014	lptBp	3343396		sigma24			b3205;b3204;b3203;b3202;b3201	3343944	3347969		Ecocyc:TU-8398 
RDBECOLITUC03797	yecR	RDBECOLIOPC02174	yecR	RDBECOLIGNC03884	yecR	RDBECOLIPMC00017	yecRp	1988200			RDBECOLITFC00128,RDBECOLITFC00052	FNR,FlhDC	b1904	1988222	1988545		Ecocyc:TU-8399 
RDBECOLITUC03798	yejO	RDBECOLIOPC01086	yejO	RDBECOLIGNC01960	yejO	RDBECOLIPMC00018	yejOp	2289176					b2190	2290180	2286390		Ecocyc:TU-8401 
RDBECOLITUC03799	flhBAE	RDBECOLIOPC00227	flhBAE	RDBECOLIGNC03877,RDBECOLIGNC02968,RDBECOLIGNC03878	flhE;flhA;flhB	RDBECOLIPMC00019	flhBp	1966216		sigma70	RDBECOLITFC00052	FlhDC	b1878;b1879;b1880	1966191	1962580		Ecocyc:TU-8405 
RDBECOLITUC03800	rne	RDBECOLIOPC02907	rne	RDBECOLIGNC00849	rne	RDBECOLIPMC03009	rnep1	1144728		sigma70			b1084	1144367	1141182		Ecocyc:TU-8407 
RDBECOLITUC03801	fliE	RDBECOLIOPC03345	fliE	RDBECOLIGNC01316	fliE	RDBECOLIPMC00021	fliEp1	2013036		sigma70	RDBECOLITFC00018,RDBECOLITFC00018,RDBECOLITFC00052	CsgD,CsgD,FlhDC	b1937	2013014	2012700		Ecocyc:TU-8408 
RDBECOLITUC03802	fliFGHIJK	RDBECOLIOPC02533	fliFGHIJK	RDBECOLIGNC02972,RDBECOLIGNC02971,RDBECOLIGNC02970,RDBECOLIGNC01597,RDBECOLIGNC01596,RDBECOLIGNC01317	fliK;fliJ;fliI;fliH;fliG;fliF	RDBECOLIPMC00022	fliFp1	2013146		sigma70	RDBECOLITFC00018,RDBECOLITFC00018,RDBECOLITFC00179,RDBECOLITFC00052	CsgD,CsgD,PdeL,FlhDC	b1943;b1942;b1941;b1940;b1939;b1938	2013229	2019513		Ecocyc:TU-8411 
RDBECOLITUC03803	gltIJKL-sroC	RDBECOLIOPC01441	gltI-sroC-gltJKL	RDBECOLIGNC02921,RDBECOLIGNC02346,RDBECOLIGNC02345,RDBECOLIGNC02344,RDBECOLIGNC03235	sroC;gltL;gltK;gltJ;gltI	RDBECOLIPMC00023	gltIp1	687896		sigma70	RDBECOLITFC00052	FlhDC	b4763;b0652;b0653;b0654;b0655	687747	684530		Ecocyc:TU-8412 
RDBECOLITUC03804	malQ	RDBECOLIOPC01516	malPQ	RDBECOLIGNC00553	malQ	RDBECOLIPMC00024	malQp	3550399		sigma24			b3416	3550070	3547986		Ecocyc:TU-8414 
RDBECOLITUC03805	yhjJ	RDBECOLIOPC02101	yhjJ	RDBECOLIGNC02131	yhjJ	RDBECOLIPMC00025	yhjJp	3682016		sigma24			b3527	3681940	3680444		Ecocyc:TU-8417 
RDBECOLITUC03806	yieEF	RDBECOLIOPC01120	yieEF	RDBECOLIGNC01660,RDBECOLIGNC01659	yieF;yieE	RDBECOLIPMC00026	yieEp	3893829		sigma24			b3713;b3712	3893881	3895218		Ecocyc:TU-8419 
RDBECOLITUC03807	plsB	RDBECOLIOPC03066	plsB	RDBECOLIGNC00730	plsB	RDBECOLIPMC00027	plsBp1	4256598		sigma24			b4041	4256466	4254043		Ecocyc:TU-8421 
RDBECOLITUC03808	essD-ybcS-rzpD	RDBECOLIOPC01737	essD-ybcS-rzpD	RDBECOLIGNC03189,RDBECOLIGNC03188,RDBECOLIGNC03187	rzpD;rrrD;essD	RDBECOLIPMC00028	essDp	576873		sigma24			b0556;b0555;b0554	577398	578568		Ecocyc:TU-8422 
RDBECOLITUC03809	rutR	RDBECOLIOPC02730	rutR	RDBECOLIGNC02175	rutR	RDBECOLIPMC00029	rutRp1	1074134		sigma24			b1013	1074242	1074880		Ecocyc:TU-8423 
RDBECOLITUC03810	narWV	RDBECOLIOPC03538	narUZYWV	RDBECOLIGNC00636,RDBECOLIGNC00637	narV;narW	RDBECOLIPMC00030	narWp	1538687		sigma24			b1465;b1466	1537309	1535937		Ecocyc:TU-8427 
RDBECOLITUC03811	ydhIJK	RDBECOLIOPC01383	ydhIJK	RDBECOLIGNC03738,RDBECOLIGNC03737,RDBECOLIGNC03736	ydhK;ydhJ;ydhI	RDBECOLIPMC00031	ydhIp	1720998		sigma24			b1645;b1644;b1643	1721025	1724133		Ecocyc:TU-8428 
RDBECOLITUC03812	lhr	RDBECOLIOPC03474	rnt-lhr	RDBECOLIGNC01501	lhr	RDBECOLIPMC00032	lhrp	1728353	RDBECOLITMC00126	sigma24			b1653	1729087	1733703	1733711-1733740	Ecocyc:TU-8430 
RDBECOLITUC03813	rnlB	RDBECOLIOPC03459	rnlAB	RDBECOLIGNC04189	rnlB	RDBECOLIPMC00033	rnlBp1	2766707		sigma24			b2631	2766984	2767355		Ecocyc:TU-8431 
RDBECOLITUC03814	gspAB	RDBECOLIOPC02883	gspAB	RDBECOLIGNC01237,RDBECOLIGNC04493	gspB;gspA	RDBECOLIPMC00034	gspAp4	3455634		sigma24			b3322;b3323	3455398	3453508		Ecocyc:TU-8433 
RDBECOLITUC03815	yicJI	RDBECOLIOPC00214	yicJI	RDBECOLIGNC01626,RDBECOLIGNC01627	yicI;yicJ	RDBECOLIPMC00035	yicJp	3836664		sigma24			b3656;b3657	3835929	3832219		Ecocyc:TU-8434 
RDBECOLITUC03816	ahpF	RDBECOLIOPC03164	ahpCF	RDBECOLIGNC01351	ahpF	RDBECOLIPMC00036	ahpFp	639002		sigma24			b0606	639753	641318		Ecocyc:TU-8435 
RDBECOLITUC03817	ftnB	RDBECOLIOPC02835	ftnB	RDBECOLIGNC03882	ftnB	RDBECOLIPMC00037	ftnBp1	1986775		sigma24			b1902	1986925	1987428		Ecocyc:TU-8438 
RDBECOLITUC03818	bglA	RDBECOLIOPC02511	bglA	RDBECOLIGNC02974	bglA								b2901	3043662	3045101		Ecocyc:TU-8439 
RDBECOLITUC03819	ytfE	RDBECOLIOPC01426	ytfE	RDBECOLIGNC04606	ytfE	RDBECOLIPMC00038	ytfEp	4432009			RDBECOLITFC00038,RDBECOLITFC00128,RDBECOLITFC00009,RDBECOLITFC00085,RDBECOLITFC00009,RDBECOLITFC00085	NsrR,FNR,NarL,NarP,NarL,NarP	b4209	4431983	4431321		Ecocyc:TU-8441 
RDBECOLITUC03820	ygbA	RDBECOLIOPC00527	ygbA	RDBECOLIGNC01259	ygbA	RDBECOLIPMC00039	ygbAp	2856828			RDBECOLITFC00038,RDBECOLITFC00038,RDBECOLITFC00128,RDBECOLITFC00038	NsrR,NsrR,FNR,NsrR	b2732	2856806	2856453		Ecocyc:TU-8443 
RDBECOLITUC03821	cysG	RDBECOLIOPC02187	nirBDC-cysG	RDBECOLIGNC00183	cysG	RDBECOLIPMC00439	cysGp1	3497754		sigma70			b3368	3497828	3499201		Ecocyc:TU0-0 
RDBECOLITUC03822	astCADBE	RDBECOLIOPC01721	astCADBE	RDBECOLIGNC03791,RDBECOLIGNC03792,RDBECOLIGNC03793,RDBECOLIGNC03794,RDBECOLIGNC03795	astE;astB;astD;astA;astC	RDBECOLIPMC00380	astCp1	1832013		sigma70			b1744;b1745;b1746;b1747;b1748	1831982	1825955		Ecocyc:TU0-1002 
RDBECOLITUC03823	astCADBE	RDBECOLIOPC01721	astCADBE	RDBECOLIGNC03791,RDBECOLIGNC03792,RDBECOLIGNC03793,RDBECOLIGNC03794,RDBECOLIGNC03795	astE;astB;astD;astA;astC	RDBECOLIPMC00381	astCp2	1832044		sigma54	RDBECOLITFC00109,RDBECOLITFC00109,RDBECOLITFC00109,RDBECOLITFC00109,RDBECOLITFC00153,RDBECOLITFC00153,RDBECOLITFC00153	ArgR,ArgR,ArgR,ArgR,NtrC,NtrC,NtrC	b1744;b1745;b1746;b1747;b1748	1831982	1825955		Ecocyc:TU0-1003 
RDBECOLITUC03824	astCADBE	RDBECOLIOPC01721	astCADBE	RDBECOLIGNC03791,RDBECOLIGNC03792,RDBECOLIGNC03793,RDBECOLIGNC03794,RDBECOLIGNC03795	astE;astB;astD;astA;astC	RDBECOLIPMC00382	astCp3	1832039		sigma38			b1744;b1745;b1746;b1747;b1748	1831982	1825955		Ecocyc:TU0-1004 
RDBECOLITUC03825	pyrH	RDBECOLIOPC02577	pyrH	RDBECOLIGNC01492	pyrH	RDBECOLIPMC00383	pyrHp	191812		sigma70			b0171	191855	192580		Ecocyc:TU0-1021 
RDBECOLITUC03826	nrdHIEF	RDBECOLIOPC01371	nrdHIEF	RDBECOLIGNC04218,RDBECOLIGNC04219,RDBECOLIGNC02243,RDBECOLIGNC02445	nrdH;nrdI;nrdF;nrdE	RDBECOLIPMC00384	nrdHp	2800656		sigma70	RDBECOLITFC00057,RDBECOLITFC00093,RDBECOLITFC00055,RDBECOLITFC00093,RDBECOLITFC00148,RDBECOLITFC00148	Cra,Fur,IscR,Fur,NrdR,NrdR	b2673;b2674;b2676;b2675	2800723	2804461		Ecocyc:TU0-1022 
RDBECOLITUC03827	cpxPQ	RDBECOLIOPC00474	cpxPQ	RDBECOLIGNC02731,RDBECOLIGNC04563	cpxQ;cpxP	RDBECOLIPMC00385	cpxPp	4105785	RDBECOLITMC00258	sigma70	RDBECOLITFC00170,RDBECOLITFC00170,RDBECOLITFC00170	CpxR,CpxR,CpxR	b4716;b4484	4105820	4106387	4106361-4106379	Ecocyc:TU0-1041 
RDBECOLITUC03828	srkA-dsbA	RDBECOLIOPC02874	srkA-dsbA	RDBECOLIGNC01269,RDBECOLIGNC01760	dsbA;srkA	RDBECOLIPMC00386	srkAp	4042391		sigma70	RDBECOLITFC00170	CpxR	b3860;b3859	4042415	4044044		Ecocyc:TU0-1061 
RDBECOLITUC03829	dsbA	RDBECOLIOPC02874	srkA-dsbA	RDBECOLIGNC01269	dsbA	RDBECOLIPMC00387	dsbAp	4043377		sigma70			b3860	4043418	4044044		Ecocyc:TU0-1062 
RDBECOLITUC03830	fkpA	RDBECOLIOPC01762	fkpA	RDBECOLIGNC04508	fkpA	RDBECOLIPMC03771	fkpAp1	3477525		sigma24			b3347	3477419	3476607		Ecocyc:TU0-1063 
RDBECOLITUC03831	fkpA	RDBECOLIOPC01762	fkpA	RDBECOLIGNC04508	fkpA	RDBECOLIPMC03772	fkpAp2	3477499					b3347	3477419	3476607		Ecocyc:TU0-1064 
RDBECOLITUC03832	aqpZ	RDBECOLIOPC00796	aqpZ	RDBECOLIGNC02430	aqpZ								b0875	916047	915352		Ecocyc:TU0-1106 
RDBECOLITUC03833	dmsABC	RDBECOLIOPC03411	dmsABC	RDBECOLIGNC00228,RDBECOLIGNC00227,RDBECOLIGNC00226	dmsC;dmsB;dmsA	RDBECOLIPMC00388	dmsAp2	940878			RDBECOLITFC00211,RDBECOLITFC00034	IHF,ModE	b0896;b0895;b0894	940959	944896		Ecocyc:TU0-1122 
RDBECOLITUC03834	moaABCDE	RDBECOLIOPC01740	moaABCDE	RDBECOLIGNC01545,RDBECOLIGNC01544,RDBECOLIGNC01607,RDBECOLIGNC01543,RDBECOLIGNC01542	moaE;moaD;moaC;moaB;moaA	RDBECOLIPMC00390	moaAp2	816914			RDBECOLITFC00034	ModE	b0785;b0784;b0783;b0782;b0781	817044	819747		Ecocyc:TU0-1123 
RDBECOLITUC03835	ptsG	RDBECOLIOPC03024	ptsG	RDBECOLIGNC00777	ptsG	RDBECOLIPMC00391	ptsGp1	1157766			RDBECOLITFC00053,RDBECOLITFC00053,RDBECOLITFC00189,RDBECOLITFC00189,RDBECOLITFC00098,RDBECOLITFC00098,RDBECOLITFC00098,RDBECOLITFC00053,RDBECOLITFC00053,RDBECOLITFC00053,RDBECOLITFC00219,RDBECOLITFC00053,RDBECOLITFC00053,RDBECOLITFC00201	Fis,Fis,CRP,CRP,ArcA,ArcA,ArcA,Fis,Fis,Fis,Mlc,Fis,Fis,SoxS	b1101	1157869	1159302		Ecocyc:TU0-1141 
RDBECOLITUC03836	ptsG	RDBECOLIOPC03024	ptsG	RDBECOLIGNC00777	ptsG	RDBECOLIPMC00392	ptsGp2	1157626		sigma70	RDBECOLITFC00053,RDBECOLITFC00053,RDBECOLITFC00053,RDBECOLITFC00053,RDBECOLITFC00053,RDBECOLITFC00219	Fis,Fis,Fis,Fis,Fis,Mlc	b1101	1157869	1159302		Ecocyc:TU0-1142 
RDBECOLITUC03837	grcA	RDBECOLIOPC02586	grcA	RDBECOLIGNC01715	grcA	RDBECOLIPMC00393	grcAp1	2716523		sigma70	RDBECOLITFC00093,RDBECOLITFC00189,RDBECOLITFC00098,RDBECOLITFC00098,RDBECOLITFC00128,RDBECOLITFC00158,RDBECOLITFC00128,RDBECOLITFC00128,RDBECOLITFC00053,RDBECOLITFC00053,RDBECOLITFC00053	Fur,CRP,ArcA,ArcA,FNR,PdhR,FNR,FNR,Fis,Fis,Fis	b2579	2716449	2716066		Ecocyc:TU0-1143 
RDBECOLITUC03838	ldcC	RDBECOLIOPC00245	ldcC	RDBECOLIGNC02990	ldcC	RDBECOLIPMC00394	ldcCp			sigma38			b0186	209679	211820		Ecocyc:TU0-1161 
RDBECOLITUC03839	rrsA-ileT-alaT-rrlA-rrfA	RDBECOLIOPC02761	rrsA-ileT-alaT-rrlA-rrfA	RDBECOLIGNC02507,RDBECOLIGNC02514,RDBECOLIGNC02446,RDBECOLIGNC02480,RDBECOLIGNC02521	rrfA;rrlA;alaT;ileT;rrsA	RDBECOLIPMC00395	rrsAp1	4035239		sigma70	RDBECOLITFC00039,RDBECOLITFC00039,RDBECOLITFC00014,RDBECOLITFC00084,RDBECOLITFC00053,RDBECOLITFC00053,RDBECOLITFC00053,RDBECOLITFC00053,RDBECOLITFC00014	DksA,DksA,Lrp,NhaR,Fis,Fis,Fis,Fis,Lrp	b3855;b3854;b3853;b3852;b3851	4035531	4040636		Ecocyc:TU0-1181 
RDBECOLITUC03840	rrsB-gltT-rrlB-rrfB	RDBECOLIOPC03535	rrsB-gltT-rrlB-rrfB	RDBECOLIGNC02508,RDBECOLIGNC02515,RDBECOLIGNC02469,RDBECOLIGNC02522	rrfB;rrlB;gltT;rrsB	RDBECOLIPMC03721	rrsBp1	4166367	RDBECOLITMC00087,RDBECOLITMC00086	sigma70	RDBECOLITFC00039,RDBECOLITFC00039,RDBECOLITFC00014,RDBECOLITFC00014,RDBECOLITFC00084,RDBECOLITFC00053,RDBECOLITFC00053,RDBECOLITFC00053,RDBECOLITFC00014,RDBECOLITFC00020,RDBECOLITFC00020,RDBECOLITFC00020	DksA,DksA,Lrp,Lrp,NhaR,Fis,Fis,Fis,Lrp,H-NS,H-NS,H-NS	b3971;b3970;b3969;b3968	4166659	4171756	4171935-4171962;4171760-4171803	Ecocyc:TU0-1182 
RDBECOLITUC03841	rrsC-gltU-rrlC-rrfC	RDBECOLIOPC02558	rrsC-gltU-rrlC-rrfC	RDBECOLIGNC02509,RDBECOLIGNC02516,RDBECOLIGNC02470,RDBECOLIGNC02523	rrfC;rrlC;gltU;rrsC	RDBECOLIPMC00396	rrsCp1	3941516	RDBECOLITMC00088	sigma70	RDBECOLITFC00039,RDBECOLITFC00039,RDBECOLITFC00084,RDBECOLITFC00053,RDBECOLITFC00053,RDBECOLITFC00053,RDBECOLITFC00014,RDBECOLITFC00020	DksA,DksA,NhaR,Fis,Fis,Fis,Lrp,H-NS	b3759;b3758;b3757;b3756	3941808	3946819	3947032-3947067	Ecocyc:TU0-1183 
RDBECOLITUC03842	rrsC-gltU-rrlC-rrfC	RDBECOLIOPC02558	rrsC-gltU-rrlC-rrfC	RDBECOLIGNC02509,RDBECOLIGNC02516,RDBECOLIGNC02470,RDBECOLIGNC02523	rrfC;rrlC;gltU;rrsC	RDBECOLIPMC00397	rrsCp2	3941633	RDBECOLITMC00088	sigma70	RDBECOLITFC00084	NhaR	b3759;b3758;b3757;b3756	3941808	3946819	3947032-3947067	Ecocyc:TU0-1184 
RDBECOLITUC03843	rrsE-gltV-rrlE-rrfE	RDBECOLIOPC03158	rrsE-gltV-rrlE-rrfE	RDBECOLIGNC02511,RDBECOLIGNC02518,RDBECOLIGNC02471,RDBECOLIGNC02525	rrfE;rrlE;gltV;rrsE	RDBECOLIPMC00398	rrsEp1	4207863	RDBECOLITMC00227	sigma70	RDBECOLITFC00039,RDBECOLITFC00039,RDBECOLITFC00084,RDBECOLITFC00053,RDBECOLITFC00053,RDBECOLITFC00053,RDBECOLITFC00053,RDBECOLITFC00053,RDBECOLITFC00014	DksA,DksA,NhaR,Fis,Fis,Fis,Fis,Fis,Lrp	b4010;b4009;b4008;b4007	4208147	4213159	4213155-4213209	Ecocyc:TU0-1186 
RDBECOLITUC03844	rrsG-gltW-rrlG-rrfG	RDBECOLIOPC03532	rrsG-gltW-rrlG-rrfG	RDBECOLIGNC02512,RDBECOLIGNC02519,RDBECOLIGNC02472,RDBECOLIGNC02526	rrfG;rrlG;gltW;rrsG	RDBECOLIPMC00399	rrsGp1	2731448		sigma70	RDBECOLITFC00039,RDBECOLITFC00039,RDBECOLITFC00084,RDBECOLITFC00053,RDBECOLITFC00053,RDBECOLITFC00053,RDBECOLITFC00014,RDBECOLITFC00020	DksA,DksA,NhaR,Fis,Fis,Fis,Lrp,H-NS	b2588;b2589;b2590;b2591	2731157	2726069		Ecocyc:TU0-1187 
RDBECOLITUC03845	rrsG-gltW-rrlG-rrfG	RDBECOLIOPC03532	rrsG-gltW-rrlG-rrfG	RDBECOLIGNC02512,RDBECOLIGNC02519,RDBECOLIGNC02472,RDBECOLIGNC02526	rrfG;rrlG;gltW;rrsG	RDBECOLIPMC00400	rrsGp2	2731332		sigma70	RDBECOLITFC00084	NhaR	b2588;b2589;b2590;b2591	2731157	2726069		Ecocyc:TU0-1188 
RDBECOLITUC03846	rrsH-ileV-alaV-rrlH-rrfH	RDBECOLIOPC03568	rrsH-ileV-alaV-rrlH-rrfH	RDBECOLIGNC02513,RDBECOLIGNC02520,RDBECOLIGNC02448,RDBECOLIGNC02482,RDBECOLIGNC02527	rrfH;rrlH;alaV;ileV;rrsH	RDBECOLIPMC00401	rrsHp1	223485		sigma70	RDBECOLITFC00039,RDBECOLITFC00039,RDBECOLITFC00084,RDBECOLITFC00053,RDBECOLITFC00053,RDBECOLITFC00053,RDBECOLITFC00053,RDBECOLITFC00014,RDBECOLITFC00020	DksA,DksA,NhaR,Fis,Fis,Fis,Fis,Lrp,H-NS	b0205;b0204;b0203;b0202;b0201	223771	228875		Ecocyc:TU0-1189 
RDBECOLITUC03847	rrsH-ileV-alaV-rrlH-rrfH	RDBECOLIOPC03568	rrsH-ileV-alaV-rrlH-rrfH	RDBECOLIGNC02513,RDBECOLIGNC02520,RDBECOLIGNC02448,RDBECOLIGNC02482,RDBECOLIGNC02527	rrfH;rrlH;alaV;ileV;rrsH	RDBECOLIPMC00402	rrsHp2	223593		sigma70	RDBECOLITFC00084	NhaR	b0205;b0204;b0203;b0202;b0201	223771	228875		Ecocyc:TU0-1190 
RDBECOLITUC03848	rrsD-ileU-alaU-rrlD-rrfD-thrV-rrfF	RDBECOLIOPC02429	rrsD-ileU-alaU-rrlD-rrfD-thrV-rrfF	RDBECOLIGNC02528,RDBECOLIGNC02540,RDBECOLIGNC02510,RDBECOLIGNC02517,RDBECOLIGNC02447,RDBECOLIGNC02481,RDBECOLIGNC02524	rrfF;thrV;rrfD;rrlD;alaU;ileU;rrsD	RDBECOLIPMC00403	rrsDp1	3429047	RDBECOLITMC00204	sigma70	RDBECOLITFC00039,RDBECOLITFC00039,RDBECOLITFC00084,RDBECOLITFC00053,RDBECOLITFC00053,RDBECOLITFC00053,RDBECOLITFC00053,RDBECOLITFC00053,RDBECOLITFC00014,RDBECOLITFC00020	DksA,DksA,NhaR,Fis,Fis,Fis,Fis,Fis,Lrp,H-NS	b3272;b3273;b3274;b3275;b3276;b3277;b3278	3428762	3423423	3423371-3423425	Ecocyc:TU0-1191 
RDBECOLITUC03849	rrsD-ileU-alaU-rrlD-rrfD-thrV-rrfF	RDBECOLIOPC02429	rrsD-ileU-alaU-rrlD-rrfD-thrV-rrfF	RDBECOLIGNC02528,RDBECOLIGNC02540,RDBECOLIGNC02510,RDBECOLIGNC02517,RDBECOLIGNC02447,RDBECOLIGNC02481,RDBECOLIGNC02524	rrfF;thrV;rrfD;rrlD;alaU;ileU;rrsD	RDBECOLIPMC00404	rrsDp2	3428940	RDBECOLITMC00204	sigma70	RDBECOLITFC00084	NhaR	b3272;b3273;b3274;b3275;b3276;b3277;b3278	3428762	3423423	3423371-3423425	Ecocyc:TU0-1192 
RDBECOLITUC03850	dnaN-recF	RDBECOLIOPC03584	dnaAN-recF	RDBECOLIGNC00818,RDBECOLIGNC00236	recF;dnaN	RDBECOLIPMC03674	dnaNp1	3882733		sigma70			b3700;b3701	3882321	3880148		Ecocyc:TU0-1193 
RDBECOLITUC03851	dnaN-recF	RDBECOLIOPC03584	dnaAN-recF	RDBECOLIGNC00818,RDBECOLIGNC00236	recF;dnaN	RDBECOLIPMC03673	dnaNp2	3882590		sigma70			b3700;b3701	3882321	3880148		Ecocyc:TU0-1194 
RDBECOLITUC03852	dnaN-recF	RDBECOLIOPC03584	dnaAN-recF	RDBECOLIGNC00818,RDBECOLIGNC00236	recF;dnaN	RDBECOLIPMC03672	dnaNp3	3882562		sigma70			b3700;b3701	3882321	3880148		Ecocyc:TU0-1195 
RDBECOLITUC03853	dnaN-recF	RDBECOLIOPC03584	dnaAN-recF	RDBECOLIGNC00818,RDBECOLIGNC00236	recF;dnaN	RDBECOLIPMC03671	dnaNp4	3882348		sigma70			b3700;b3701	3882321	3880148		Ecocyc:TU0-1196 
RDBECOLITUC03854	uspB	RDBECOLIOPC00504	uspB	RDBECOLIGNC02110	uspB	RDBECOLIPMC00405	uspBp	3639848		sigma38	RDBECOLITFC00211	IHF	b3494	3639720	3639385		Ecocyc:TU0-1198 
RDBECOLITUC03855	gdhA	RDBECOLIOPC02046	gdhA	RDBECOLIGNC00365	gdhA	RDBECOLIPMC03604	gdhAp	1842308		sigma70	RDBECOLITFC00128,RDBECOLITFC00093,RDBECOLITFC00093,RDBECOLITFC00076,RDBECOLITFC00076,RDBECOLITFC00189,RDBECOLITFC00135,RDBECOLITFC00135,RDBECOLITFC00135,RDBECOLITFC00135	FNR,Fur,Fur,ArgP,ArgP,CRP,Nac,Nac,Nac,Nac	b1761	1842371	1843714		Ecocyc:TU0-1201 
RDBECOLITUC03856	efp	RDBECOLIOPC01027	efp	RDBECOLIGNC02000	efp	RDBECOLIPMC00406	efpp	4375567		sigma70			b4147	4375699	4376265		Ecocyc:TU0-1222 
RDBECOLITUC03857	sugE	RDBECOLIOPC00230	sugE	RDBECOLIGNC01562	gdx	RDBECOLIPMC00407	sugEp	4376794					b4148	4376875	4377192		Ecocyc:TU0-1241 
RDBECOLITUC03858	chpSB	RDBECOLIOPC01685	chpSB	RDBECOLIGNC01997,RDBECOLIGNC01224	chpB;chpS	RDBECOLIPMC00409	chpSp2	4448428		sigma70			b4225;b4224	4448447	4449042		Ecocyc:TU0-1261 
RDBECOLITUC03859	yjjY	RDBECOLIOPC00732	yjjY	RDBECOLIGNC04689	yjjY								b4402	4640402	4640542		Ecocyc:TU0-12785 
RDBECOLITUC03860	citR-ybdNM	RDBECOLIOPC03270	citR-ybdNM	RDBECOLIGNC03207,RDBECOLIGNC03208,RDBECOLIGNC03209	ybdM;ybdN;citR						RDBECOLITFC00236	CitR	b0601;b0602;b0603	637618	634747		Ecocyc:TU0-194010 
RDBECOLITUC03861	asflhD	RDBECOLIOPC03122	asflhD	RDBECOLIGNC04741	asflhD	RDBECOLIPMC04048	asflhDp	1978176		sigma24			b4839	1978176	1978395		Ecocyc:TU0-198686 
RDBECOLITUC03862	stfZ	RDBECOLIOPC03399	stfZ	RDBECOLIGNC04742	stfZ	RDBECOLIPMC04049	stfZp3	105499		sigma24			b4840	105499	104948		Ecocyc:TU0-198687 
RDBECOLITUC03863	stfZ	RDBECOLIOPC03399	stfZ	RDBECOLIGNC04742	stfZ	RDBECOLIPMC04050	stfZp2	105421		sigma70			b4840	105499	104948		Ecocyc:TU0-198689 
RDBECOLITUC03864	stfZ	RDBECOLIOPC03399	stfZ	RDBECOLIGNC04742	stfZ	RDBECOLIPMC04051	stfZp1	105313		sigma70			b4840	105499	104948		Ecocyc:TU0-198690 
RDBECOLITUC03865	ameF	RDBECOLIOPC03260	ameF	RDBECOLIGNC04746	ameF	RDBECOLIPMC04052	ameFp	2911051					b4844	2911051	2911450		Ecocyc:TU0-198692 
RDBECOLITUC03866	mazE	RDBECOLIOPC03285	relA-mazEF	RDBECOLIGNC00563	mazE								b2783	2911339	2911091		Ecocyc:TU0-198693 
RDBECOLITUC03867	mazEF	RDBECOLIOPC03285	relA-mazEF	RDBECOLIGNC01223,RDBECOLIGNC00563	mazF;mazE								b2782;b2783	2911339	2910756		Ecocyc:TU0-198694 
RDBECOLITUC03868	xtpA	RDBECOLIOPC03199	xtpA	RDBECOLIGNC04747	xtpA	RDBECOLIPMC00733	xtpAp	345252		sigma70			b4845	345252	345434		Ecocyc:TU0-198695 
RDBECOLITUC03869	sfmAC	RDBECOLIOPC03415	sfmAC	RDBECOLIGNC03170,RDBECOLIGNC03169	sfmC;sfmA						RDBECOLITFC00238	FimZ	b0531;b0530	558212	559666		Ecocyc:TU0-198696 
RDBECOLITUC03870	oppA	RDBECOLIOPC03429	oppABCDF	RDBECOLIGNC00666	oppA	RDBECOLIPMC04053	oppAp2	1300916					b1243	1301182	1302813		Ecocyc:TU0-198697 
RDBECOLITUC03871	sad-glsB-yneG	RDBECOLIOPC03564	sad-glsB-yneG	RDBECOLIGNC03662,RDBECOLIGNC03663,RDBECOLIGNC03664	yneG;glsB;sad						RDBECOLITFC00237	PtrR	b1523;b1524;b1525	1614703	1611966		Ecocyc:TU0-198700 
RDBECOLITUC03872	yjcH-actP	RDBECOLIOPC03435	acs-yjcHG	RDBECOLIGNC01867,RDBECOLIGNC01868	actP;yjcH						RDBECOLITFC00093	Fur	b4067;b4068	4285213	4283253		Ecocyc:TU0-198701 
RDBECOLITUC03873	argF-xynR	RDBECOLIOPC03405	argF-xynR	RDBECOLIGNC03039,RDBECOLIGNC00063	xynR;argF						RDBECOLITFC00093	Fur	b0272;b0273	290305	288404		Ecocyc:TU0-198702 
RDBECOLITUC03874	dmsABC	RDBECOLIOPC03411	dmsABC	RDBECOLIGNC00228,RDBECOLIGNC00227,RDBECOLIGNC00226	dmsC;dmsB;dmsA						RDBECOLITFC00093	Fur	b0896;b0895;b0894	940959	944896		Ecocyc:TU0-198703 
RDBECOLITUC03875	glpFK	RDBECOLIOPC03416	glpFKX	RDBECOLIGNC00391,RDBECOLIGNC00389	glpK;glpF						RDBECOLITFC00093	Fur	b3926;b3927	4118090	4115714		Ecocyc:TU0-198704 
RDBECOLITUC03876	sdhCDAB	RDBECOLIOPC03446	sdhCDAB-sucABCD-sdhX	RDBECOLIGNC00920,RDBECOLIGNC00919,RDBECOLIGNC00922,RDBECOLIGNC00921	sdhB;sdhA;sdhD;sdhC						RDBECOLITFC00093,RDBECOLITFC00093	Fur,Fur	b0724;b0723;b0722;b0721	755177	758405		Ecocyc:TU0-198705 
RDBECOLITUC03877	manXYZ-yobD	RDBECOLIOPC03499	manXYZ-yobD	RDBECOLIGNC03848,RDBECOLIGNC00561,RDBECOLIGNC00560,RDBECOLIGNC00559	yobD;manZ;manY;manX						RDBECOLITFC00093	Fur	b1820;b1819;b1818;b1817	1902048	1905259		Ecocyc:TU0-198707 
RDBECOLITUC03878	tauABC	RDBECOLIOPC03327	tauABCD	RDBECOLIGNC03107,RDBECOLIGNC03106,RDBECOLIGNC03105	tauC;tauB;tauA						RDBECOLITFC00093	Fur	b0367;b0366;b0365	385232	387798		Ecocyc:TU0-198708 
RDBECOLITUC03879	ydfABC-dicFB-ydfD	RDBECOLIOPC03328	dicB-ydfDE-insD-intQ	RDBECOLIGNC01275,RDBECOLIGNC00221,RDBECOLIGNC02552,RDBECOLIGNC01274,RDBECOLIGNC01273,RDBECOLIGNC01272	ydfD;dicB;dicF;ydfC;ydfB;ydfA								b1576;b1575;b1574;b1573;b1572;b1571	1648508	1649985		Ecocyc:TU0-198710 
RDBECOLITUC03880	fepA-entD	RDBECOLIOPC03410	fepA-entD	RDBECOLIGNC00256,RDBECOLIGNC00287	entD;fepA						RDBECOLITFC00093	Fur	b0583;b0584	612494	609459		Ecocyc:TU0-198711 
RDBECOLITUC03881	fhuACDB	RDBECOLIOPC03419	fhuACDB	RDBECOLIGNC00297,RDBECOLIGNC00299,RDBECOLIGNC00298,RDBECOLIGNC00296	fhuB;fhuD;fhuC;fhuA						RDBECOLITFC00093,RDBECOLITFC00093	Fur,Fur	b0153;b0152;b0151;b0150	167484	173444		Ecocyc:TU0-198712 
RDBECOLITUC03882	glnLG	RDBECOLIOPC03321	glnAZLG	RDBECOLIGNC00378,RDBECOLIGNC00380	glnG;glnL						RDBECOLITFC00093	Fur	b3868;b3869	4056339	4053869		Ecocyc:TU0-198713 
RDBECOLITUC03883	dppBCDF	RDBECOLIOPC03305	dppABCDF	RDBECOLIGNC02335,RDBECOLIGNC02334,RDBECOLIGNC02333,RDBECOLIGNC02332	dppF;dppD;dppC;dppB						RDBECOLITFC00093	Fur	b3540;b3541;b3542;b3543	3705790	3701864		Ecocyc:TU0-198714 
RDBECOLITUC03884	asphoP	RDBECOLIOPC03524	asphoP	RDBECOLIGNC04745	asphoP								b4843	1190165	1190508		Ecocyc:TU0-198717 
RDBECOLITUC03885	och5	RDBECOLIOPC03508	och5	RDBECOLIGNC02710	och5									3067187	3067344		Ecocyc:TU0-198718 
RDBECOLITUC03886	sokE	RDBECOLIOPC03492	sokE	RDBECOLIGNC04736	sokE								b4835	607792	607733		Ecocyc:TU0-198719 
RDBECOLITUC03887	yecV	RDBECOLIOPC03506	yecV	RDBECOLIGNC02826	yecV								b4778	1961881	1961837		Ecocyc:TU0-198720 
RDBECOLITUC03888	yjbS	RDBECOLIOPC03511	yjbS	RDBECOLIGNC02667	yjbS								b4621	4269012	4268809		Ecocyc:TU0-198721 
RDBECOLITUC03889	yjbT	RDBECOLIOPC03496	yjbT	RDBECOLIGNC02666	yjbT								b4620	4240055	4239777		Ecocyc:TU0-198722 
RDBECOLITUC03890	ykgS	RDBECOLIOPC03534	ykgS	RDBECOLIGNC02753	ykgS								b4688	290510	290638		Ecocyc:TU0-198723 
RDBECOLITUC03891	ykiC	RDBECOLIOPC03497	ykiC	RDBECOLIGNC02786	ykiC								b4731	383960	384079		Ecocyc:TU0-198724 
RDBECOLITUC03892	ylcI	RDBECOLIOPC03493	ylcI	RDBECOLIGNC02646	ylcI								b4589	580445	580251		Ecocyc:TU0-198725 
RDBECOLITUC03893	ymdG	RDBECOLIOPC03502	ymdG	RDBECOLIGNC02792	ymdG								b4737	1079120	1079146		Ecocyc:TU0-198726 
RDBECOLITUC03894	ymiB	RDBECOLIOPC03495	ymiB	RDBECOLIGNC02752	ymiB								b4672	1346796	1346900		Ecocyc:TU0-198727 
RDBECOLITUC03895	ymiD	RDBECOLIOPC03546	ymiD	RDBECOLIGNC02820	ymiD								b4772	1344647	1344775		Ecocyc:TU0-198728 
RDBECOLITUC03896	ynbG	RDBECOLIOPC03521	ynbG	RDBECOLIGNC02687	ynbG								b4674	1465230	1465165		Ecocyc:TU0-198729 
RDBECOLITUC03897	yncO	RDBECOLIOPC03514	yncO	RDBECOLIGNC02799	yncO								b4745	1530504	1530319		Ecocyc:TU0-198730 
RDBECOLITUC03898	yneP	RDBECOLIOPC03518	yneP	RDBECOLIGNC02801	yneP								b4747	1579545	1579667		Ecocyc:TU0-198731 
RDBECOLITUC03899	yfiS	RDBECOLIOPC03520	yfiS	RDBECOLIGNC02831	yfiS								b4783	2725925	2725987		Ecocyc:TU0-198732 
RDBECOLITUC03900	ynfU	RDBECOLIOPC03489	ynfU	RDBECOLIGNC02824	ynfU								b4776	1640805	1640975		Ecocyc:TU0-198733 
RDBECOLITUC03901	yoaM	RDBECOLIOPC03500	yoaM	RDBECOLIGNC02827	yoaM								b4779	2347385	2347350		Ecocyc:TU0-198734 
RDBECOLITUC03902	yohP	RDBECOLIOPC03491	yohP	RDBECOLIGNC02693	yohP								b4679	2228982	2229065		Ecocyc:TU0-198735 
RDBECOLITUC03903	yqfH	RDBECOLIOPC03490	yqfH	RDBECOLIGNC02807	yqfH								b4753	3033010	3032939		Ecocyc:TU0-198736 
RDBECOLITUC03904	yqfI	RDBECOLIOPC03504	yqfI	RDBECOLIGNC02808	yqfI								b4754	3050958	3051041		Ecocyc:TU0-198737 
RDBECOLITUC03905	yqhJ	RDBECOLIOPC03515	yqhJ	RDBECOLIGNC02834	yqhJ								b4786	3111266	3111325		Ecocyc:TU0-198738 
RDBECOLITUC03906	ysdE	RDBECOLIOPC03549	ysdE	RDBECOLIGNC02846	ysdE								b4798	3853840	3853766		Ecocyc:TU0-198739 
RDBECOLITUC03907	yqjD	RDBECOLIOPC03531	yqjCDEK	RDBECOLIGNC04412	yqjD	RDBECOLIPMC04055	yqjDp	3249270		sigma28			b3098	3249375	3249680		Ecocyc:TU0-198740 
RDBECOLITUC03908	proV	RDBECOLIOPC03604	proVWX	RDBECOLIGNC00761	proV				RDBECOLITMC00372				b2677	2804815	2806017	2806369-2806382	Ecocyc:TU0-198742 
RDBECOLITUC03909	proW	RDBECOLIOPC03604	proVWX	RDBECOLIGNC00762	proW				RDBECOLITMC00373				b2678	2806010	2807074	2807084-2807102	Ecocyc:TU0-198743 
RDBECOLITUC03910	proX	RDBECOLIOPC03604	proVWX	RDBECOLIGNC00763	proX	RDBECOLIPMC04057	proXp	2806878					b2679	2807132	2808124		Ecocyc:TU0-198744 
RDBECOLITUC03911	nikABCDER	RDBECOLIOPC03577	nikABCDER	RDBECOLIGNC01472,RDBECOLIGNC01981,RDBECOLIGNC01980,RDBECOLIGNC01979,RDBECOLIGNC01978,RDBECOLIGNC01977	nikR;nikE;nikD;nikC;nikB;nikA						RDBECOLITFC00057	Cra	b3481;b3480;b3479;b3478;b3477;b3476	3613667	3618989		Ecocyc:TU0-198745 
RDBECOLITUC03912	nuoABCEFGHIJKLMN	RDBECOLIOPC03562	nuoABCEFGHIJKLMN	RDBECOLIGNC01994,RDBECOLIGNC01705,RDBECOLIGNC01993,RDBECOLIGNC01992,RDBECOLIGNC01991,RDBECOLIGNC01990,RDBECOLIGNC01989,RDBECOLIGNC01988,RDBECOLIGNC01706,RDBECOLIGNC01987,RDBECOLIGNC01986,RDBECOLIGNC01985,RDBECOLIGNC01984	nuoN;nuoM;nuoL;nuoK;nuoJ;nuoI;nuoH;nuoG;nuoF;nuoE;nuoC;nuoB;nuoA						RDBECOLITFC00057	Cra	b2276;b2277;b2278;b2279;b2280;b2281;b2282;b2283;b2284;b2285;b2286;b2287;b2288	2405072	2390048		Ecocyc:TU0-198746 
RDBECOLITUC03913	hisGDCBHAFI	RDBECOLIOPC03589	hisLGDCBHAFI	RDBECOLIGNC00444,RDBECOLIGNC00441,RDBECOLIGNC00437,RDBECOLIGNC00443,RDBECOLIGNC00438,RDBECOLIGNC00439,RDBECOLIGNC00440,RDBECOLIGNC00442	hisI;hisF;hisA;hisH;hisB;hisC;hisD;hisG						RDBECOLITFC00057,RDBECOLITFC00057	Cra,Cra	b2026;b2025;b2024;b2023;b2022;b2021;b2020;b2019	2090192	2097225		Ecocyc:TU0-198747 
RDBECOLITUC03914	hpf-ptsN	RDBECOLIOPC03605	lptAB-rpoN-hpf-ptsN-rapZ-npr	RDBECOLIGNC01623,RDBECOLIGNC01622	ptsN;hpf	RDBECOLIPMC04058	hpfp	3346078					b3204;b3203	3346173	3347069		Ecocyc:TU0-198865 
RDBECOLITUC03915	lptAB-rpoN-hpf-ptsN-rapZ-npr	RDBECOLIOPC03605	lptAB-rpoN-hpf-ptsN-rapZ-npr	RDBECOLIGNC02042,RDBECOLIGNC02041,RDBECOLIGNC01623,RDBECOLIGNC01622,RDBECOLIGNC00888,RDBECOLIGNC01621,RDBECOLIGNC04460	npr;rapZ;ptsN;hpf;rpoN;lptB;lptA	RDBECOLIPMC03038	lptAp1	3343326		sigma24			b3206;b3205;b3204;b3203;b3202;b3201;b3200	3343380	3348238		Ecocyc:TU0-198866
